date,content,score
2026-07-26 18:31:07,"we had the oldest plane ever! YYZ to Calgary with no plugs, no TV and no business class. you can do better AC",3
2026-07-26 14:20:46,"Please, I make my flight purchase partly based on the seat availability and the selections are made two months ago. Now a week before departure, it showed up on the AC app as if I have not made any seat selection.",2
2026-07-26 12:01:57,I have a Google Pixel 10a and a Canadian passport but it still never scans the passport picture and never scans passport chip. Super frustrating and wastes my time having to manually go to a counter to get my boarding pass.,1
2026-07-26 07:54:34,very easy and informative app,5
2026-07-26 06:01:57,Why do I need to manually provide all flight details to check my baggage allowance? In the website it is working fine.,2
2026-07-25 13:53:34,Perfect app. Very helpful.,5
2026-07-24 16:33:36,Useful app.,5
2026-07-23 16:58:29,smooth service,5
2026-07-23 14:32:06,easy planning and up-to-date,5
2026-07-22 17:36:41,Great app - best airline app I've used,5
2026-07-22 12:00:21,it seems almost every airline has reduce leg room between seats in economy class and maybe premium economy and business class out of reach for most travelers..,3
2026-07-22 00:51:15,"I used Air Canada for the past 30 years and I always had a mix feeling about it. Sometimes they are perfect and sometimes they are so bad that you decide to never use them again. sometimes they have good prices and sometimes they are the most expensive one. This time I decided to use the app and book a flight for our family of 4 from Toronto to LA. It took me less than 10 minutes to search, find a good deal, select and purchase! It was amazing. I hope they keep it this way.",5
2026-07-21 22:23:51,"After waiting 45 minutes at baggage claim when I arrived in Vancouver from Calgary, I find out my suitcase was left in Calgary. I go speak to an agent, file a report, and download the app to be sure. Now, on Tuesday, MY BAG IS STILL NOT DELIVERED, but for the past day and a half, anytime I check the app for an update, it shows it's still in transit and logs out on its own. HOW IS IT STILL IN TRANSIT 3 DAYS LATER?!? This is absolutely ridiculous and unacceptable!!!",1
2026-07-20 10:20:17,use mobile a/c app easy to navigate,5
2026-07-20 06:55:03,The Best Airline,5
2026-07-19 17:43:57,love it,5
2026-07-19 01:09:47,good luck,5
2026-07-18 21:55:20,"better, much improved",5
2026-07-18 20:16:18,No other carrier has a website or app anywhere close to Air Canada one in performance or quality. This app is amazing in every regard. One of the reasons I prefer Air Canada over others is because of this app.,5
2026-07-18 13:41:14,This is useful if you would rather check in at the desk because this app eternally does not work. If the developer is reading. I'm on an Air Canada flight that also uses a United flight for the second leg. I'm prompted to login to my United account and upon the login when prompted with a 2 layer security text I enter the text but the page never finishes loading. Other websites work fine air Canada page is the issue. I also tried logging in using the confirmation # but this also doesn't work,1
2026-07-18 10:37:32,very good,5
2026-07-18 08:58:02,Excellent,5
2026-07-17 17:51:07,log in button not responsive. unable to navigate app. Unable to use app. Forced to use laptop. I wish i had not set up aeroplan on my credit card,1
2026-07-17 14:03:50,"Delayed flights, uncovered additional expenses and poor customer service. Beware if you decide to fly with Air Canada as it may cost you no small amount for delays that they are unwilling to assist with.",1
2026-07-17 12:22:02,"AirCanada comfortable seats, nice legroom, friendly attendants, and a good flight",5
2026-07-17 02:39:30,easy to use and stay up to date,5
2026-07-16 15:07:57,A great tool to track and plan your booking/reservation properly.,5
2026-07-16 12:09:33,very easy to use.,5
2026-07-14 19:00:06,Great leg room and excellent food,5
2026-07-14 16:42:10,Wish I could leave negative stars. Everything about Air Canada is useless. Fly with ANY other airline.,1
2026-07-14 09:47:27,smooth process,5
2026-07-14 06:36:46,"I always fly Air Canada. I fly quite a bit last two year, excellent service, polite, helpful, texting me during international trips with instructions and baggage tracking",5
2026-07-13 16:15:09,"Smooth, reliable, and so easy to use that anyone can master it in minutes.",5
2026-07-13 09:06:18,very good flight and inboard service.,5
2026-07-13 08:09:05,"Update has made it too confusing to use. The old version was much easier to use. Too many sub menus. Information is difficult to find. It's visually busy and not intuitive. It does not update to show current flight status properly. Often flights show ""boarding soon"" after they've departed etc.",3
2026-07-12 19:04:36,This is a great app and gets fine tuned through consistent upgrades,5
2026-07-12 16:11:16,"Just stops working. No reason, just works one day, then the next just a black screen with the AC logo. Uninstalling and reinstalling works sometimes. But when you need it, like at the airport, forget it. It won't get past the logo screen.",1
2026-07-11 23:51:29,Very easy and comfortable to use.,5
2026-07-11 17:09:31,"Update 11 Jul 2026. Yet again another update that messes up the UI experience, bombards you with ads, but doesn't actually function as a useful app. Far too many bugs, glitches, and inability to do things in the app, thus having to switch to the website, to name. It is a true shame the developers cannot put out a functioning app. Their backroom IT is appalling.",1
2026-07-10 21:20:44,my only complaint is the flight is delayed all the time its like normal,5
2026-07-10 09:30:38,you need thousands of air miles to get any discount so I stopped using my CC it's not worth the hassle.,3
2026-07-08 17:56:21,it's OK. don't make us wait a month to see aeroplan points and you'll get 5 stars,4
2026-07-07 09:50:07,"So far, the app has delivered in terms of service and delivery of timely information. At this time I have no complaints.",5
2026-07-07 09:32:47,"excellent airline travel app. lots of useful information, especially for airports that I don't frequently use. clean design and timely information.",5
2026-07-06 21:07:19,doesn't open.keeps saying install. I reinstalled.no better.useless,1
2026-07-05 15:10:48,Best airline app ever.,5
2026-07-05 15:04:49,Fantastic experience yet again!,5
2026-07-05 14:12:56,Excellent app easy to use.,5
2026-07-04 20:18:20,"Professional, focusing on punctuality, passanger safety and confort.",4
2026-07-04 09:51:28,"this ""app"" absolutely price at the register. dont believe me? book the same ticket, same time as a guest on a different computer. Effectively save money on internation travel by having nothing to do with aeroplan.",1
2026-07-04 06:55:46,very good other than trying to navigate sometimes. says my itinerary has changed but when I go in it says there are no changes.,4
2026-07-03 17:39:35,make it user friendly,2
2026-07-03 14:31:51,app still won't load,1
2026-07-03 12:40:18,"This app is user friendly, provide constant updates when traveling and most of all it's a finger tip away.",5
2026-07-01 19:00:26,app not compatible,1
2026-07-01 13:17:09,easy to find options,5
2026-07-01 10:11:38,Great way to track luggage and flights. Get boarding passes electronically. Receive flight updates.,5
2026-06-30 20:45:46,"This was the first time, we had flown with Air Canada. The experience was fantastic, from the courteous staff, to the leg room, the food and punctuality. Will definitely use again. Thank you",5
2026-06-30 13:03:37,Compared to other Canadian airlines the Air Canada app is by far the best.,5
2026-06-30 10:20:29,"Good user interface and usability, it would be nice to be able to see past trips as well.",5
2026-06-30 10:00:29,I've traveled up & down North America using business class with Delta & United.. my first time flying with Air Canada and the CUSTOMER SERVICE WAS BY FAR THE BEST EXPERIENCE ON A PLANE in DECADES.. I live close to the Canadian border and if Air Canada flies to my destination.. I'll travel ONLY use Air Canada.. there was that much of a difference in airlines..!! thank you,5
2026-06-30 08:03:55,This is an excellent feature offered by Air Canada.,5
2026-06-30 04:54:32,Comfortable Journey,5
2026-06-27 19:39:42,App no longer works. It does not show my next trip at all. App will not accept my booking number,1
2026-06-26 19:25:35,Love the baggage tracking feature!,5
2026-06-26 07:25:29,"Overall works well, some features are not available unless you sign into the website, which kind of defeats the purpose of the app.",4
2026-06-26 00:04:57,The app is infinitely better than the airline's operations. Everything relevant to a passenger is accessible on the app. The UX is unexpectedly great.,5
2026-06-25 19:44:51,Great,5
2026-06-25 12:29:39,Easier than most,5
2026-06-25 09:22:55,the check in never seems to work.,2
2026-06-25 02:42:53,"Very bad experience with this app. I checked in online, but it has been stuck on “Finishing up” while loading my boarding pass for over 4 hours. I arrived at the airport, got my boarding pass printed, and my flight departs in 30 minutes — yet the app is still ""finishing up."" 🤦🏼🤦🏼🤦🏼🤦🏼",1
2026-06-25 00:33:41,Good,4
2026-06-24 19:26:26,awesome,5
2026-06-24 05:05:22,excellent customer care. comfortable flights. clear and updated information using app.,5
2026-06-23 15:05:38,terrible experience.,1
2026-06-22 06:01:41,After 10 years the app still doesn't track bags properly. Useless.,1
2026-06-22 05:34:18,app barely even works,1
2026-06-21 14:23:37,had a great flight journey with Air Canada,5
2026-06-21 09:45:10,"I fly Air Canada all the time, at least 1 flight a week at the moment and I almost always find the staff to be friendly and helpful. iv had some very poor service from other US based airlines but not AC. their short hop fleet is in need of replacement but the rest of the fleet is usually clean and exactly what you pay for.",5
2026-06-19 21:26:00,"been using it for over 10 years, and the upgrades just keep making it better.",4
2026-06-19 06:31:27,Such a great App! So impressive the amount of things this offers with Air Canada!,5
2026-06-18 21:15:05,"well I was actually very disappointed in our Air Canada experience in terms of the Jets we were assigned to fly on. My wife and I will be filing a compensation claim since all four legs of our flights to and from the United States were on downgraded jets that had smaller capacity, fewer amenities and generally were not as nice as the regular Air Canada Jets. apparently we are not alone since Air Canada does this quite often and it's actually a term now - ""Getting Rouged""!",3
2026-06-18 17:28:44,always encounter helpful and friendly staff. crew. etc.,5
2026-06-17 17:41:52,"The app is very easy to use, and it has all the information you need for your flight.",5
2026-06-16 17:47:26,"To log in through the app, you must download and use a browser they want. Useless without being able to login. Logging in directly on the browser I want works fine. This design choice is lazy and sloppy.",1
2026-06-15 17:27:33,aircanada is extremely good,5
2026-06-15 17:08:38,"Excellent app, excellent updates, excellent service! and I will be in the AC MILLION MILE CLUB after my Next flight!",5
2026-06-15 11:03:42,doesn't work properly,1
2026-06-15 02:45:11,I've been traveling by Air Canada for years. I trust this airline 💯,5
2026-06-14 19:35:29,Bagge not delivered on time... took almost 30hours to be delivered,3
2026-06-13 15:03:26,Love Air Canada! Keep up the great work!,5
2026-06-12 12:33:42,excellent Good job,5
2026-06-12 11:49:55,Efficient service friendly stall helpful,5
2026-06-12 01:42:10,Wish it still worked on my device. The update from the beginning of the year locked me out of most of the app,2
2026-06-11 18:34:59,It works great. I don't use the web version anymore,5
2026-06-11 11:38:07,"Easy to book online. On previous AC flights, I've had several unpleasant delays. Hope this one works out.",5
2026-06-11 08:04:24,love the fast jets,5
2026-06-10 23:40:47,Air Canada App is very easy to use with sufficient security. Informations are updated in timely manner. Communication to passengers is prompt and clear.,5
2026-06-09 18:34:03,excellent,5
2026-06-09 17:53:42,Clean and modern airline app. Good for checking points balance and managing boarding passes.,5
2026-06-09 05:51:12,Might be... good for inland flights... but for international code shares its a total mess :),2
2026-06-08 17:31:43,Easy to book.,5
2026-06-08 16:16:14,Best bag tracking and update notifs.,5
2026-06-08 14:37:09,"Recent journey from LHR through to Kelowna, connecting at Vancouver - despite the stormy weather impacted on leaving on time from Heathrow and the mechanical fault of a plane earlier in the day, with the connecting flight, creating a domino effect on scheduled leaving times - the app kept me informed of changing times, and sms messages. The staff at LHR, on the plane and at the connecting airport to final destination, I couldn't fault them, credit where credit is due. :)",5
2026-06-07 00:44:39,"I've flown all over the world and dealt with plenty of airlines, and Air Canada stands out for the wrong reasons. Two problems made this trip miserable. First, my fare allowed no carry-on at all, which meant everything had to be checked and I was left with nothing on board for a long flight. That restriction was not made clear when I booked. Second, and worse: I tried to change my seat to an exit row and could not reach a single human being to do it. I spent over five hours on the phone.",1
2026-06-06 23:31:45,"It's alright, as an airline app. Though it does leave a personally bad taste to have an optional pride app icon while not having a nickname or preferred name option for general UI. its understandable for legal names to be required for tickets and related information and services, but it is personally annoying for the app to lack any other display name beyond a legal government name",4
2026-06-06 18:56:04,on time with our luggage,5
2026-06-05 20:32:04,"Air Canada is so disorganized. 2 flights delayed, and delayed until canceled. No communication was offered whatsoever while we waited for 5h and so. Then, after canceling and hotel voucher was offered, and supposedly the shuttles to the hotel were nowhere to be found. We paid Uber to go, to get some rest and few hours of sleep. next day, the same thing? Very disappointing, either was AC or YYZ. I will definitely avoid both from now on.",1
2026-06-05 07:28:38,Great flexible options & other perks!,5
2026-06-04 22:40:38,This was my second time using Air Canada and this time was an excellent experience. The customer service was great and the plane was pleasant.,4
2026-06-04 19:50:08,Easy to navigate through. Good to have all necessary information in one place.,4
2026-06-04 12:24:19,Works well!!,5
2026-06-03 19:36:45,"Keeps freezing at login. And I don't know who thought it was cool to split the login screen in half where it becomes difficult to see all the info. Checki-in process terrible. Go back and it logs you out. Try to upgrade then go back, you have to restart the check in process.",2
2026-06-03 14:04:19,"works well, polished experience",5
2026-06-03 09:02:40,step by step updates on boarding and bag location. very helpful. Great staff too. always very friendly and efficient.,5
2026-06-03 03:04:40,all on time,5
2026-06-02 17:46:53,excellent,5
2026-06-02 06:28:54,I can't load your app on my Samsung S9+,1
2026-06-02 05:13:00,Great air line,5
2026-06-01 21:21:28,was a great flight for my second time flying. all the staff was nice,5
2026-05-31 23:54:11,fantastic flight and on time,5
2026-05-31 18:01:18,Developers blocked my OS or phone version. App is useless now.,1
2026-05-31 16:49:36,always clear information,5
2026-05-28 22:06:28,will not engage and work with current version.,1
2026-05-28 07:36:23,both my flights were early to board. the first one was also early taking off and arriving at my first stop.,5
2026-05-27 22:09:36,very easy to use,5
2026-05-27 13:50:38,logged in with 2fa it worked. then when enabling family sharing it says 2fa wasnt enabled. then broke.,1
2026-05-26 15:43:49,"fraudulent and misleading communications. terrible customer service from Vito Zullo. acknowledging Air Canada made a mistake he simply stated deal with customer support, it's a problem with ""our"" IT department. No offer for a solution, no apology.",1
2026-05-26 09:05:53,very disappointed that my tablet can no longer run this app and upgrade on my samsung. I like having this when I travel.,1
2026-05-26 04:01:08,No way to cancel / remove 'membership' online,1
2026-05-26 00:28:11,very nice I like,5
2026-05-24 18:13:01,just Excellent,5
2026-05-24 14:03:24,Amazing,5
2026-05-24 14:02:02,"The Innital App is okay but there is one important problem. The app is not letting me sign in to my Aeroplan account. I put in my email and password, and when I click log in, it gives me the loading gear symbol. After that, the symbol just disappears and I am not logged in. Air Canada, please fix this.",2
2026-05-24 03:58:35,"Totally decent, if maybe a little unresponsive",4
2026-05-23 19:56:10,These people are the BEST!,5
2026-05-23 07:17:40,very difficult to set up struggling to do so,4
2026-05-22 17:09:57,very good,5
2026-05-22 12:22:29,the simplest way to book your flights,5
2026-05-22 09:18:59,easy to use and navigate.,5
2026-05-21 23:51:08,APS works great but often opens a browser to log in again for many options. mostly Aeroplan and e-upgrades . tedious,4
2026-05-21 11:00:38,"This App is one of the best in the industry, easy to navigate and secure.",5
2026-05-20 21:11:00,fantastic on bag tracking app,4
2026-05-20 20:50:05,"User friendly, well designed for fast and easy searches.",5
2026-05-19 18:32:40,Great people do Thier best to accommodate.,5
2026-05-19 14:43:23,Updates on baggage tracking are very helpful.,5
2026-05-18 11:05:44,Responsible and Professional with everything at easy reach through AC application.,5
2026-05-17 15:50:53,Air Canada app is a great tool. provides current information and updates. Great comfort for passengers.,5
2026-05-17 15:00:09,"This app worked in the past, but after the latest update nothing works... can't scan boarding passes, check flight status, add a trip... It's totally useless.",1
2026-05-17 09:13:43,comfortable and courteous,5
2026-05-17 06:02:23,the best airline app I've see so far,5
2026-05-16 15:17:34,App would not allow me to remove it from my screen. It blocked usage of my cell phone!,1
2026-05-15 15:35:52,lI ove it baggage tracking app and how my baggage is checked all the way through to my end destination.,5
2026-05-15 07:58:35,nice trip,5
2026-05-14 20:39:09,Clean UI/UX,5
2026-05-14 13:16:41,Great smiles and customer service,4
2026-05-12 23:16:27,food quantity is very low,4
2026-05-12 20:54:26,"#Update 2026-05-12: I appreciate the quick response from developer. 1. All my other apps from banks, other airlines, etc. work on my phone released in August 2019. So, removing the support for Android 11 seems unnecessary. 2. Yes, I used the web page instead: it was useful but not the same as the app. #Original message: Disappointed that this app is no longer compatible with my Android 11 phone. An utility app shall serve as many people as possible. All my bank apps work,",1
2026-05-11 15:44:35,haven't bin able to use aeroplan in like 2 months had an updates says its no longer compatible with my device,1
2026-05-11 11:35:04,"no longer compatible with my cellular device, thank you, how intelligent to exclude some of your long term customers",1
2026-05-10 15:02:58,Fantastic and effective communication with customer!,5
2026-05-09 10:18:22,"Very useful during my trip , thank you , great job",5
2026-05-06 22:51:21,on my recent code shared flight with Lufthansa from YYZ to MUC the gate info was not up to date. My printed out boarding pass had the wrong gate info as well - it was confusing and frustrating. B-gate in Toronto: the signage could be improved. In the end I made it but felt really stressed.,4
2026-05-06 20:41:59,"I just can't sign in, so frustrating",1
2026-05-06 17:44:29,air Canada's app is not designed for my 2 year old phone. How could it be any crappier?,1
2026-05-06 11:33:57,Easy and Efficient Service,5
2026-05-06 10:48:31,When this be available on my tablet?,1
2026-05-05 14:16:07,"I admit that my phone is old. It is a Motorola One 5G Ace. However, before the December update it worked fine with this app. I saw the issue was due to the app assuming some android phones were tablets, and it was resolved for some of them. I reached out to their help desk via email weeks ago and have heard nothing back. It is disappointing that I can no longer use the app for my upcoming travels, especially considering Air Canada's app is the only one taking issue with my phone.",1
2026-05-05 11:29:22,"App works well and has good functionality. Previous high cpu drain issue fixed. Have noticed that sometimes staff have trouble scanning QR code on boarding pass in app, even on high brightness. possibly just an issue with scanners.",5
2026-05-04 08:01:18,"honestly the best airline app I've used, first time flying internationally to Canada and the experience was a breeze thanks to easy access to all vital information and tracking your luggage. Honestly 10/10",5
2026-05-03 20:16:25,"After selecting my flight and adding payment info, the app has been spinning for over 20 minutes with a screen stating ""We are working on your reservation..."". Prior to this, I let it spin at this screen for over 5 minutes before cancelling out and restarting the transaction. I guess Air Canada doesn't really want me to fly with them. 👎",1
2026-05-02 17:31:03,app doesn't work,1
2026-05-01 23:31:37,"updated: hello, yt? What is this whole thing about needing google or firefox to sign in? Don't you know how to write an app properly? Why not Microsoft Edge or the default browser, whichever it is? Why not builtin signin rather than external browser, like they have in other countries?",1
2026-05-01 19:52:59,why does this even exist? this is garbage. literally everything you click just takes you online to the website where everything takes forever to load. so stupid,1
2026-04-30 17:51:22,Still unavailable due to incompatibility,1
2026-04-30 16:30:59,does this app ever work?,1
2026-04-30 13:09:24,"Not buying a new phone just to use this mid app lol. Fire your software devs for trying to fix what wasn't broken, and making your service inaccessible to many in the process",1
2026-04-29 18:36:39,BS not compatible with your device,1
2026-04-29 16:48:42,how to bypass not compatible,1
2026-04-29 10:22:13,"BUG - unable to access retailers via the mobile app under the offers section. links are STILL broken... this has been months now why is Air Canada not fixing this?! Error code: Pretty-print {""error"":""invalid_request"", ""error_description"":""Missing/Invalid required parameters: DeviceId",1
2026-04-28 19:43:33,"Passport scanning feature does not work, the camera scan doesn't work on my galaxy s25, while the chip scan does not work on an iPhone 17. Boarding passes shouldn't be locked behind a non functioning feature.",1
2026-04-28 10:54:31,"Does not work. Designed for AC, not users. Why is there no zero star option?",1
2026-04-27 16:51:59,"Weird after update, checking in or managing flight opens up a little half screen window that's almost unusable. Also, now I can't scan my passport at check-in, camera and overlay opens but won't do anything.",1
2026-04-27 15:44:59,My phone is old but it's still perfect. I'm not going to buy a new phone just for this app.,1
2026-04-27 05:12:46,Very informative! Better app experience than those of other airlines!,5
2026-04-26 19:59:03,new update is apparently no longer compatible with my phone,1
2026-04-26 06:37:24,"non Compatible with Android 13. garbage developers, most travelers using this app are not teenage girls that get a new iPad every 6 months. as a former enterprise programmer backwards compatibility is a must.",1
2026-04-24 10:43:46,frustrating,1
2026-04-23 18:06:03,"I have used this app for years, frequent traveling and never any issues. Latest update, it is completely non-functioning. Searches, boarding passes, trips, none of them load, all unexpected errors. Submitted requests for support and no responses so far. It has made traveling with AC much more difficult. Reinstalls, cache clearing and restarts do nothing to resolve the issues. back to website and paper boarding passes, but starting to avoid AC now as a result.",1
2026-04-23 11:49:26,"The app itself is quite horrendously designed, an app should reduce the amount of foot steps you need to take to access information. This app redirects you to a web page to continue any kind of changes, it also makes you sign in even though you are signed into the app, the icing on the cake is that even if you are signed in it still wont show you your flight you must search it. Needs a lot of improvements.",1
2026-04-22 22:11:00,it ďoes not work with my Samsung phone,1
2026-04-22 16:42:27,"never got it to do anything, quite frustrating.",1
2026-04-20 21:47:00,The app worked seamlessly - - can't ask for anything more!,5
2026-04-20 19:14:08,"new to it, can't find my $300 credit.",3
2026-04-19 14:33:41,"Excellent app, responsive and no comparison when compared to other airline apps.... well done air Canada",5
2026-04-18 19:29:55,It is very friendly to use navigate through. Even for ppl who are not tech savvy ppl. thanks Air Canada,5
2026-04-18 17:38:54,The app is good however it no longer functions on my android tablet. Very unacceptable Air Canada.,1
2026-04-18 16:58:09,no compatibility.,1
2026-04-18 08:00:58,"Interface takes you to website which requires re-login, often doesn't find reservation, seat changes don't post. This things a mess.",2
2026-04-17 12:17:59,Super handy app. Very convenient for travel.,5
2026-04-17 10:58:44,Android 11 not supported for this version. very disappointed to find this out. The upgrade fails and a message appears stating This app is no longer compatible with your device. Contact developers for more info. A few other reviews have also had the same experience. However the developers have failed to respond. As I now can't use the app I will use an alternative airline.,1
2026-04-16 21:32:35,stopped working in the last week or two on my Xiaomi mi9t. no idea why.,1
2026-04-15 15:29:00,love you air canada 🇨🇦 ❤️,5
2026-04-15 08:53:46,Easy to navigate site. It covers and delivers so much important info for the traveler.,5
2026-04-14 23:46:29,Forces me to update to a version I cannot download because my phone is not supported. It worked fine before the update. Unusable.,1
2026-04-14 16:01:11,"Great flight, great crew! A very good experience this time.",5
2026-04-14 14:04:03,Air Canada app using 18% of my battery even though I am not using app. Uninstalled.,1
2026-04-14 02:03:42,loved it.,5
2026-04-13 17:57:08,Great attention to detail,5
2026-04-13 09:33:54,great app.,5
2026-04-13 02:56:43,Fast and efficient,5
2026-04-12 21:36:47,"I like using the app to fly, but it was using so much battery on my phone running in the background (on days I didn't fly or open the app!) that I had to uninstall it. Please fix your app so I can reinstall it! (Reply to developer) I am on the latest official version of Android 16 - not the beta. When I uninstalled the Air Canada app, my battery issue was completely resolved. You can see from other reviews that I'm not the only one talking about this!",1
2026-04-12 08:11:19,A very user friendly app. Easy to navigate.,5
2026-04-10 16:29:26,"our flight was delayed (what's new, am I right?) and we'll have to stay overnight before catching our connection, but I must say AC has come a long way in providing a proactive, seamless automatic resolution to these occurrences via the app; the only thing we had to do was select which hotel to stay at and what to eat with our meal vouchers. it's a much better world than it was 10 years ago!",5
2026-04-10 14:24:15,"can you add the booking number to the app (253xxxx3) rather than grabbing it off the travel document, we had to call the Air Canada Rep and he couldn't help without that number.. very frustrating",5
2026-04-10 08:32:30,"App not compatible with my device. Need to keep these running for people who have well functioning, older but still reasonably new phones",1
2026-04-09 23:55:36,carry-on checked baggage was damaged.,3
2026-04-09 20:02:11,Wonderful experience.,5
2026-04-09 13:59:30,android 11 too old. I don't think so.,1
2026-04-09 05:28:15,crashed several times. (April 2026),3
2026-04-09 01:48:37,Let me use whatever browser I want for logging in,1
2026-04-08 10:55:18,"Helped me change my flight when I was panicked in Paris! Thank you all, you have a great team.",5
2026-04-08 07:54:17,"tried creating account, booking flight, spent 2 hours and everytime i filled details app said error and please refresh page. something wrong today or perhaps this is as good as it can be",1
2026-04-07 17:14:02,Great service,5
2026-04-07 12:24:30,had good experiences flying Halifax to Fort Myers today. Air Canada app was very helpful and their bag tracking with the app is great.,5
2026-04-06 18:19:38,useful,5
2026-04-06 15:12:33,user friendly and informative app with instant updates,5
2026-04-06 12:10:13,"Slow and unresponsive app. Won't let you log in, making it completely useless.",1
2026-04-05 17:16:08,love the countdown to my trips on the app. plus updates for any changes,5
2026-04-05 08:43:25,"Massive battery drain overnight. 43% usage while I slept. My settings are on restricted background use and I haven't opened the app in weeks. If I didn't need it for a flight next month, I'd be uninstalling. Fix the last update!",1
2026-04-04 21:59:54,Good,5
2026-04-04 11:06:52,the earning points is so slow and nothing more offee,1
2026-04-04 01:14:05,my phone is only a few years old and you are already telling me that it no longer works with your app. frankly this is unacceptable.,1
2026-04-03 19:43:36,App updated and no longer compatible with my good phone. Was already super slow loading each page before. Not user friendly in every way possible.,1
2026-04-03 13:46:41,the app is ok but the company is the worst airline I have ever used. I fly multiple times per year with air Canada and I have not had a flight which wasn't delayed or cancelled yet. And they always say its because of the weather (even if all other companies have no problem taking off and landing) so they don't have to compensate the customer.... Air Canada is a big disappointment!,1
2026-04-03 07:53:53,Easy and reliable to use. Easy to access reward points,5
2026-04-03 06:57:54,The app works well. So easy to use,5
2026-04-02 23:46:34,Has great context specific information,5
2026-04-02 18:50:34,"good overall, some glitches that force back to main screen.",4
2026-04-02 11:33:03,The worst app. Inconsistent. No notifications nor check in working,1
2026-04-01 16:47:26,"Friendly and helpful staff, good service.",5
2026-04-01 07:53:15,"you have made it far too easy to book a flight without a confirmation of what you are doing. I accidentally booked a flight without any warnings, seat selection or luggage. huge risk",1
2026-04-01 05:25:49,"trash app- opens in browser, must re sign in. not user friendly at all.",2
2026-04-01 01:34:02,Been trying to use a credit over the past 10 days. Unable to use due to apparently only available on the phone. Tried calling and wait times over 3 hours (weather conditions is the reason apparently). After a couple days I finally Recieved a callback after 4-5 hours after my call (the message said 2 hours). Call was after midnight. Was talking to the agent and was told that I could use the credit. When he kept looking seems like the credit expired 2 days ago. Just bad service. Simple thiefs,1
2026-04-01 00:22:47,draining 30% or more battery during less than 1 minute of background usage. not sure if this is a recent update but I was trying to figure out why my phone had been draining so fast lately and saw this. deleting until needed for my next flight.,1
2026-03-31 11:45:01,good 👍,5
2026-03-31 00:31:11,the app is not backward compatible with the old one and will no longer work on my Samsung Note 9.,1
2026-03-31 00:22:05,Doesn't seem to work for me,1
2026-03-31 00:00:39,will not let me sign in with new account also refuses to recognize my wife's old account or let her start a new one.,1
2026-03-30 17:19:11,what is with the insane battery drain on this app?? 60% used today by just the AC app alone without having it open.. fix it or get some real developers asap. embarrassing,1
2026-03-30 17:06:10,convenient and informative when no delays occur!!,5
2026-03-30 16:26:05,it was easier than I thought it was going to be. for I sold people that's great,5
2026-03-30 16:20:29,cannot add upcoming flights to app,1
2026-03-30 15:39:57,won't let me use this app since it forced my phone to update. says it is no longer compatible. What the heck!! How would I ever be able to check in with flight status or even book anything if it won't let me on Makes no sense at all😡,5
2026-03-29 16:00:53,supposed to get free wifi if you are aeroplane member... I did not. and yes it was on my reservation before traveling day. 2 stars are for the new baggage tracking service.,2
2026-03-29 14:07:20,"The latest version of this app has a battery drain issue, I'm seeing 10% per day without opening the app.",1
2026-03-29 14:05:44,"I gave 5 stars because after an exhausting ordeal with my trip & the delays Air Canada was great. They provided hotel, meals, and change of flight. the customer service was excellent once I got throught to them. Thank you Air Canada for doing the right thing and making 2 customers felt appreciated.",5
2026-03-29 01:16:53,"Incredibly this app no longer supports Android 11 devices, leaving millions of users stranded with no possibility of using their existing app or upgrading to the latest version. A very unwise choice.",1
2026-03-28 20:09:57,very responsive and good details. navigation is difficult. some services still only web only. annoying that the app feels required for one off travelers.,3
2026-03-28 18:02:21,"Clean, timely, efficient!! 😊🇨🇦❤️",5
2026-03-28 14:30:17,great service,5
2026-03-28 11:49:34,"well designed , need to rebmview yo get used to all the info available",4
2026-03-28 04:02:59,excellent,5
2026-03-27 18:14:40,"excellent app, easy to use and serves my needs well.",5
2026-03-26 21:44:28,great tool and helpful,5
2026-03-25 20:31:23,not compatible with my phone after update,1
2026-03-25 12:29:37,"I had a great experience with Air Canada. I traveled from Vancouver to London Heathrow Airport, and the journey was very comfortable. I truly enjoyed the service, making it one of the best travel experiences.",5
2026-03-25 10:10:58,was not able to add digital passport,1
2026-03-25 02:26:35,won't work with older andriod tablet,1
2026-03-22 14:28:01,Incompatible in 2026?!,1
2026-03-22 13:18:29,"great web site, wonderful to see the count down until our return to Montreal💐. Easy to use for check in.",5
2026-03-21 19:25:03,best airline app I've ever used. the competition should take note,5
2026-03-21 11:57:37,great 👍,5
2026-03-21 09:10:36,now cant use with my device nor can get my aeroplan number!! not happy at all,1
2026-03-20 15:04:43,what is the point of this app when it constantly opens a web browser that requires you to have to log in? why not just use the mobile website instead... what a hassle...,2
2026-03-20 12:38:21,not compatible with huawei p30 pro,1
2026-03-20 11:31:17,"Can never get through to book my flight. Something screws up on payment every time. App crashes frequently, losing my search info. Had to book my flight on the website instead. Not sure why I even try to use the app.",2
2026-03-19 19:20:22,any time I open the areoplan tab it crashes,4
2026-03-19 15:31:24,must call to determine if room for pets and must check in at airport. ie cant get boarding pass online when bringing pets,4
2026-03-19 15:01:35,"great App, easy to use and updates very quickly when you're at the airport and gates change, good piece of mind",5
2026-03-19 13:03:33,"this app used to be helpful, but now it says ""This App is no longer compatible with your device. please contact the developers for more info"". no update or contact info is given",1
2026-03-19 12:52:32,good flight,5
2026-03-19 11:59:19,very nice to get credit back when you spend lots lol to get $10 off you need to get 1000 points and it's hard to do and when they have bones you don't end up getting your points SCAMMERS 😤🤣😤🤣,3
2026-03-19 03:53:26,No longer works on my cell phone that's not old. Motorola G6.,1
2026-03-18 12:41:36,good job of unifying needed information,5
2026-03-18 05:03:57,The app is not compatible with my device anymore. I have the previous version installed but it won't let me use it,1
2026-03-18 03:23:41,not compatible with my device anymore,1
2026-03-17 15:36:55,Ive read that AC app will revert back to supporting tablets. tried to download the App once again. Its still an issue and it refers back to the new version . Help please,1
2026-03-17 14:13:04,"app is great, but the flights are unreliable, too many delays and cancellations.",1
2026-03-17 09:13:39,"I use the Air Canada app for all my bookings, convenient, easy to use, able to search to find the right price and right day for travel",5
2026-03-17 04:57:01,Excellent 👍,5
2026-03-15 22:58:54,we had a great travel experience with AC. particularly with my disabled mom! thanks for your care with her AC!,4
2026-03-15 18:51:46,"All my friends, about 5, are not getting their bags. This is insane! How is this possible or you need to hire other people who are focused. Make them pay $ for transporting their bags and won't get distracted. No one wants to deal with a lost bag and mostly when you are going skiing. Delta scans your bags point by point and sends you a text message each time. Please 🙏🏻 learn from them.",3
2026-03-15 06:09:21,New baggage tracking is working well,5
2026-03-15 00:35:36,I love this feature from Air Canada!,5
2026-03-14 20:37:20,user friendly,5
2026-03-14 20:11:37,no longer compatible! this sucks!,1
2026-03-14 13:25:04,i had a great experience with air canada,5
2026-03-13 17:01:47,Dreadful. Pretty much like the airlines regular overbooking and bumping fare paying passengers at the gate (YYZ-MAN) Don't need the app now as I have vowed not to fly AC,1
2026-03-12 19:17:32,"Your airline app and website are extremely frustrating to use. Previously, when my flight was canceled, I had to pay for another flight out of pocket because your system wasn’t working and customer phone support was very slow. Now I need to manage my flight again, but for almost two days both the app and website keep showing the same error message: “RB_IRPC_001 – We’re not able to process your request.” This kind of issue seems to happen repeatedly,so could please fix this issue? 🙄 Txs!",1
2026-03-12 17:44:54,used it lots,5
2026-03-12 10:36:24,Timely updates,5
2026-03-11 20:15:35,every airline has a glitch. air Canada is the best. Just a delayed suitcase .,5
2026-03-11 19:16:31,"No support for ""upgraded"" app on still functioning devices",1
2026-03-11 10:43:04,I have a slightly older phone but all apps work on it. I was frustrated that I couldn't get the app cause it doesn't support this version until I read some reviews and the update excludes all androids. thanks. now I am frustrated and highly disappointed. hope the other issues of the app are fixed I would give zero stars for this if I could until they fix the android issue.,1
2026-03-10 22:51:58,A typical Air Canada joke. Not compatible with a tablet running Android 11 that isn't even old.,1
2026-03-10 20:31:57,"great app, very detailed information, easy to understand and to use",5
2026-03-10 05:34:01,"My phone is not compatible with this upgraded app, so now I have no app.",1
2026-03-09 20:03:24,Love the app and luggage tracking and text updates!,5
2026-03-09 18:56:53,amazing 👏 🤩,5
2026-03-09 14:10:55,this version sucks..won't work with my phone,1
2026-03-08 19:23:20,this app was terrible at baseline and now doesn't work at all on tablets,1
2026-03-08 18:52:47,easy to buy plane tickets no issues im a happy customer .,5
2026-03-08 12:53:36,Very rarely is the information about your flight status accurate. The app will say that your flight is on time when it's not. Gate information is sometimes wrong as well. Not reliable at all.,3
2026-03-08 11:42:43,"I cannot even update this app!!!! What am I supposed to do? How am I supposed to check in? Why fix something that is not broken????!!!? I'm sorry, but that is positively ridiculous! So I have to go and purchase a new phone? When I cannot afford it? How do I get my points? How do I know if there is a delay with my flight?I can't afford data, and I always rely on WiFi. I'm so tired of someone trying to force me to have to change my phone, which again, I cannot afford to do. So very disappointed.",1
2026-03-08 10:21:24,Cant book flights on it. Says error everytime,3
2026-03-08 00:02:58,good,5
2026-03-07 09:58:38,New update not compatible with my device,1
2026-03-07 08:05:14,provides all the necessary information,5
2026-03-06 16:42:34,huge battery drain on android 16,1
2026-03-05 20:44:35,"Great app, kept me up to date and easy check in.",5
2026-03-05 19:00:52,"Not supported on my phone? It's only two years old. Seriously, do better. I can't even find the requirements on the store to know what I need to upgrade to.",1
2026-03-05 15:38:34,I am fairly dumb when it comes phones so if I learnt anything it was a miracle,3
2026-03-04 19:37:45,No longer supported by my Android 11.,1
2026-03-04 12:16:14,I am using Android 12 and version 5.71.1 installs BUT crashes when trying to see Aeroplan tab. Not sure why they took a perfectly good app and made it unusable for so many. UPDATE: AC pushed version 5.71.2 and it now works on Android 12. great job DevTeam,5
2026-03-04 04:24:32,No matter what model of the device or Phone you have . App is supposed to open and serve the customer it needs.it should support every device.So no storage in phone so can't access the account how stupid.,1
2026-03-04 03:25:05,not compatible with my samsung note 9!!!,1
2026-03-04 02:34:04,"please help: I use this app weekly, and daily when I'm traveling (at least once month). for the past few days, every time I open my status page the app crashes. will you be pushing a fix sometime soon? it happens so often that my phone recommends putting it into deep sleep. I wrote an email to support 2 days ago with no reply so I'm trying the ""review"" route.",1
2026-03-03 22:06:53,Flew Kelowna Toronto via Vancouver. on time everywhere and clean comfortable economy seats. All this in winter. well done,5
2026-03-03 21:40:08,pathetic,1
2026-03-03 15:33:52,"Friendly & courteous cabin crew. Quick and efficient food service. Flight departed and landed on time. overall great experience! keep it up, Air Canada.",5
2026-03-03 13:46:07,We love the new bag tracking system they have implemented.,5
2026-03-03 13:45:47,"I rated this app 5 stars before, but now down to two. The app relies heavily on an embedded web browser for anything moderately complicated. The problem is that EVERY TIME this happens, I have to log in, which means entering credentials (AGAIN) and dealing with 2FA. It's extremely annoying. Can't the app pass authentication tokens to its own embedded browser?!? Another issue is that the 2FA uses text messages - that's not helpful when travelling with my phone is off - why not use TOTP codes?",2
2026-03-03 08:21:44,"This app is pretty useless on my pixel after this last update. it doesn't show any of my trips, flights or boarding passes. only Aeroplan info. when I try and add a trip or itinerary it just gives me an error. I now have to use the web site and screenshot my boarding passes. please fix this. update: your response is great and it worked for a bit; but first of all it was on my pixel phone and now the Aeroplan tab crashes the app. I have reinstalled 2x and still crashes. can you update this?",1
2026-03-03 08:18:10,works really good,5
2026-03-02 18:46:18,"pretty good ... missing a couple of features that the desk top version has, like the filters in the search booking section. to be more specific, there is no e upgrade filter. when will that feature be available?",5
2026-03-02 18:10:33,very useful tool for traveling. love it!,5
2026-03-02 12:26:28,Latest update has a bug. I can't open my Aerplan card?!,1
2026-03-02 08:32:07,My device is not old but latest update won't install. Very poor.,1
2026-03-02 07:38:32,Error! Won't let us log in.,1
2026-03-01 18:09:52,I am told to update but then it says it's not compatible with my device but doesn't give me any alternative 😒,1
2026-03-01 07:55:33,The app is great... flights are so so,4
2026-02-28 03:50:23,I enjoy flying with Air Canada,5
2026-02-28 03:27:27,easy to use and clear information,5
2026-02-28 02:18:17,Not compatible with device?! Pretty poor service in this day and age.,1
2026-02-27 12:55:47,My phone works perfectly fine but greedy companies are rolling out planned obsolescence making it unable to use their apps. Another horrifying case of late stage capitalism taking precedent over saving the planet.,1
2026-02-27 00:09:04,I've flown with air canada on my last 4 flights and have had nothing but a positive experience. all domestic. west coast to east coast and back.,5
2026-02-26 10:35:32,This is totally ridiculous that an upgrade has to be done and then my phone that I have for years I cannot use it anymore you are forcing people to actually upgrade their phone just before your stupid app or should I say loyal customers ridiculous totally ridiculous,1
2026-02-26 04:23:15,Air Canada is best overall. I took a star off because of the quality and quantity of the food (not satisfactory).,4
2026-02-26 02:56:31,useful app. keeps me informed.,5
2026-02-25 20:38:50,incompatible with my phone,1
2026-02-25 15:28:47,won't download for a note9,1
2026-02-24 12:48:33,Thank you for the free alcohol on the plane. for the evening flights. It makes the trip more enjoyable. The stewardess are always nice to happy and helpful.,4
2026-02-24 08:50:44,don't work,1
2026-02-24 05:41:09,Very efficient & user friendly 👍,5
2026-02-24 00:07:54,user friendly application. easy to navigate and smooth experience.,5
2026-02-23 13:26:29,no good,1
2026-02-22 12:12:51,Used to like this app. Can no longer use it because the enforced update to the new version makes my phone not compatible.,2
2026-02-22 07:59:49,not compatible,1
2026-02-21 19:48:08,Great airline and Aeroplan,5
2026-02-21 14:52:06,cant install the app,1
2026-02-21 11:06:11,"went to check my flights on air canada app and was told to update, tried but was unable to as it's incompatible with my tablet? Air Canada states in reply's to other comments and ratings that they have reversed their decision and it will be compatible now,but alas it still isn't. I have a upcoming trip in early March and need it to check in.So what do I do not precheck in? A.C. get your ship in order!",1
2026-02-20 23:13:32,"Remember the old version of the app where you could actually DO things like change seats? Now it's basically a redirect app to their website where you have to log in AGAIN to do anything... Still. Plus flight changes all error out and you're forced to phone and wait 3+ hours for someone to call you back, usually at 2am...",1
2026-02-20 21:58:30,Only thing was not knowing if our private transfer would or wouldn't be at the airport with no previous confirmation or a contact number if he wasn't . other than that all good,4
2026-02-20 15:41:25,will not download on my phone or my tablet?? What do I do??,1
2026-02-20 15:27:37,"This is the best airline app I've seen. Very smooth experience. Also kudos to Air Canada customer agent support, very friendly and supportive.",5
2026-02-20 14:39:39,not all features are available compared to the website,3
2026-02-20 09:53:40,"Air Canada cancelled my London–Colombia flight due to an aircraft maintenance issue, rerouted me through multiple countries, and I arrived two days late. Because of their incompetence, I missed a job interview, and Air Canada changed my return flight as well by one day without my choice. It has been over a month with no response to my UK261 compensation claim. Completely unacceptable. dont make any worktrips with them",3
2026-02-20 07:07:47,won't update my phone,1
2026-02-19 19:10:06,smooth take off and easy landing!,5
2026-02-19 00:31:31,This app is a disgraceful mess just like the gluttonous airline that runs it. The new Aeroplan scam is staggeringly bad. I spend more than $100k per year on 100+ flights with these morons and I wont reach the lowest tier in 2027. what's the point? This is greed and a complete lack of customer appreciation.,1
2026-02-18 21:00:32,"suddenly not compatible with my phone, this sucks",1
2026-02-18 15:17:58,the app isnt compatible with my device anymore.... ?,1
2026-02-18 15:07:59,Very complete and friendly,5
2026-02-18 07:06:53,"One of the best services, I prefer and trust so far.",5
2026-02-18 00:25:21,smooth with no problems and never had to stand in line except going through customs.,5
2026-02-17 21:01:05,Great ride back from San Diego,5
2026-02-17 14:17:42,not compatible with my android 11 phone,1
2026-02-17 06:29:10,good air line,5
2026-02-17 00:01:11,Appreciate the up to date information. Would like to see a link to provide feedback on trips.,3
2026-02-16 21:18:44,best travel experience thank you Air Canada love ❤️ you,5
2026-02-16 07:18:03,"No matter what issues unfold, you can always feel comfortable knowing that these professionals are doing everything possible is being done.",5
2026-02-16 02:32:35,"The app is forcing me to update but the latest version isn't compatible with my phone (Samsung A50), a model that's barely 6 years old... 🤷‍♂️",1
2026-02-15 10:59:55,"I am trying to book a flight through my tablet, but I am advised that I need to update the app. I am also receiving the message that the app is no longer compatible with my Samsung tablet. Previous message to other comments from Air Canada states that this change has been reversed and we should now be able to use the app on our tablet. Unfortunately this is not the case for me.",1
2026-02-14 20:31:28,"still getting message that the app is not compatible with my tablet as of February 14, 2027",1
2026-02-14 15:59:32,knowing it made it on the plane,5
2026-02-14 12:26:28,amazing,5
2026-02-14 11:08:25,"Out of game apps, Social Media apps, banking apps and many others this one - a freaking reward app is the one that's no longer compatible with my phone. What tech could you possibly have in this app that requires me to get a new phone. What a bunch of scam artists.",1
2026-02-14 09:59:05,Amazing 👏,5
2026-02-13 23:32:04,Can't use this app anymore. Google Play store says that your device is not compatible. Although it was compatible a few days back. Absolutely frustrating when you're going to board a flight.,1
2026-02-13 07:05:16,"Very pleased with the service we received especially when there were unexpected delays in both Singapore and Vancouver resulted in missed flights! Flights were rebooked automatically and be the time we landed, it was all rescheduled!! Also received food vouchers every time we received a notification of a delay!! Love the AC App 👌",5
2026-02-12 23:46:12,The most useless app of all time!,1
2026-02-12 16:45:09,App is no longer compatible with my S9+. Abysmal. Never using this app again.,1
2026-02-12 13:54:56,when i get the restock points,5
2026-02-12 03:02:28,Excellent app. Lots of great features including bag tracking and seeing airport maps. Makes travelling on Air Canada a pleasure.,5
2026-02-11 18:40:59,app is useless,2
2026-02-11 13:17:06,app no longer works on my tablet and iPhone 8 after Dec 2025 upgrade can't be loaded on my devices,1
2026-02-10 14:46:14,only works on Apple and new phones,1
2026-02-10 14:31:04,i cant download app. its not compatible. needs android 8 or higher. i have Samsung note9. this should work,1
2026-02-10 11:27:03,great app easy to use,5
2026-02-10 07:53:17,Easy to use Air Canada App love it,5
2026-02-10 06:30:30,says this version not compatible with my device,1
2026-02-09 23:20:27,great company! CS is amazing,5
2026-02-09 22:08:50,Not compatible for my phone that is 2.5 years old? Really?,1
2026-02-09 19:59:45,Excellent experience and service.,5
2026-02-09 14:04:02,Can't be Trusted to update correct information.,1
2026-02-09 13:48:04,"despite the developer stating they reverted their decision to not support tablets and that android tablets should now be compatible, mine still does not work...",1
2026-02-09 11:18:55,"went to go to a connecting flight from Canada to the US and it asked me to scan my passport before giving me my boarding pass. It wouldn't scan or read the chip, it kept getting an error and shutting down. I almost missed my flight. ridiculous as I'd already checked my passport at check in",1
2026-02-08 15:21:09,"1) Incompetence astronomique. Ils changent tes sièges sans avertir même si tu as payé. 2) Multiples achats via la plateforme de points Aeroplan sans récompenses de points. Malgré l'ouverture de ""ticket"" pour régler la situation ils n'adhèrent pas à leurs promesses de points extra. C'est rare que je me plains, mais c'est très difficile de recommander l'usage de air canada / aeroplan avec autant de défauts. Addendum: 3) 60+ minutes d'attente au téléphone et il raccrochent quand ils répondent.",1
2026-02-08 12:45:38,"Gordon I think his name was, a representative fixed my flights in no time. He was funny, patient, listened to my concers and was VERY Helpful. This is an employee I would highly regard. Very nice dealing with you today, and for all you did. God bless",5
2026-02-08 09:49:02,"I would like to give the app a better rating, unfortunately my experience the past 2 days have been frustrating. I am trying to rebook my flight, which is in 7 days, but after I click on the rate for the rebooking a screen pops up that says SOMETHING WENT WRONG PLEASE TRY AGAIN. I have been trying for 2 two days now. I need help please.",3
2026-02-08 01:11:52,"Non functional app for making flight changes. Always says no available flight. have been trying to change flight for 3 days now and cannot get through to customer service number. 0 stars for customer support. I will find a new airline. 8 flights in the last 6 months with them, every single one had delays and lost baggage. If you find an employee they are worn out and tired. AI just advises you to try calling back later and disconnects the call.",1
2026-02-07 15:45:04,"it was a terrible app, and right now it simply doesn't work",1
2026-02-07 10:29:34,Love the app,5
2026-02-06 18:44:04,Terrible airline .,1
2026-02-06 17:54:25,Excellent app. Easy to use and has so much information,5
2026-02-06 10:35:17,Don't rely on this app for timely updates to flight changes. It lags way behind text or email and gives conflicting information.,3
2026-02-04 23:38:00,"Prompted to install new app from Google Play Store. Confirmed device. Tells me it will install soon. 3 weeks ago. And again today. Can't access old app. Very helpful. Umm, no.",1
2026-02-04 14:59:06,"Love the new trip layout on the site. Tells you when you arrive at the airport, whether you have to retrieve your luggage for a connecting flight, if additional documents are needed, the ETA for each phase of the journey... Connects to other sites you might need, eg TSA or a visitor tax site. Much clearer.",5
2026-02-04 14:04:21,"The new app is not compatible with my tablet, yet AC says they have fixed the issue. My tablet meets all the requirements, yet I am still getting the message that it's not compatible. Aaarg! Their standard reply to all the complaints is irritating, and doesn't answer or fix the problem! How am I to check flight status, and do check in etc? AIR CANADA - whatever you did - FIX IT A.S.A.P. PLEASE!",1
2026-02-03 15:59:03,great tool.,5
2026-02-03 12:43:25,does not work,1
2026-02-03 12:09:27,easy to follow the app 👌,5
2026-02-02 13:35:12,Because of the new update the app is no longer compatible with my device/Samsung cellphone and I had to delete it. >:(,1
2026-02-02 08:37:16,"I have been very happy with this app until today. I'm at the airport trying to use the app but I get a non-bypassable message telling me to download an update. When I try that, I am told that the latest version is not compatible with my phone. In other words the app is no longer available to me and there is no work-around offered. Not happy now.",1
2026-02-02 08:06:53,Best 👌,5
2026-02-01 18:41:48,Works as described.,5
2026-02-01 15:46:26,"App update DISAPPOINTED in other words, not only is Air Canada telling me to pay more for tickets but i should also purchase a new Android in order to continue using their app.",1
2026-02-01 15:28:37,your device is no longer supported. super,1
2026-02-01 14:49:20,app works great. no issues.,5
2026-02-01 07:03:35,the seats need to be more comfortable but the service is top notch!,4
2026-01-31 22:01:21,"Air Canada is a generally well-regarded airline, charging both ways for ski or snowboard bags to travel to Canada i find it quite expensive, particularly when compared to its free offering for European destinations.",4
2026-01-31 15:54:23,still says app not compatible for tablets. When will this be resolved?,1
2026-01-31 15:48:13,"Jan 31 2026 Still can't load the app to by Samsung tablet, running Android 10 Please provide solution. Would leave a 0 star rating if possible.",1
2026-01-31 12:04:21,a little slow,3
2026-01-31 11:36:20,Staff are friendly,5
2026-01-31 06:43:42,love the new updates. makes airport navigation so easy,5
2026-01-31 03:37:42,Crashes on startup.. total turd. now app doesn't support Android 11. maybe Air Canada should assess how many devices run older before killing off support,1
2026-01-30 12:00:52,"new update means it no longer works on my phone,",1
2026-01-30 09:58:19,"It is so clear you try your damndest to make this app hard to use and make it impossible to claim missing points or anything else that is not profitable. Even calling is the worst, I think I'll try the other guys.",1
2026-01-30 00:31:14,Dec update has rendered the app unuseable on my slightly older Samsung phone. Sad to see this.,1
2026-01-29 17:16:48,unacceptable programing skills,1
2026-01-29 15:13:53,"not working on my tablet, and impossible to update. this is unacceptable. 2 weeks later, the problem is still not fixed",1
2026-01-29 13:15:03,Canadian🇨🇦,5
2026-01-29 08:33:25,"My OnePlus 10 Pro 5G NE2213 running Android 15 is somehow not supported by this app. Everything is up to date. What now? (update) The AC IT department fixed the issue and all is good. It was a bit of a panic at the time as we were travelling on AC that day. So, well done and thank you.",5
2026-01-29 08:24:03,Air Canada has grown a lot from the old days. Am loving it!!,5
2026-01-28 23:05:13,New Dec 2025 update caused Device incompatibility error so the app no longer works on my phone! Frustrating!,1
2026-01-28 21:45:21,Works as advertised for me.,5
2026-01-28 15:45:18,Pretty good app. It updates in real time and has the most up-to-date information about my flight.,5
2026-01-27 22:38:28,"Using android 11, from 2021, on a galaxy s20 ultra. Software isn't supported any longer. Not impressed at all.",1
2026-01-27 21:39:15,No longer useable because of the update. Incredibly dumb.,1
2026-01-27 19:04:20,Travel during extreme weather conditions can be very stressful. But Air Canada 🇨🇦 did everything right. Open and consistent communication kept the stress levels down. The app worked perfectly and gave us flight options that kept our flights moving and able to arrive ontime for business events. Everyone was accommodating and friendly. Thank you! Great Job Air Canada!,5
2026-01-27 18:56:04,"The latest app update means this app no longer works on my device which is a 2020 android, Huawei P30 pro phone (last Huawei to be produced with the Google base before the USA and China had a huge falling out). I have zero interest in changing my phone because I've tried the new iPhone and honestly, I can't stand it... same with my MacBook which I just hate. And the reason I switched to this phone was because I was frustrated with Samsung's horrible battery life. My phone isn't even that old.",1
2026-01-27 15:18:03,"I loved the app until they ""updated"" it now my device is not compatible and I can't reinstall it. My phone OS is not that old and it should have been backwards compatible. 5 Stars for the previous app but ONE STAR for launching a poor product.",1
2026-01-27 10:45:20,excellent,5
2026-01-27 07:25:08,can't update,1
2026-01-26 20:37:24,no longer compatible with my phone from 2019,1
2026-01-26 18:34:34,"terrible, I have an utd android operating system on my tablet, air Canada app ""no longer supports""",1
2026-01-26 08:35:45,does not work terribly.,1
2026-01-25 21:23:15,Only option I have is to uninstall,1
2026-01-25 18:46:18,what the heck does this mean,1
2026-01-25 07:19:48,love it. very simple to use never had any problem with it,5
2026-01-25 06:29:33,"Loved the app until Dec 22. Now, it's not accessible. Will i buy a new phone to use the app....no, I'll fly with another provider",1
2026-01-24 13:17:48,Annoying. Currently version i have won't run because a new version is available. Can't get new version because need a newer version of Android. Seriously want you to buy a new phone just to use their app.,1
2026-01-23 18:07:48,another great flight.,5
2026-01-23 11:29:31,how am I supposed to use the app with my phone Samsung s21 your app should continue to work with older phones! I'm not buying a new phone to use a flipping app :( very disgruntled about this,1
2026-01-23 00:57:32,Enthusiastic crew. Helped me solved lack of internet connectivity.,5
2026-01-22 22:47:22,"The app was easy to use. If you have a rewards card,Aeroplan#, it will apply to your trip.",5
2026-01-22 21:33:37,The app is not compatible with my phone,1
2026-01-22 17:50:09,Totally useless! locks up and not supported.,1
2026-01-22 10:58:12,"says not compatible with my Samsung tablet....as of January 22, 2026......in spite of Air Canada replies below",1
2026-01-22 09:47:48,does not work no update,1
2026-01-21 12:46:00,"I am no longer able to use the latest version of AC app on my Samsung S5E tablet. Very disappointed. Nice to see so many other reviewers are giving this app only 1 star. I find the newest updates are discriminatory towards those who were using this app on their Android tablets. Then again, it's Air Canada. They are not known for great customer services.",1
2026-01-21 11:09:11,"the app will still not load on my android devices, it deserves a zero star",1
2026-01-21 11:02:02,does not work,1
2026-01-20 22:25:14,Genuinely well made and useful app for my flight.,5
2026-01-20 18:59:59,"does not work on Android 13, not user friendly",1
2026-01-20 18:36:34,"The geniuses developers for the AC app rolled out an update that obsoleted 1000's of Android phones during the busy New Year travel period, then the ""Skip Update"" button suddenly disappeared, Air Canada please find developers that actually know what backwards compatibility is, it's not that hard at all !",1
2026-01-20 18:04:20,"Have used app on my Galaxy tablet for years, now the update says this app not available on my tablet. Not sure what kind of analysis prompted this type of change, but it must be saving AC millions$, to justify upsetting so many users....very disappointing customer service.",1
2026-01-20 13:38:55,"Please update app for Android 11. I love the app but now when I open it and need it for upcoming trips it shows that it's not compatible with my device that is running Android 11. I saw in another review that Android 12 is required. Is it possible for you/the developers to make an update to work with Android 11, please? If it can at least let me see/use boarding passes and view communication updates that would be nice. No other app on my phone is incompatible so why would I upgrade my phone.",3
2026-01-20 08:08:30,not compatible with my phone.,1
2026-01-19 20:07:35,app no longer work with my phone,1
2026-01-19 15:47:36,why is my android device 9.0 not compatible with AC app.,1
2026-01-19 10:56:19,super,5
2026-01-19 00:13:06,app works well and provide all the information required for a trip in one go.,5
2026-01-18 22:26:05,"Our flights were diverted by a medical emergency, then by bad weather. Yes the full day at the airport was long, but the paid accommodation was appreciated!",5
2026-01-18 10:20:41,easy to understand the system,5
2026-01-18 09:41:21,good,5
2026-01-18 00:10:42,Service is far better then it's competitors.,5
2026-01-17 18:52:27,"Terrible. ,Advised my phone is no longer compatiable with the latest updated. Once again AC gives the shaft. What do I do now?",1
2026-01-17 18:03:30,"the app is useless, I go faster update on messenger when it's delayed. The app doesn't update when our luggage is delay and can't be tacked.",1
2026-01-17 14:59:07,"the app says my tablet is no longer compatible with the air canada app, but it is using Android 11! very frustrating",1
2026-01-17 14:54:14,"developers.couldnt be bothered with backwards compatibility, this is a fail for air canada",1
2026-01-17 13:51:29,"Be Aware of some inaccurate messages regarding the requirements of entering foreign countries. I travelled three times in the past year, and twice were misformed by the app.",3
2026-01-17 13:35:00,worst airline in Canada hands down,1
2026-01-17 13:17:31,I found this app very useful and easy to use and appreciated the added bonus of the notification that my bag had arrived,5
2026-01-17 09:50:32,No longer compatible with my Android phone. Only app I have that no longer works. Come on developers. Do your job testing.,1
2026-01-17 09:27:52,cannot sign in. the buttons simply do nothing,1
2026-01-17 07:07:51,only a carry on? really? be better,1
2026-01-17 05:54:00,not able to open the application since they decided to force the update and they said that is it not compatible with my device anymore. I was outside of the country and needed the application.,1
2026-01-17 02:08:23,incompatible without explanation,1
2026-01-16 23:38:43,This app continues to be terrible.,1
2026-01-16 20:15:41,update says device not compatible even when I had the app working before update,1
2026-01-14 21:45:53,They improved their services. Good luck.,5
2026-01-14 21:45:13,It's fluent from Sudbury to Vancouver with minimal layover time in Toronto. It was an amazing price for my son's flight,5
2026-01-14 17:09:12,can't find my flight,2
2026-01-14 15:24:59,App update is not compatible with my phone and can't access account.,1
2026-01-14 13:00:22,"It says my phone (2021 Motorola) is no longer compatible with the app since the new update, unable to use app at all.",1
2026-01-14 10:33:06,"easy to navigate, intuitive, all the flight information in one place, easy to check availability and book",5
2026-01-14 06:29:46,not able to open the air Canada app on Android WHY?????,1
2026-01-13 23:19:06,I can't download your new app. It reads that my android cell phone is not compatible yet it has the latest Android version and plenty of storage. What a bummer and so frustrating. Why did they do this?,1
2026-01-13 15:26:08,Convenient and User Friendly Experience.,5
2026-01-13 13:48:45,"Useless because new version not compatible with Android 11, old version worked fine, very disappointing.",1
2026-01-13 13:15:26,They updated the app and now I get a message it's no longer compatible with my device. Not much of an update if you can no longer use it. Updates should still be compatible with older devices,1
2026-01-12 15:50:13,it now android 12 I am not buying a new phone for one app and I can't use the old version. I find this horrible customer service,1
2026-01-12 14:44:14,"Since the update, it will not work with my Samsung S5e. This is very disappointing as I prefer the larger screen of my Samsung over my phone.",1
2026-01-12 14:00:38,always a pleasure to travel with Air Canada.,5
2026-01-12 13:59:13,"I must agree with. the many that it is unacceptable for the app suddenly to become incompatible. I also find it unacceptable that gge app overrides autorotate settings and insists on being in portrait mode. One, this assumes, wrongly, that it is always usedon a phone, and, two, it makes it unusable for in- flight movies etc.",3
2026-01-12 11:32:35,"great app, keeps you updated very well on flight days",5
2026-01-12 09:24:19,no working.,1
2026-01-11 21:20:50,"After the latest update (Dec 22/26) the app is no longer compatible with my device. Terribly inconvenient with upcoming international travel. I've relied heavily on this app for several years, now it won't even open 😑",1
2026-01-11 17:02:54,"Thanks aeroplan for fixing the issue with the tablet, it's now working and we're back in business great job 👏",5
2026-01-11 09:21:23,"A very useful and comprehensive app, it's all you need when traveling with Air Canada.",5
2026-01-11 06:55:55,The app is not compatible with my device. Am I expected to buy another phone now?,1
2026-01-11 00:28:26,"I am giving 5 stars to Air Canada for actually listening to its customers, and reinstituting its app on tablets. Good of you to react appropriately after the complaints from your customers.",5
2026-01-10 17:32:47,no longer compatible with phone???!!!,1
2026-01-10 11:14:42,not compatible with previous android versions,1
2026-01-10 08:52:25,doesnt work on my phone cause phone is 5 years old,1
2026-01-10 08:44:00,New update brings you to dead links which dont bring you to a browser,2
2026-01-10 05:58:11,"this sucks even fraud. I can't access my trip info!!! can't update, can't anything. Shame on your answer below, you are telling me- poor people using old phones don't deserve AirCanada service!",1
2026-01-09 23:17:41,update stopped the application from working,1
2026-01-09 20:37:58,Your update makes it unavailable to me! Bad for business!,1
2026-01-09 14:58:49,Make it compatible with all devices. Remember that time covid bankrupted AC and then us taxpayers bailed you out? Show some respect.,1
2026-01-09 14:41:00,AIR CANADA just got back to me that they are now going to support my SAMSUNG GALAXY TAB S6 LITE tablet in their latest update--- this is GREAT NEWS!!!,5
2026-01-09 14:07:43,"Not compatible with new update on my Android 14, Galaxy Tab A7 Lite. This is unacceptable Air Canada. Update... Thank you for allowing tablets to again run the AIr Canada App. This is the right decision. A lot of folks use tablets to run apps. And, the updated app works great!",5
2026-01-09 13:27:09,"[Jan 2026] AC reverted their decision to no longer support tablets. The latest version (Jan 2) installs and works as expected on my tablet. [Previous review, 1 star, Dec 2025] The latest version (Dec 22, 2025) is no longer compatible with some Samsung tablets. I have a Galaxy Tab S7+ and cannot update the app to this latest version. Please advise what customers can do when traveling in order to replace the services offered via an app that is no longer offered to some of the long-time customers",5
2026-01-09 12:25:54,pretty good so far. easy to see upcoming flights. check in on app is a bit confusing as additional bags are listed so you are not sure if you should click on them if you already have checked bags on your flight like we did. I think it's just for adding another bag or oversized bag as well.,4
2026-01-09 12:17:24,this app updated and says it's no longer compatible with my Samsung galaxy phone? planned obsolescence and a scam,1
2026-01-09 12:01:07,"*Edited after AC changed policy* short-sighted, why after the update does it all of a sudden not work on my Samsung tablet?",5
2026-01-09 11:55:25,New update won't work on my Samsung A9+. Old version won't open untill I install updates! Catch 22 what do i do. I'm running Android 15 which is supposed to be ok. In this day and age there is no reason for app to not work on Android Tablets. Also I understand the app still works on APPLE tablets so is this not discrimination against Android systems.? Updated Jan 9. Thank You Air Canada for reversing decision to eliminate Android Tablets from your App.,3
2026-01-09 11:45:56,I can't download app on my samsung tablet now all ready fix problem thanks,5
2026-01-09 11:29:33,the app works again for tablets but I do not like the new format. remember the large aging population that has the money to travel. do not alienate them.,3
2026-01-09 10:49:25,works on IPad but not on Android tablet. Priorities I guess. Day after posting the above Air Canada has allowed Android tablets to download. The app works on the android tablet now. Haven't checked the Apple tablet to see if Air Canada has disabled the Apple tablet service; I hope not.,1
2026-01-09 09:44:32,"This is horrendous!!! after new app update, the app no longer works with tablet. absolutely crazy and unacceptable. hope Air Canada can get their act together and reconsider Update! Thanks so much for the Air Canada tech team for taking the customers reviews seriously, and reverting the decision, and once again making tablets compatible",5
2026-01-09 09:33:51,This app's latest update does not support my android phone any more.,1
2026-01-09 08:34:59,no longer compatible with Android 11 even though it says Android 11 and higher,1
2026-01-09 08:13:29,Will not let me in . incompatible with this device.,1
2026-01-08 22:48:42,App stopped working suddenly and saying my ph doesn't support it dont know why,4
2026-01-08 22:26:47,Updated App is totally nonfunctional on my Samsung SM-S901W tablet. Why???,1
2026-01-08 19:43:37,This app no longer works on Samsung tablet since Dec 22 update. Can not update tablet,1
2026-01-08 16:50:47,tab s9 ultra not working? cmon,1
2026-01-08 15:23:45,"can't even install the app, I'm using Android 11 and it says version incompatible ..free",1
2026-01-08 15:22:59,useless...not compatible with my phone...do you think we will all upgrade our phones just to have the app? the old app worked fine.,1
2026-01-08 13:47:11,app says it won't run without update and play store says it's not compatible with my device. I used it successfully in Sept for a flight,1
2026-01-08 13:46:51,This new app is not compatible to my Samsung phone and since I cannot download it I am missing out on valuable reward points when I shop at the LCBO.,1
2026-01-08 08:40:58,The new version states it's not compatible with my tablet which is only 2yrs old. PLZ FIX YOUR NEW VERSION TO THIS APP ASAP!!,1
2026-01-08 06:54:24,comfortable flight and great information on flights / trip from the AC app,5
2026-01-07 22:50:53,Bring back the tablet support.,1
2026-01-07 22:23:56,App informed me there is an update but the update now makes the app incompatible with my phone! I know I have an older Note 9 but there's nothing wrong and no need to have to update phones just to book a flight.,1
2026-01-07 22:08:38,"Why can't you give me a detailed break down of where, when, and how many points I earned on each interaction. How am I supposed to know if I have been shorted points. Since aeroplan points are redeemable for items, cash value, it seems like I should be able to track every point I have earned. Instead every month or so I get a bulk amount. The only thing that pops up immediately is what I earn on my linked Journey card. Do better and fix this.",2
2026-01-07 19:27:26,will not work on my Android 16 tablet anymore. disappointed AC,1
2026-01-07 18:47:53,an update made it obsolete on my phone. do better AC.,1
2026-01-07 16:36:24,I am retired and my phone is Samsung A50..so now I can't use this app? I have to get a new phone?? Can't access my points or add to them this is ridiculous. Just spent $6000 on an Air Canada Vacation..guess that's the last one. Very disappointing.,1
2026-01-07 14:10:14,"It suddenly stopped working this week on my Android 11 phone. Useless error message. Impossible to contact anybody at Air Canada regarding tech support and problem resolution. Utterly unacceptable for an loyal 30-year customer and frequent user. Please help - seriously! Follow-up: Ok, the AC canned response is the most absurd thing I have ever heard. Judging from the dozens of comments here, there must be THOUSANDS of very unhappy AC customers like me. Seriously guys - update your update.",1
2026-01-07 13:40:55,Worst experience,1
2026-01-07 11:46:44,no update available for the app on my Samsung tablet. Very frustrating. I hope they fix it,1
2026-01-07 08:54:23,"In order to sign in, you need to download one of their supported browsers. Because accounts and signing in are this novel thing that no one else has ever done before. One thing's for sure; these guys have pioneered the browser barrier to entry, just for logging into their app. Incredible.",1
2026-01-07 08:28:47,recent update made in Dec 2025 and still active in Jan 2026 is no longer compatible with Android 11 which still represents 20% -25% of Android phones currenty in use. Really BAD decision Air Canada.,1
2026-01-07 07:04:33,why is the up not compatible with my phone or tablet,1
2026-01-07 05:01:45,Update Not Compatible with My Samsung Galaxy Tablet,1
2026-01-07 04:37:13,Total crap. Cannot I use on my Samsung tablet now... and this app was bad enough before!😳,1
2026-01-06 23:21:50,"explain to me how you do an update on your app and completely leave out android tablets??? It's effing ridiculous that this happened, seriously who thought this was a great idea? First let's raise our prices, second, let's charge for carry-ons, third, let's shut out half our customers from the app. Genius. Oh and let's rip off everyone's Aeroplan points",1
2026-01-06 23:10:09,"""the app is no longer compatible with your device"" thanks guys.... I love using this app for my trips. My phone is not old. thanks for your reply. It's still a shame this was done now as I'm traveling in 3 days and I really enjoy the quick features. I wasn't going to upgrade my phone until I got back in case it got lost during the trip :(.",1
2026-01-06 22:19:09,"I can no longer use this APP. As a long-time Air Canada customer, their stupidity in doing this means I'm taking my business elsewhere, and so's my family. Their services have deteriorated so much that this has just put another nail in their coffin. If I could delete the one star, I would.",1
2026-01-06 18:10:16,"Disappointed , app won't download on my android tablet, shame shame. I saw in replies Air Canada doesn't support tablets only the most common phone ?? What an outrage. They want you to use their inflight entertainment wifi to stream movies on a 2 inch screen. Come on developers find a fix.",1
2026-01-06 18:06:01,this app doesn't work on Samsung tablets.,1
2026-01-06 15:21:17,I have a Samsung A70.. the app says I need an update.. but my device isn't supported. anymore. That's really sad aircanada,3
2026-01-06 14:51:30,After 4 hours the app is still 'downloading ',1
2026-01-06 14:16:35,Very user friendly. Love the airplane status updates (previously flight etc.) as well as all breakdown of your flight itinerary. Very well put together. Valuable travel asset!,5
2026-01-06 10:22:29,The app was great until..... it won't allow the new update as it says my device isn't compatible any more. It's too bad that I can't use the app as we have a trip planned Jan 14th 2026.,1
2026-01-06 09:38:32,"I just received a message to update the app on my Samsung tablet, but when trying to do that, it tells me it is no longer compatible with my device !!??!! I use this device when flying. Just came back from B.C. to ONT and back again. My tablet was essential on this trip. How can I continue flying Air Canada when I can't have an AC APP on my tablet?! Why is this even an issue? Get your programmers to fix this now.",1
2026-01-06 09:10:24,please allow me to change from CAD to GBP in the app settings :),3
2026-01-06 07:53:25,AC get your tech nerds to implement BACKWARD COMPATIBILITY immediately...I'm frozen out of usage on my Samsung Tablet,1
2026-01-06 03:37:52,the new aero plan points system is a massive downgrade,1
2026-01-06 02:39:26,hi I have recently bought samsung s11 tab which is the latest version tablet does not work to download new version app now I have seen other reviews in my opinion is you should have not done that is wrong for you to do that. as I am going to canada in aug,1
2026-01-06 00:57:05,Unable to update and so I am no longer able to access the app.,3
2026-01-05 22:14:44,would give zero. it no longer works. Will just delete as i can no longer track flights. sign up for notifications. etc. screwed on aeroplan points and now this. seems you want to alienate your customers permanently.,1
2026-01-05 20:45:13,The app’s design should be improved to ensure compatibility with a broader range of mobile devices.,1
2026-01-05 19:15:52,It says to download the update but then it says it is not compatible. Does it mean that I have to purchase a new phone in order to use the app?,1
2026-01-05 16:56:13,Suddenly the app can't update and is incompatible with my phone. Have Android 11. Only option is to uninstall? Seriously?,1
2026-01-05 14:11:32,there is a forced update that says its no longer compatible with my Samsung Note 9. I am not going to buy a new 1500-2000 dollars phone so that Air canada app would work on it! Outrageous!,1
2026-01-05 14:03:25,"AC App now says that it is not compatible with my device, though my Samsung phone runs on Android 11 (app says it needs version 7+). What's up with that? Thanks.",1
2026-01-05 11:09:25,"I have a Motorola G7 that's working great, and the App is no longer compatible with it, since December 22. That's ridiculous for an App that's mostly a front end for webpages. Back to the web browser, thanks AC.",1
2026-01-05 10:56:48,"why doesn't it work on my phone anymore , update well you don't support Android 11 anymore ?",1
2026-01-05 10:48:11,invaluable for checking in and notifications,5
2026-01-05 10:27:12,very informative and always up to date good job,5
2026-01-05 10:04:12,Went from 'great' to 'absolutely useless' in one update. Could you at least make it useable by older phones?,1
2026-01-05 01:39:09,"no longer compatible with my samsung device. no notice via email ot text either. our trip was planned well in advance, the app compatibility shut down two days into my 16day holiday. not impressed.",1
2026-01-05 00:49:12,got prompted to upload to a new version on my Android phone but it says it is no longer compatible with my phone?,1
2026-01-05 00:40:06,"You update the app now it no longer works on my phone. I'll be damned if I going to purchase a new phone, to replace a perfectly good one, for the sole purpose of being able to use the Air Canada app. We should be able to continue using the pre-updated app and not have to download the update. This is totally unacceptable 👎.",1
2026-01-04 22:33:23,"device not compatible? I'm using Android 11, this just developed in the past day I can't download the update for the reason, please help. I'm using Android 11 on a Samsung.",2
2026-01-04 21:31:33,I have been very well with you long time but today you disappointed me to open my Aeroplan page.,1
2026-01-04 17:22:19,it's simple to use and keeps you up to date,4
2026-01-04 16:05:50,update isn't compatible with my phone.,1
2026-01-04 14:29:09,"I completely agree with other reviewers. It's unacceptable that the latest app update now makes it unusable on my tablet. My tablet runs Android 13, which is not that old! App updates should be reverse-engineered so it'll work on ""older""devices. AC is pushing us to communicate with them through the app for everything from booking, itinerary changes, baggage issues, etc. So, it's frustrating I can't use the app on a device I use a lot when travelling (for the larger screen).",1
2026-01-04 12:06:41,android tablet update still isn't fixed. My phone is still not compatible with the app even though it's not a tablet,1
2026-01-04 11:36:16,Keeps telling me to update the app but will not update,2
2026-01-04 10:43:55,updating an app to make older devices obsolete is disgusting The App is now useless. Air Canada needs to think of their customers.,1
2026-01-04 10:26:26,"cannot use on my Tab S10, still works on pixel 9a",1
2026-01-04 09:55:46,unable to download the new version of the app.,1
2026-01-04 09:20:23,no longer works on tablets,1
2026-01-04 09:10:53,"After my last flight , I changed my rating. 1. the first part was delayed so I would miss my connecting flight. it's inconvenient and aggravating (red eye from YYC to YYZ. delay from 11.50 pm until 3.30 am!!!) but that's not the worse 2. the app never acknowledged it and kept my connecting flight still. which was about to leave PRIOR to my arrivall. 3. after 40 min waiting on the phone a nice agent changed my flights correctly 4. my new boarding pass for the second flight never appeared",1
2026-01-04 04:23:09,Nice 👍 and easy to navigate and great for booking Hotels abroad.. and checking on flights,5
2026-01-04 03:45:48,no longer compatible with my device?,1
2026-01-04 00:32:28,"The app itself is quite nice, with good UI and I enjoy the ease of having the boarding pass digitally. Unfortunately, they have decided to push and update with no backwards compatibility, and as such my Huawei P30 can no longer access the app apparently, meaning all good things I have to say no longer apply to my experience. This kinda sucks as I do genuinely appreciate the app, especially with my experiences with storm delays over Christmas, but now I just will not be able to use it.",2
2026-01-04 00:21:14,Phone no longer supported in latest version. At least it shows days to next flight before locking completely. Will uninstall once trip starts,1
2026-01-03 20:16:47,Apparently the new version of the app is no longer compatible with my tablet. Why? Did a developer set the wrong version to support? This is the only app that isn't compatible.,1
2026-01-03 19:51:15,Today I found the stupid air canada app doesn't support android 9 on Samsung galaxy s8+. I will stop using this bureaucratic airliner at all.,1
2026-01-03 19:31:31,"not available on Google Play. only a notice that my device is not compatible with no detail provided. no support, no advance notice, stuck without the app on an international trip. no response from digital@AirCanada. aeroplan support on return to Canada unable to help.",1
2026-01-03 18:11:26,Says the new app isn't compatible with my device. Isn't that just dandy?,1
2026-01-03 17:55:21,"I got the same problem as others. the app is asking me to update , when I do so, it tells me that my phone is not compatible. are you going to send me a new phone for that for free?",2
2026-01-03 17:02:43,"my phone is up to date, my cache is cleared and have full wifi service but this app will not download!!!! very frustrating",1
2026-01-03 15:43:05,cant use it on my tablet this is new,1
2026-01-03 15:10:35,"latest update says device Galaxy Tab S10+ , Android version 16 is not compatible. works fine on samsung phone A24+",3
2026-01-03 14:29:04,"Upgrade not compatible with my tablet, even though running high enough version of Android!",1
2026-01-03 13:35:21,Piss poor. New app is incompatible with my Android cellphone. Unable to download.,1
2026-01-03 09:09:41,"Potentially best airline app, even if it is a bit glitchy and have many areas that are just links to the site",5
2026-01-03 07:53:51,"the app has disappeared from my samsung S9 abd won't let me download, I've used this app for years but its gone now, unacceptable 🤬🤬🤬",5
2026-01-03 00:47:29,sucks big time .I have android 10 and I'm blocked on all my devices.,1
2026-01-02 22:25:50,Terrible App. Only works on the latest devices and locks out anyone without a new device. For some reason I expect nothing less from this airline.,1
2026-01-02 22:08:26,"Terrible app upgrade policy. Barely 1 week after an app update was published , it won't run without updating. So many perfectly good phones still run with older OS (without an update path), and Air Canada is completely blocking them out. Don't rely on the app.",1
2026-01-02 19:55:24,Won't work with tablet Won't work with phone so why fly with AC?? Fix the app!!,1
2026-01-02 19:50:37,won't work on Android 14.... really?,1
2026-01-02 18:53:55,"the air canada app I have now can't be used because it tells me I have to update to a higher version ,when I try to update it says this update is not compatible with my device .I've been using the older version for years now suddenly it's not compatible with my device .makes no sense",1
2026-01-02 18:12:46,Air Canada's app is top notch. It's intuitive to navigate and provides quick access to information and updates about your trip.,5
2026-01-02 17:50:09,developers delete negative reviews. works on almost android phones less than 2.5 years old.,1
2026-01-02 16:57:11,unable to download . phone not compatible! it's not that old,1
2026-01-02 15:28:52,"with the newest update, app no longer compatible with my 4 years old phone......",3
2026-01-02 14:04:52,incompatible app with phone.,1
2026-01-02 13:01:59,app supposedly upgraded but doesn't work. very frustrating. forced to uninstall it.,1
2026-01-02 10:29:17,app compatibility problems - Cannot download app because it says that it is incompatible even though phone (moto g stylus android 11) meets all spec requirements.,1
2026-01-02 09:43:38,The app says I need to update to the latest version (v5.69) however when trying to update it says my device is unsupported but does not state why. I'm running Android 15 and at the time of writing the minimum required version is listed as Android 12. The app does appear to work fine if you just ignore the need to update prompt but I expect this issue to be resolved in the long term. Edit: Issue is fixed so revising score.,4
2026-01-02 09:38:02,"Enjoyed the app on 26th December 2025, booked flights. ....Hated app on 2nd January 2026 following an instruction to download and update that wouldn't on my device. The result is the app no longer works and is of absolutely no use to me. ...I get directed to an update that says not-compatible and the old version won't allow me to continue without going to the ""update"" .... let's be honest, that's not a positive ""update"" is it😠",1
2026-01-02 09:13:12,how do i get my flight info? i book a trip Dec 1st,1
2026-01-02 02:58:59,won't be compatible with multiple of my devices. are you forcing ppl to constantly buying newest electronics to be able to use your app?,1
2026-01-02 01:18:05,"I like the app but the recent update on Dec 22 says that my device is no longer compatible. It doesn't even show up in the app store unless I get a link from Google to it. My phone is only 3 years old, how could it not be compatible?",3
2026-01-02 01:03:29,"Since when you guys decided Samsung Galaxy S20 is considered an OLD phone, which is not allowing me to update this app? Disappointed!",1
2026-01-01 20:05:40,"Suddenly app didn't work, after several attempts to dowload an update as per the popup that appeared I decided to try to delete it, and re-install, now playstore says the app is no longer available for my device, a Samsung S8 tablet with Android 16. I hope this can be fixed soon.",1
2026-01-01 17:20:11,The app was updated December 22 2025 during my vacation. now on my way back home from vacation the app is not compatible with my device. I can't use the old existing version to check-in. Frustrating as it was convenient and pretty stable but this is too much. So now I am left with logging into the the website.,1
2026-01-01 17:18:05,"won't run on my Lenovo M9 tablet, running Android 13. used to work until a recent update.",1
2026-01-01 15:26:18,No longer compatable with my new Samsung tablet or on my note9. What's with this???,1
2026-01-01 14:55:54,This app does not download on my tablet.,1
2026-01-01 14:26:09,not compatible with my device... seriously?,1
2026-01-01 12:17:10,No longer compatible with my Samsung tablet. What the heck!,1
2026-01-01 12:06:04,This app is no longer compatible with Google Pixel Tablet.,1
2026-01-01 11:54:49,this app is no longer working on OnePlus phones. it is saying it isn't compatible with your device.,1
2026-01-01 04:32:26,No longer available for android tablet,1
2025-12-31 22:21:53,Latest update has severe background battery drain problems.,1
2025-12-31 21:33:16,"The app is asking me to update to latest version pushed on December 22. However, my device is no longer compatible with the latest version. I have been using the app for years with no problems until this update. Everytime I try to access my boarding pass, I am blocked by the popup prompting update which I cannot install due to mysterious device requirements. It is absurd that there is no backwards compatibility.",1
2025-12-31 18:59:21,"Disappointed I see this new version of the app is not compatible with my Android. Over the past couple of years and with heavy utilization, I was very impressed with the ease of managing my bookings and interface with in-flight services using the AC app. Too bad this new version is restricted to only particular users....",3
2025-12-31 18:06:22,"I can't use the app since the latest update, as it is incompatible with my phone and my tablet. I have Android 14 on my Samsung Galaxy Tab 8 and Android 10 on my Motorola G8 Plus. It's quite frustrating as I'm flying back to Montreal on Jan.3",1
2025-12-31 16:10:20,it wont work on my tablet after last download,1
2025-12-31 15:11:22,They disabled this app for my phone for no clear reason.,1
2025-12-31 14:33:15,Terrible,1
2025-12-31 14:29:10,"Terrible, i can not run the new version on my device and cannot check on my flight details. i dont care to get a new phone just to run the Air Canada app.",1
2025-12-31 13:53:29,latest update not working on Android,1
2025-12-31 13:15:52,The app updated and now my device is not compatible. What do I do now. I don't have the card anymore,1
2025-12-31 12:33:10,"not compatible with my phone, incredible they r forcing u to buy a new phone to use an app",1
2025-12-31 12:24:42,"My Air Canada app no longer works on my tablet that is Android 16. The app is saying I have to upgrade the app, but the new version isn't compatible with my Samsung tablet, that is only for Android 12 and up. What's going on Air Canada? Extremely disappointed.",1
2025-12-31 11:56:36,"While in Canada, on route from UK to NZ, I get a notification of a flight cancellation the following day that totally disrupts my flight plan from YYC to Auckland via YVR. Trying to open the App to deal with the changes, I am told that my tablet is no longer supported! it's just as well that I also the app on my phone to access boarding passes etc. TOTALLY UNACCEPTABLE AC - get your act together and fix this!",1
2025-12-31 11:35:40,"it says that my device is not compatible. I have Android 15 (latest version), One Plus 10 pro, and I updated my phone. Everything is up to date, and it still says the app is not compatible with my device. I've had the app since 2021, and today, THE DAY OF MY FLIGHT, I have this problem 😑😑",1
2025-12-31 10:36:42,Stopped working. Just like Air Canada 35year old junk planes. Becoming Air India fast. What can you expect?,1
2025-12-31 09:45:39,"This new app doesn't support my 3 years old phone, and suggest no alternative. I've been using the previous version for 3 years and I had no problem until now.",1
2025-12-31 09:17:08,"service cut out mid travel because my phone doesn't support the forced upgrade. you won't let me use the app now. trash service. 2 cancelled flights and a missed connection, which misses my next connection. timely information could've prevented this.",1
2025-12-31 05:16:46,app no longer available for Samsung tablets.,1
2025-12-30 23:16:52,I just tried to open this app on my S6 tablet and find it no longer works. In fact it can't be updated and now not even offered on Play Store. Can someone from Air Canada confirm Android tablets are excluded from their business model?,1
2025-12-30 19:49:33,"I can’t see my flight information or check in. Ever since my phone forced me to update the app, nothing has worked. I log in, enter my confirmation number, and an error message keeps popping up. This has happened with three different flights (different destinations, months apart). What’s the point of having the app, then?",2
2025-12-30 16:05:33,"No longer works on my Samsung tablet. How am I supposed to watch movies, etc when flying?",1
2025-12-30 13:09:55,the automatic flight updates are very helpful during times when the weather conditions keep delaying flights. I was able to sleep in a little longer!,5
2025-12-30 12:58:49,Unable to install on my phone. Running Android 11,1
2025-12-30 09:26:53,"all my planning is done between my tablet and phone,I can't do this anymore.Other Airlines it is still possible.",1
2025-12-29 23:09:02,won't work anymore,1
2025-12-29 21:58:39,"This app works on all of our devices, even older ones, except a brand new Acer Tablet running Android 15. will this be fixed any time soon???",1
2025-12-29 16:58:13,"Running Android 13, when I open the app I get a message telling me to update the app. When I try to do so, I get a message saying this app is no longer compatable with my Samsung device and contact the developer.",1
2025-12-29 16:39:01,"tried to update but notification says you don't support my phone anymore. I fly every 2 weeks spending thousands of dollars, and yet I now need to get another phone so your ap will work?!? extortion!",1
2025-12-29 15:17:43,"Better than most. However notifications of delays etc come faster via text/email, and every time I try to do anythjng aeroplan related, it takes me off app to a website, and makes me log in again. Now telling me it is no longer compatible with my phone, so I cannot update it.",3
2025-12-29 13:09:57,"Constantly out of date information. Checked in flights dont show seats I selected an hour ago, everything is sluggish, half of the pages are just a poorly done wrapper around a web page.",1
2025-12-29 12:36:24,awful. terrible. frustrasting.,1
2025-12-29 11:35:47,bad. the old app worked on my android tablet. the new app does not. I'm not buying a new tablet so I guess I'm flying westjet!,1
2025-12-29 01:28:19,"Suddenly the app updated and now it says my phone is no longer supported while I am midway through my travelling???? My phone is from 2018, how is that not supported??",1
2025-12-28 23:32:29,"""This app is not longer compatible with my device"" Samsung A70",1
2025-12-28 14:06:29,"latest update ""required"" but no longer compatible with my device",1
2025-12-28 09:16:04,"""This app is no longer compatible with your device.""",1
2025-12-27 22:13:53,"Won't scan my son's passport. I keep getting ""mrz key not valid for this document"" or ""connection error. please try again"". yet my other 3 passports worked no problem. so something isn't adding up. it seems to be a known problem with this app and technology",1
2025-12-27 11:27:54,"its has a great run from the west to Vancouver, love it",5
2025-12-26 19:58:29,"amazing flight , in spite of weather delays. Great work!",5
2025-12-26 15:32:33,"My Android is on the Android 10 platform, and now it's not working with the latest 5.66.2 version of the app. Developer, how is this app trying to be more than what it needs to be. What's that saying, don't try to fix something that's not broken. Because now it's broken, and uninstalling the app is the only option.",1
2025-12-26 12:14:01,useless,1
2025-12-25 22:05:26,Very nice flight and enjoyed fully. Nice food and superb service. 2nd to none.,5
2025-12-25 18:15:38,"bag tracking, better airport maps than the airport itself, alerts and notifications - this app is a great, self-contained AC ecosystem and I wouldn't travel without it",5
2025-12-25 16:01:34,love the bag tracker on my AC app,5
2025-12-25 03:49:40,the worst ever. what is the point of this app when one has to log into ones aeroplan account even when using the app. and that doesn't even touch the problem that I get a message saying that the update is incompatible with my tablet! the other pet peeve is that can't even use the app to check in with a partner airline even though the ticket is purchased thru air canada and the connecting airline I am using is AC?.. Forget the app and just go straight to the I ternet. this app has never really bf,1
2025-12-25 00:39:26,"All of a sudden (update?) this app became a battery hog. I did not even open it, only background activity consumed 20% of my battery overnight! I disabled its background activity, it still consumed 11% over a few hours. Removed that app and restarted my phone. It's a brand new pixel 10. Will not install it unless I have to fly with them again, then will delete it right away.",1
2025-12-24 13:48:32,"Even though the app info states it requires Android 12 and up, it is no longer compatible with my Samsung Tab S6 running Android 12. When I open it, I get the message that it needs to be updated and get redirected to the Playstore where the message that it's not compatible is shown. That doesn't stop the app from sending me notifications regarding my flights. How does that work? It's still running in the background but the UI is dead? Sad.",1
2025-12-23 22:50:26,very kind,5
2025-12-23 12:52:51,so stupid that it isnt available except for the very latest phones. ac nonsense,1
2025-12-22 03:32:51,"I am always happy with Air Canada, however the Sunflower program must include people with early dementia needing assistance. I was not impressed how Montreal staff let a passenger with dementia after registering to Sunflower program roam free in the airport. Strike one Air Canada Montreal. Toronto and Vancouver were excellent.",4
2025-12-21 12:10:36,Forced to download this bloatware because you dont offer any other way to track my lost luggage (I paid you $150 to transport that luggage.),1
2025-12-20 17:51:47,"Until recently I was able to use the App on both my Samsung Galaxy S25 phone and Tab S9+ tablet, but now the App will not work on the tablet - why not? I use my phone when flying with Air Canada for check-in, baggage notifications and boarding prompts, etc, but I use my tablet when booking a flight since the larger screen format I find beneficial. Please fix this problem ASAP.",1
2025-12-20 17:30:29,kept me up to date and very informative.,4
2025-12-20 11:45:01,Great app. I receive real-time updates everytime there are changes in my flight status.,5
2025-12-20 01:25:49,So when did the Air Canada app become incapable with android tablets? Absolutely ridiculous!,1
2025-12-19 16:33:54,"great app experience!!! alerts, info, bag tracking, receipts.",5
2025-12-19 16:11:21,great,5
2025-12-19 12:12:24,My main purpose is to check-in online to print a boarding pass. I was directed to other things and could not get back to the boarding pass. I don't know it is done or it is not done and no boarding pass!,1
2025-12-18 18:22:41,excellent customer service caring staff,5
2025-12-17 14:26:13,still some lag in update when there is a change about the flight while you're in the airport,4
2025-12-17 08:01:52,So far so good,5
2025-12-16 19:22:19,"user friendly. so helpful in booking, checking in and staying updated with your flights status and learning what to do at each step.",5
2025-12-16 18:01:32,Great news! Bag tracker technology is alive and you don't need to pay extra for it! Follow your bag and know where it is from the moment you send it on the belt and follow the adventure until you are reunited. You even know the names of the humans who interacted with your bag. A great invention that's long overdue 😉,5
2025-12-16 12:51:39,Best 👌 Airline in the world,5
2025-12-14 07:18:49,"having a row of 10 across in economy made the journey unpleasant, especially when in a middle seat beside someone who should have 2 seats. had to stand for much of the flight as sitting at an angle hurt my back.. wifi on flight was also in the expensive side",3
2025-12-12 12:00:31,one of the best flying app. very fluid and intuitive.,5
2025-12-12 01:29:54,happy with this app its informative and helps with baggage tracking as well as any updates to your flights.,4
2025-12-11 18:35:59,"Support is a failure, I wrote to them 2 months ago and they still haven't responded.",1
2025-12-11 08:52:51,can't install the air canada app,1
2025-12-11 07:38:28,"Honestly, the app itself is the only positive experience about this entire airline. but I have to give it a piss poor review because I need to delet it because I'll never use it again because I will never fly with these people again. It's an embarrassment to the human race. Don't bother to download this app because I'm going to advise you to not be bothered to take one of their flights if you value your time and your life. 13 Hours overnight, they did not offer me a hotel or food vouchers.",1
2025-12-11 02:07:59,"Accurate flight information, baggage tracking, gate information - slick app.",5
2025-12-10 23:02:10,Overall it's a very well designed app. A few flaws here and there but it's pretty straightforward for booking flights and keeping track of Aeroplan points.,4
2025-12-10 14:20:31,"Worst excuse for an app, systematic error message for anything concerning flight status or looking for flights",1
2025-12-10 08:41:07,all good no big delays. staff were friendly very impressed with air canada. Will definitely fly them again.,5
2025-12-09 22:49:52,"said my device is incompatible. my spouse as the exact same phone. I call BS. tried downloading from Google Play, website and even third parties . continuing problems continue",1
2025-12-09 15:18:08,Can't Install App on Samsung Galaxy tablet A9 plus with Android 15 2024 Mode? So I can not track my vacation and Flight Now 🙃,1
2025-12-09 02:37:40,on time or before in our last several trips,5
2025-12-08 17:44:33,"There is an issue within app, if you reschedule your flight then the dates on overview screen gets updated however when click on trip and see details and under flights tab you will still see the old dates for each location. Example check in date, getting to source date, at destination date.",1
2025-12-08 16:53:34,doesn't work,1
2025-12-08 00:13:27,Unfriendly attendant on the Toronto to Vancouver flight and only one offer a beverage during that long flight.,3
2025-12-06 01:59:27,cool,5
2025-12-05 14:59:56,"No hassle,easy going though the process. staff is very helpful . Always travel with Air Canada.",5
2025-12-05 10:10:34,"Rip off and dishonest, stay away",1
2025-12-04 16:55:03,not available for new galaxy 11 ultra!!!! Westjet app works fine.,3
2025-12-04 16:36:06,great experience I'd do it again tomorrow,4
2025-12-04 15:21:17,to complicated the app was discontinued I can not use the AC apps that I have already installed this is seriously inconvenient,1
2025-12-04 12:05:52,Super helpful assistance!,5
2025-12-04 09:53:56,are you serious because of a new update I cannot use the App anymore because my device is to old that's insane,1
2025-12-03 20:41:54,they provide a tracking record of luggage and who loaded it on flight.,5
2025-12-03 17:03:40,Not able to use this app any longer saying it's not compatible with a tablet decide,1
2025-12-03 11:57:37,"I am retired staff and bags left in LHR Dec 1st. Ref YYCAC62731. Can't find any info where they are. mine was to come on AC133 Dec 2nd, nothing. my husband's to come on AC851 Dec 3rd, tonight. But nothing shows on the AC mobile app. Very frustrated.",1
2025-12-03 06:59:59,"Great, easy and useful app",5
2025-12-01 14:06:46,"Cannot Update, From The new update",1
2025-12-01 04:44:46,Easy to use.,5
2025-12-01 02:42:19,"Apparently this will not work on my Samsung Galaxy Tab S6 Lite tablet now. I am running Android 14. Suggestions? I tried to update it with the early November, 2025 update and it says to contact the developers. And the app will not run without the update. Not happy.",1
2025-11-30 22:00:30,my android 14 device is being told by the latest app update Nov 6 that it is no longer compatible with my Samsung tablet???????? come on,1
2025-11-30 19:49:52,"this app is complete garbage on Android. The login system doesn't work at all, therefore you can't use the app.",1
2025-11-30 09:09:19,Used to be a decent app. You can’t even check in with a peasant fare now without handing over your credit card and paying for a $69 hold. It feels like they’ve turned a simple check-in into a paywall.,1
2025-11-30 00:49:35,"I loved that I got a discount code for my birthday, it made a huge difference when I needed to travel. Great staff and good flying .",5
2025-11-30 00:18:03,"would not let me create areoplan account, tried for an hour",1
2025-11-29 15:27:15,not compatible with my samsung tablet A9+,1
2025-11-29 15:12:26,travel 🧳 through this holiday season vacation 🎆 it's remarkable 🎇 to enjoy 💕💕💕,4
2025-11-29 12:56:59,"My friend is trying to get the APP, and gets all kinds of Ads and other options. I tried to update my APP and it says it is not compatible with my Samsung tablet....???",2
2025-11-29 12:49:31,great company !,5
2025-11-28 22:39:09,"I can't install on my phone (Android 11), it will not allow me to use Air Canada app. is there a version that I can use?",1
2025-11-28 11:11:17,"needs update. calendar sync no longer working, cannot view flights in trips, flights not appearing in flight status until 24 hours prior",4
2025-11-27 20:13:48,"The bags were left behind is a bad experience. This causes frustration to find the missing bag at the final destination, spend hours in queue to file the paper work with lots of passengers missing bags, Canada Airlines should do better management so this should not happen again.",4
2025-11-27 16:42:28,ok,5
2025-11-27 12:06:56,I tried to access the Air Canada on my tablet and got a message that a new update was available. I was taken to the Google store after selecting the download and got a message that my device was not compatible. I'm not longer able to access the Air Canada app on my tablet.,1
2025-11-27 08:02:10,doesn't work,1
2025-11-27 07:29:51,app no longer works on Android,1
2025-11-27 02:31:00,Awesome experience,5
2025-11-26 10:13:47,"The app is no longer campatable with my android phone, I've had the Air Canada+Aeroplan app for years but now I can't use it and we are in Canada. it's ok now we are back in England and I can get the updated app now👍",5
2025-11-25 19:55:31,God is Great 1.Best of The Best unbeaten,5
2025-11-25 19:25:55,"a lot of useful information, easy to use",5
2025-11-25 01:39:03,"I have been searching for about a week for a flight ✈️ to visit my family, but the prices were unreachable, when I found a less more than 500 box chipper ticket, then all of the sudden the prices dropped down the same value. Why Air Canada 🇨🇦 🤔? That's not good for the long run. with full respect.",3
2025-11-24 14:20:29,not compatible with Samsung tablet!,1
2025-11-24 12:53:14,left on time and arrived a little early. had my checked bag and out the door before our scheduled landing time. need to encourage more of this :),5
2025-11-23 13:04:26,horrible,1
2025-11-22 23:19:51,good,5
2025-11-21 12:50:23,App is easy to use and provides valuable details for my booked trip. Very useful!,5
2025-11-21 03:38:09,"New customer, but every time I log in, the app tells me that my Aeroplan account has been deactivated.",1
2025-11-20 18:53:43,very accommodating!,5
2025-11-20 06:40:42,easy and informative,4
2025-11-18 22:14:29,I'm happy to have my air canada app now.,5
2025-11-18 07:44:17,good,5
2025-11-18 03:40:01,"$30 compensation for a 6 hour delay at an airport where a coffee is $10 is lame. A lso, knowing people have not prepared to not eat for those 6 hours, a more fulsome choice of food on the plane would have been appropriate- you too had 6 hours to plan for that change.",3
2025-11-17 19:26:02,"★★★★★ Absolutely blown away with this app As a QA analyst, I’m not someone who hands out praise easily. Usually an app is fine or good and that’s it. But the Air Canada app honestly impressed me way more than I expected. The design is clean, intuitive, and genuinely smart. The guided journey from booking an Uber to knowing exactly when to get to the airport, where to drop off luggage, and every step after is incredible. Everything is laid out in a smooth, nice looking logical flow.",5
2025-11-17 15:43:05,"My biggest disappointment with this has been that, I installed one app version, it was absolutely shocking and I couldn't check into my flights or get my boarding pass to work. I gave up while travelling to Canada, and in the end screenshotted my boarding pass from checking in on the website. Then I noticed today, there is another version with Aeroplan, I have installed that, but it's a completely different app and instead of updating the rubbish one, it's installed a completely new app. WTH?!",1
2025-11-17 10:32:49,"if I can not use it, I can not rate it!",1
2025-11-17 06:14:38,it will be perfect if they add a Widget,5
2025-11-17 03:48:20,"Rate this app, very poor, very poor. now the app says my device is not compatible.",1
2025-11-16 20:52:34,"Honestly, I do not understand the huge ranting going on about this app. It is working very well, tracking my future flights, having my Aeroplan synced, etc. The features are working as expected and information is provided as expected. I am just removing 1 star for excessive unnecessary visual information... It can be simpler and even more intuitive for its purpose. Removing one star for forced requirement update. Removing two stars because it is Air Canada.",1
2025-11-16 19:56:26,Update won't load on my phone.,1
2025-11-16 16:30:06,useless as won't upload on my perfectly good older phone,1
2025-11-16 14:55:08,"Always good service with good prices, my go to airline when I visit family in Calgary.",5
2025-11-16 09:16:42,"This is one of the best airline applications I have used. however, it requires some updates as we can't book for infants with the app.",4
2025-11-16 04:26:46,Everything is explained very clearly. Easy to navigate the app.,5
2025-11-16 00:48:00,excellent baggage tracking info. highly recommended. Professional team.,5
2025-11-15 22:12:43,luv traveling with Air Canada .. it still provides excellent service through and through. I feel they value their customers.. still to date. 😃 thank you!,5
2025-11-15 13:14:58,cant access this app any longer. it should not disable access from older devices. too bad as I liked it very much for bookings and checkins,1
2025-11-15 09:24:58,Good service,5
2025-11-15 08:01:00,always fly Air Canada. best airline in North America and member of the Star Alliance.,5
2025-11-14 06:27:06,Forced an update to use app on day I went to airport and then said my device was no longer compatible! It was working the day before. If I didn't have my wife's phone with me I would be missing my flight!,1
2025-11-13 12:34:04,"Fake and Counterfeit Identity like National IDs ,Passports and Driving Licence Cards. Invalid NIN and Card Numbers. Flight Boarding Passes . No Air Passenger and Exact Air Cargo Planes like FLY Emirates",5
2025-11-12 21:55:30,"i'm being forced to upgrade to this version, which is says is not compatible with my device. Clearly work needs to be done to make the update more universal or to remove the update requirement",1
2025-11-12 10:30:45,all travel plans in one place,5
2025-11-12 10:20:30,Honestly one of the better air line apps out there. Great for checking flight info and booking if in a rush.,5
2025-11-12 00:58:38,They do not support my phone system now after years of having it. Worst update and decision ever as far as I am concerned!!!!,1
2025-11-10 07:13:26,works well,5
2025-11-08 17:10:26,why oh why would you bury the seat information on a booking one click deeper. Awful update that brings nothing to the table except regression,1
2025-11-08 14:40:37,👍,3
2025-11-08 12:11:30,"I enjoy flying Air Canada, both domestic and international. The beautiful Air Canada/Aeroplan app seals the deal for me, as it is fast and super-convenient, with real-time updates. I gave a review shy of one star because I thought the complimentary snack was a little itsy-bitsy, especially given how expensive inter-provincial flights are. I would have thought it should be a little more than a nano-sized pack of pretzels.😀 Otherwise, Air Canada is superb! Keep it up!",4
2025-11-08 06:48:28,"work well, has all the information I need easy and clear",5
2025-11-07 15:47:44,good,4
2025-11-07 10:26:01,excellent 👍👍 excelente Servicio,5
2025-11-06 10:53:25,"This is one of those nightmare systems you want to avoid. Cannot login, because you didn't use your account. cannot reset password, because we have unknown error. Cannot create a new account, because you have one. Then you learn the air canada policy changed for ""no carry on"". Welcome to the Spirit club of low quality carriers.",1
2025-11-03 14:57:21,Terrible Company,1
2025-11-02 20:18:47,"My first time flying. and first time with air Canada. Everything was smooth. I have heard lots of bad experiences but for me, everything was so smooth. I am very thankful for the service and the air Canada App and first time experience was great. thank you",5
2025-11-02 12:30:07,Terrible people work here.,1
2025-11-02 09:02:33,very happy to get free seat selection again.,5
2025-11-01 19:02:51,Just took a trip to BC using my points. it was a very good experience gluingcwith Aid Canada.,5
2025-10-30 15:17:38,"It's good. the odd little hiccup sometimes, but it's easy to use and is a one stop shop for bookings, boarding passes, upgrades and Aeroplan.",4
2025-10-30 15:10:04,10mim to load aeroplan...... over and over and over and over,1
2025-10-29 12:40:07,This is by far one of the worst app experiences and payment models I have ever had to deal with. I randomly get kicked out of the app. Their upgrade bid UX just ends at the terms and you can't continue. After trying to bid for an upgrade for my fiancee 3 times and it leading to the same page that you can't continue from I had to give up. I'll try on desktop later. But Air Canada in general is shady with their prices. Almost every time I go to buy tickets for the same trip the prices change.,1
2025-10-28 23:00:33,Easy and helpful!,5
2025-10-27 06:26:56,having to do certain things in the browser is a down side. such as logging into aeroplan store.,4
2025-10-26 16:59:47,"clear, easy to navigate",5
2025-10-25 11:29:06,"great experience. I haven't flown with this airline for a very long time. I love the change. great job, guys",5
2025-10-24 23:32:11,"honestly, they knocked it out of the park with this app. it's truly awesome!! use it!!!",5
2025-10-24 03:13:00,"They update the app and now it will not work on my devise, it makes me very concerned that they can't make them backwards compatible. How good is the app for security if they can't develop it properly.",1
2025-10-23 18:14:41,Proud Canadians airline however bit generosity is needed when flying long route. One meal in 7hr flight and no coffee or drink or snack is not justified. this is not the first ever experience. I have flown many time domestic and to Dubai but not surprise,4
2025-10-22 21:14:10,"it was all perffec until the latest update, keeps crashing Oct 22, 2025. so stupid!!!",1
2025-10-22 20:20:50,"Just advised my phone is no longer compatible with the latest version of the app. No warning, no advice on what upgrade I need to be compatible. Sorry you are out - go get a new phone. Very upsetting.",1
2025-10-22 16:26:20,I can no longer use this app because latest update is not compatible with my Samsung Galaxy 8. Why?,1
2025-10-22 08:34:09,Works great and does everything I need it to do.,5
2025-10-21 07:45:36,"I am frequently unable to scroll on any drop down menus or pop-ups to make a selection lower on the list. Example, I was born on the 30th of August and it took refreshing the app 3 times before I could input my birthdate correctly. I only downloaded the app because they left my bag in Ireland and I was trying to track it, but I still ended up not being able to make it work.",2
2025-10-20 12:54:40,"From start to finish, Air Canada delivered outstanding service on my recent flight. Check-in was smooth and efficient, the onboard staff were genuinely friendly and attentive, and I was impressed by how easy it was to track my luggage in real time through the Air Canada app — such a great feature! The icing on the cake was the complimentary onboard WiFi, which worked perfectly and made the flight even more enjoyable. Thank you, Air Canada, for such a seamless and comfortable travel experience",5
2025-10-20 05:08:54,la service devotionnelle 2004-2005,5
2025-10-19 06:33:28,Nice knowing the status of your luggage.,5
2025-10-18 14:56:57,ok,5
2025-10-16 18:39:47,Loading and crew were excellent. On time.,5
2025-10-16 17:29:56,amazing app,5
2025-10-16 15:48:33,nice service,5
2025-10-16 15:38:08,Great experience using the app.,5
2025-10-16 15:26:53,l looks very easy to navigate. 😀,5
2025-10-16 06:30:10,really don't understand your question.,3
2025-10-14 15:17:08,excellent service with the agent,5
2025-10-14 14:53:50,"Does not work on older phones, so now unable to use my old app. Need to get the same system as Westjet.",1
2025-10-13 10:51:00,Can't sign in... completely useless.,1
2025-10-12 23:14:28,Neutral Unused as yet so unable to give a valid or factual response Looks ok??,3
2025-10-10 10:12:59,Love this app! Easy to use and keeps you up to date on your flights.,5
2025-10-09 22:29:23,very good !,5
2025-10-09 03:02:53,"fix your payment system, I've lost out on upgrading my flight because the website/app wasn't working, idk how many times I've tried paying for those upgrades and end up losing out on it because of how bad the online payment system is. I had to be stuck on the phone for 2 hours with my bank to find out my cards are fine, and nothing wrong with them.",1
2025-10-08 10:32:51,"The app is great - easy to use and really like the functionality during travel with checking, boarding passes, luggage tracking, updates, etc. Would love to be able to add multiple payments when booking for multiple passengers instead of having to do them separately.",5
2025-10-05 23:45:53,"first time flying Air Canada 🇨🇦...everything is so efficient and easy, no worries at all about flights, bags, etc....thank you Air Canada!",5
2025-10-05 04:36:04,All information needed for a successful flight,5
2025-10-04 07:08:41,Self check in at Pearson was easy. Baggage tracking service is just amazing 👏,4
2025-10-03 17:25:53,suboptimal experience compared to iPhone version. no ability to send mobile passes to Google Wallet. have received email saying I have a reassigned seat and to check app for new boarding pass. still shows old seat assignment.,1
2025-10-03 10:18:56,👍🙂,5
2025-10-03 08:48:19,Very detailed and up to date app,5
2025-10-02 23:02:24,"Staff is very nice, very helpful, and very professional.",5
2025-10-02 11:37:23,"Digital Identification is broken (""liveness check unsuccessful"" error)",1
2025-10-02 03:11:27,"My number 1 preferred airline whenever I book my Travels. I gain Aeroplan points on every trip, customer service on-board the plane is topnotch and food selection is very good.",5
2025-10-02 01:24:18,Tracking successful and bag was on carousel when arrived,5
2025-10-01 21:55:04,very nice I love it!,5
2025-10-01 21:32:02,very customer friendly,5
2025-10-01 00:45:19,wonderful experience with baggages handling and flight experiences,5
2025-09-29 11:09:26,seats assigned were not wide enough and no room for my legs even though I paid extra for the flight. I got better seats when I chose the basic level.,1
2025-09-29 02:50:16,"We had a completely incredible USA to Europe experience! Amazing for great staff, planes were in great shape, love Air Canada!",5
2025-09-28 17:05:06,all good,4
2025-09-28 04:03:47,"staff are very accommodating, and the flight is very smooth 👌",4
2025-09-27 23:28:04,Great app for staying informed about your flight. I never fly AC without it.,5
2025-09-27 15:47:21,"I felt secure, safe and at ease with flights, transfer and baggage logistics.",5
2025-09-26 23:37:40,"when booking rewards flights, the app gets stuck on ""we are working on your reservation"" even though the itinerary is already issued by email. When flights get delayed, the app doesn't provide the updated boarding times, only the scheduled one. The website version of the mobile boarding pass at least provides updated boarding times, so why are people supposed to use the app?! Update: months later and this still isn't fixed. Nowhere in the app are updated boarding times addressed",1
2025-09-26 16:34:15,Way better than before. I am impressed.,5
2025-09-26 14:22:24,This app will not allow you to check anything. I can't log in . I have to go to the website just to check the status for my November flight ✈️,2
2025-09-25 20:50:40,App tries opening chrome when I click on Aeroplan and fails miserably. I emailed customer support and got no response.,1
2025-09-24 21:34:12,Buggy,1
2025-09-24 19:56:05,Air Canada will sell you a pair of tickets not seated together. So they can upcharge you on seats. App works well but the maps are not great.,1
2025-09-23 21:20:17,very helpful staff members and flights are more than often on time,5
2025-09-22 21:28:45,Impressed. One of the best airline apps by far. Gives detailed information for your entire international journey plus transfer instructions. Also tracks your bags. Notifications are always on time too. Delta/United seems to always notify you about boarding after you are already on the plane and they may or may not tell you if your luggage is on the plane. Might need to fly Air Canada more often.,5
2025-09-21 19:26:32,communication is sweet,5
2025-09-21 08:17:39,even given the bad reputation from the latest strike (was very skeptical to fly with them..) they are giving good services to my great surprise,5
2025-09-20 18:27:03,"One and only issue is that there is no way I can leave the review or feed back about my current experience with the crew and their behaviour. One of the flight attendants who served me, named Jose was very rude and didn't even provide the napkin or give me the option to choose my preference of pretzel or cookie. He just gave cookie whether or not I can have it or not.",5
2025-09-20 09:49:49,Wonderful.,5
2025-09-20 00:06:09,points don't show fast enough,3
2025-09-19 15:48:37,"So frustrating. This has been the most difficult airline I've ever tried to use. You can't rely on the reward availability that the app shows. Hold times are over 30 minutes, but the call back feature works. Still, some customer service reps are unpleasant and impatient. i just want to book a reward flight, and I've spent over 30 hours trying.",1
2025-09-17 14:11:45,Very slow at times.,3
2025-09-17 00:34:22,It's super easy to navigate..,5
2025-09-16 21:09:26,"Can't sign in. Also a message apear ""AirCanada app can't use the mobile data. Change this in the settings"" which is turned on. I had to move the aeroplane card on a different app. Total garage.",1
2025-09-16 04:17:25,I have tried complaining through the help button on the app before but never got a response I have a peanut allergy and I still have to go and line up to tell a person at the airport it would be more convenient for everyone if there was an option on the app to let the crew know early and not have to accommodate me last minute,1
2025-09-16 03:27:13,informative but there has always been slight error like server issues perhaps but overall is good,5
2025-09-16 00:28:50,Please add the 'add to Samsung Wallet' button to support the Samsung Wallet for Aeroplan and Air Canada boarding Passes.,1
2025-09-15 11:20:31,The app doesn't apply all the benefits of using TD bank's Aeroplan Infinite Visa.,3
2025-09-14 22:54:17,Love the service I receive from Air Canada they are my preferred airline.,5
2025-09-14 03:29:52,it was a good experience,5
2025-09-13 18:08:38,consistency in good service.,5
2025-09-13 10:31:15,"I spent a little time familiarizing myself with the details. Hopefully when we are on our trip, it will continue to be helpful",4
2025-09-11 20:48:49,Easy to use covers everything you need to travel,4
2025-09-11 17:33:00,"first announcement AC PROBLEM (2) ANNOUNCEMENT BECAUSE OF VIP STATUS AT LGA, A DELAY OF ALMOST 2 HOURS, NOW FIRST PROBLEM EXXSEERBATES SECOND PROBLEM ( U KNEW WAY IN ADVANCED THAT TRUMP IS VISITING NYC TODAY +U HAVING AN ISSUE WITH YOUR AC, SO HOW DOES IT IT JUSTIFY THE MEANS, YORE ARE KEEPING OLDER PEOPLE IN A TIGHT AIR",1
2025-09-10 17:52:16,usually works somewhat,3
2025-09-10 12:05:17,"the app is a winner. easy to use, great features.",5
2025-09-10 09:39:51,Cannot log in or retrieve anything from it,1
2025-09-09 13:42:20,"other than ruining my trip due to the strike, everything is blessed 🙌🏽 😇",5
2025-09-09 13:25:26,"Support keeps hanging up, not giving the right number.. without even saying anything... so unethical... also, if you end up reaching the right number, they show frustration over the phone and do uff uff without even listening completely... it's very annoying.. even social media is unresponsive",1
2025-09-08 16:10:28,"Android (Sept 8, 2025) - No option to add flight to calendar before check in. No link to share flight details directly from the app.",1
2025-09-08 14:54:12,Terrible experience,1
2025-09-08 08:42:22,The bag tracking feature is 👍,5
2025-09-06 22:52:58,"app is glitching, doesn't allow me to login. just refreshes page",1
2025-09-05 19:06:29,Found a good deal so I siezed the moment.,5
2025-09-05 17:47:03,Excellent! Thank you!,5
2025-09-04 20:33:27,Great app for traveling! Everything is in your hand.,5
2025-09-04 17:18:03,"the update made this app completely unusable. in the check in view, you simply can't scroll up , it just dismisses the whole thing and you have to start from the beginning.",1
2025-09-03 21:55:10,Delayed over an hour leaving Sydney(YQY) to YUL. Some passengers missed their connection.,4
2025-09-03 00:31:56,no longer works on galxy tablet.....will book westjet next time.,1
2025-09-02 21:02:14,good,5
2025-09-02 14:45:05,"App didn't remember my passport or traveler number from my last flight. It also didn't know my aeroplan number despite that being tied to the account I had to make to even sign in to the app. I eventually figured out I had to add this information to my account profile, but it wasn't obvious this was needed. A prompt to add it if I enter the info to check in and it's missing from my profile would be a good addition.",3
2025-09-01 17:59:02,this air canada express airplane...one toilet is not flushing well and no water coming fromsink.,4
2025-09-01 12:20:09,My luggage has been lost for three trips in a row and I still haven't received any compensation whatsoever!,2
2025-08-31 12:50:09,VERY HELPFUL & ACCURATE,4
2025-08-31 09:37:05,Needs a widget for aeroplan barcode.,1
2025-08-31 05:39:23,Easy to use and bag tracking is awesome 👌,5
2025-08-31 04:27:02,"Absolutely great experience with Air Canada flight, baggage etc it was soooo simple and the AC app is really good, giving up to date information on flight and bag tracking. Thank you :)",5
2025-08-30 08:10:13,"I'm not one for traveling, but this is my second experience in 6 months, and the app is ever so helpful. I also find all Air Canada personnel to be extremely professional, friendly and helpful. thankyou",5
2025-08-30 06:05:00,this the best,5
2025-08-29 21:31:26,exceptional,5
2025-08-29 18:39:46,as always even in tenuous situation the flight attendant s were great,5
2025-08-29 07:01:27,Everyone was very friendly and helpful 🙂,5
2025-08-28 18:43:03,It's been awhile since I have flown. Like the bag tracking. Sit at your seat the screen clarifies. App functionality is great,5
2025-08-28 13:37:14,"I have to give 1 star to this ""app"" because everything you click to do it kinda opens a browser, loads a page and does everything the exact same way if you were using an actual browser, which makes everything slow. I hope you'll put more effort into it to make it faster and independent of re-opening whatever I click on a ""browser"". Worst airline app I've used so far, congratulations.",1
2025-08-28 10:38:26,"the worst airline. nothing organized, attendants get terrible attitudes. always delayed.",1
2025-08-28 06:30:05,this app worked for me in China without using a VPN. all my travel was there. boarding passes etc......,4
2025-08-26 15:26:16,The website is full of glitches. Prices are not matching real life. Beware of purchasing any flights or making any changes to your flight. They send you emails confirming whatever you have done online just to be humiliated and degraded in front of everyone when they inform you that you don't even have a ticket and blaming you for having done something wrong on the website. This airline should be sued for having such a dysfunctional website and app.,1
2025-08-26 13:37:25,tuve muchas complicaciones para corregir el apellido en mi vuelo,3
2025-08-25 12:43:16,The app gives me the latest information about my flights.,5
2025-08-24 07:00:36,sometimes hard to navigate,3
2025-08-23 20:03:07,Great staff smooth travel to Europe from us,5
2025-08-23 09:19:58,I really appreciate the AC app as it has absolutely all the information I need for a smooth journey. Having the boarding pass there is so convenient 👌,4
2025-08-23 08:41:24,Very user friendly!,5
2025-08-22 00:57:20,"almost feels like a scam. even if you use your points they for some reason make you pay additional fees in cash. for example I have 50k points which should convert to around $800 towards flight but because of additional fees, in reality I am only getting $200 off compared to regular cash price. and if you dont have exact balance to cover the tiered payment options, they forced you to buy points at absurdly high rates - if i recall correctly around 3x what its worth. I will NEVER recommend.",1
2025-08-21 15:39:21,the best airline and staff . especially Justinen Joo,5
2025-08-21 14:35:59,Excellent experience...first time flying Air Canada and utilizing lounge amenities! Absolutely head and shoulders above ORD lounge and facilities! Well done CA (and I don't mean California!)! 🎉,5
2025-08-21 07:08:39,It works great it keeps me posted on my flight and it keeps me updated on my points.,5
2025-08-21 01:34:21,one of the best that happened today was meeting guy named Rory at Vancouver Airport. this guy is one of the best person you could ever meet. Rory helped me to get me to my flight gate. He is soooo helpful it's just amazing . I can go on n on how grt this gentleman he is . He made my trip totaly grt. In the plane was slightly different story. I was served Luke warm coffee and I told the air hostess about it . And I asked get me some tomato juice. she never got that for me . Rest was grt.,3
2025-08-20 22:55:22,"This app really got me through a difficult time with the strike. I was immediately informed of cancellations and disruptions in service, I didn't have to worry about a paper boarding pass, I was able to easily add a checked luggage to a ticket that I hadn't previously had one for. I couldn't be happier, really. Truly a well thought out and user friendly app. Takes so much worry out of travel. For the first time in my long (ish) life, I am able to confidently travel alone.",5
2025-08-20 08:12:09,awesome,5
2025-08-20 07:03:34,Refund doesn't work! No customer service links or working phone line.,1
2025-08-19 22:02:45,"The app is terrible as the company itself. they did ruin my only vacation I had this year never gonna use them, not that app, not their planes.",1
2025-08-18 23:17:55,think of this 1 star like your employees wages. I'll give you a 2 star rating in fractions over the next 5 years. you had time to pay up.,1
2025-08-18 14:44:58,The app is very informative and user friendly,5
2025-08-18 07:44:50,good,5
2025-08-17 18:44:38,Great app but don't like the strike,5
2025-08-17 16:11:46,"air Canada's response to the strike has been horrible. All pretty words were designed to conceal that they ignored passenger rights and their obligations to passengers under the Montreal Convention. Passengers on cancelled flights are supposed to be rebooked within 48 hours. There is no sign this will occur, and in fact, every sign is that Air Canada is simply walking away from those travellers whose flights it cancels.",1
2025-08-17 15:05:35,"I hardly trust the airline due to strikes and very poor compensation since they claim ""it was out of our control."" However, Air Canada had plenty of warnings and abused employees out of their very well deserving pay. It's sad that the app is easy to use and the employees are so nice, yet they get paid little to nothing for their long hours. Come on, to be honest,Air Canada is going to receive a class action lawsuit at some point soon. Do not use the airline unless their are no other alternatives",3
2025-08-16 16:30:56,"more US and European hub airports maps would be super helpful, like San Francisco and Munich. also on android phone with smaller screens, the date can't be properly displayed on flight status section.",4
2025-08-16 12:41:22,Horrible response to the strike. I ended up having to rebook to flights costing quadruple the amount it was supposed to cost.,1
2025-08-16 10:25:07,"cannot login, pressing login does not do anything",1
2025-08-16 07:11:06,very useful app,5
2025-08-16 02:14:14,This app is as efficient and useful as Air Canada's staff lol Par for the course these days in Canada. It is almost impressive how incompetent the whole company is. Terrible app. Terrible company.,1
2025-08-15 21:16:19,Air Canada is a greedy company who would rather pad their executives pockets with millions of dollars than pay their employees a fair rate. As a result they have disrupted the travel plans for thousands of Canadians and pinned the blame on their own employees rather than themselves. Shame on you and may your company crash and burn.,1
2025-08-15 20:47:29,great user friendly app,5
2025-08-15 15:59:26,Great App! Easy to navigate & very user friendly,5
2025-08-15 13:08:55,great choice of an airline to travel with.,5
2025-08-15 06:39:33,I love the app. I can see my upcoming trips. check in online. Select my seat and download my boarding pass.,5
2025-08-14 19:17:02,Excellent service except flight attendants need to be more attentive.,4
2025-08-14 18:46:50,"First time with Air Canada, and I'm LOVING IT. EVERYTHING was PERFECT.",5
2025-08-14 17:08:39,easy to use.,5
2025-08-14 09:55:19,"excellent service for disabled companion, excellent baggage tracking system.",5
2025-08-14 07:37:13,The seat map is not showing the seats that are booked properly.,1
2025-08-13 15:47:15,"does not work for booking award travel on Turkish Airlines. When trying to book using points, it gets to the part where it confirms the flight you chose and to book seats, and it just says that there is a problem, and to try again. I have tried again over 30 times over a month in time, and still the same error. have left feedback with contact info, and nothing. Have also given up on trying to call Aeroplan to assist, impossible to get through.",1
2025-08-13 10:27:59,great app to have if you are flying with AC,4
2025-08-12 15:27:15,One of the best airline apps. AC has done a great job with additional functionality like bag tracking and making flight menu available beforehand.,5
2025-08-12 09:40:10,everyone at Air Canada is so helpful.,5
2025-08-11 09:34:09,i wishe the food could be more tasty and not always chicken or pasta 🤷🏽‍♀️ meat or eggs would be a choice .... 🙌 thank you,5
2025-08-11 09:29:54,very helpful definitely recommend,5
2025-08-10 16:33:13,Air Canada app is very easy to operate on the tip of your finger and makes flying easy and pleased,5
2025-08-09 17:00:22,"extremely useful, easy access to my trip, very informative.",5
2025-08-08 09:51:41,easy to use,5
2025-08-08 07:03:48,Never had any problems with Air Canada the app is great flights ✈️ are amazing and the service is top notch 👌 plus they have never lost my luggage 🧳,5
2025-08-07 15:34:22,Doesn't work Cannot add my booking to the app. It keeps giving me an error message and saying that they are working at it. I have tried to add my upcoming flight for the past 2 weeks and it doesn't work. Terrible app. What is the point of an airline app if I cannot add my flight to it !!! Same problem in May 2025. Cannot add upcoming trip. I emailed support. The App still doesn't work. Tried to scan my boarding pass it won't work. Try to scan my bag tags it won't add. Aug 2025. I give up!.,1
2025-08-07 05:23:47,Simple and easy to navigate.,5
2025-08-06 20:57:30,"useless, doesn't work",1
2025-08-06 13:45:55,"Can't get logged in on phone, tried uninstalling and reinstalling app, etc. This app doesn't work. Super annoying bc I need it for upcoming trip.",1
2025-08-05 22:06:34,"excellent app, friendly and well designed",5
2025-08-05 22:02:37,Very 👍,5
2025-08-05 18:10:52,"The flight on Air Canada from Montego Bay was definitely an upgrade from the Spirit flight to Montego Bay, Jamaica. At the very least, water was free and the cabin crew were helpful.",5
2025-08-05 11:33:34,best app and service in the business,5
2025-08-04 21:33:36,"this app was so easy and clear to understand and use, it provided me with accurate information and updated as needed. boarding passes were easily accessible",5
2025-08-03 12:51:58,It's great,5
2025-08-02 13:40:56,Baggage tracking is a great feature. No need for tiles or airbags.,5
2025-08-02 09:52:35,very informative,5
2025-08-02 00:11:03,Amazing App,5
2025-08-01 00:52:05,Thank you Daniella for all your help booking my flight it was a pleasure !,5
2025-07-31 20:39:25,"The whole process from booking the flight. to communication before, during, and after was excellent. The flight was long but comfortable enough and the staff was both friendly and professional. The only minor complaint was the engine noise seemed overly loud. That could be because it's a smaller plane and the length of the flight. overall a great experience .",5
2025-07-31 05:49:37,so far so good I'm at gate waiting to depart.,5
2025-07-31 03:25:14,"Great app. very easy to use, and flight details are the best.",5
2025-07-30 13:10:08,Air Canada has improved its service a lot. Great work. Proudly Canadian.,5
2025-07-29 21:15:51,Great planes and crew.,5
2025-07-28 21:38:28,very good service and very good app. gives you all the details about your journey and all the information available on the app. 😊,5
2025-07-28 20:32:21,great to have an app for the airline and have a digital back up for boarding pass. just need a wear os version like Korean air so I can have my bording pass on my galaxy watch.,4
2025-07-27 23:03:49,I've made my choice and I'm delighted with the results!,5
2025-07-27 19:27:00,"our flight got delayed and it didn't refund our points. we were stuck in the plane for 2 hours just to be canceled. the plane was originally supposed to go to japan so we spent all of our Aeroplan points and now we have to spend another 20k-30k just to fly there again without using our points. we basically wasted all our points in this one trip. and now you're proposed solution is to go to Montreal and then wait 7 hours and then fly to Chicago, wait another 12 hours and fly to japan for 12 hours",1
2025-07-26 06:38:17,There is an issue using the App to access the Aeroplan eStore. It will not go there... not sure why?!?,4
2025-07-25 18:11:13,actually helpful,5
2025-07-24 08:26:04,Restarted app on new phone. Can't log back in. Not good experience,1
2025-07-23 22:50:30,Used it for getting updates about my flight. Worked well.,5
2025-07-23 15:11:35,Great,5
2025-07-23 12:43:58,"Would be nice to have a premium cabin award chart, but otherwise a solid app.",5
2025-07-22 17:27:45,"App is smooth and intuitive. Very easy to use. Upcoming flights are the first thing you see and saved to the app, even if you don't have an Air Canada account.",5
2025-07-22 12:55:21,"Great airline, Airbus very comfortable and good leg room in economy.",5
2025-07-22 10:57:16,"lots of leg room, friendly staff",4
2025-07-22 02:12:26,great smooth experience good service.,5
2025-07-20 20:42:32,It's ok?,5
2025-07-20 16:52:48,user friendly - easy to use,5
2025-07-20 15:47:55,"Everything under 1 app, for your travel",5
2025-07-20 08:07:34,"slow sometimes, and tickets dont want to load up sometimes",3
2025-07-19 12:25:44,this app keeps you up to date..Love this app best for 1st time users like me,5
2025-07-18 22:49:54,"had a great experience flying with Air Canada, and the staff was very friendly and my luggage arrived when I arrived.",5
2025-07-18 16:46:27,easy to navigate and does not overwhelm with unnecessary information.,5
2025-07-18 12:28:56,"it was amazing, thanks for the free upgrade from economy basic to premium economy for me and for my family. everyone was friendly, and respectful . Thank your Air canada!",5
2025-07-18 12:00:22,"Excellent App, all the information is clear and up to date in this app, 100% recommend if fly by Air Canada",5
2025-07-18 10:22:29,"The level of detail regarding flight times, when to arrive, when boarding begins, travel documents that will and will not be needed made our travel between Canada and the U.S. totally stress free.",5
2025-07-18 00:40:38,not able to create an account- some glitch in the matrix / not for me,1
2025-07-17 15:18:08,"Great UX, intuitive and friendly.",5
2025-07-16 21:20:58,Don't waste time on other airlines. Air Canada exhibits best professionalism in service delivery.,5
2025-07-16 20:45:36,Best airline app I have used. Well designed and it actually works. The information is more accurate than the screens at the airport. notifications are timely and clear.,5
2025-07-16 01:18:25,helpful,5
2025-07-16 01:04:04,Easy and convenient,5
2025-07-15 15:24:35,this is how not to build an app! hard to find activity. this is unacceptable!,1
2025-07-15 15:18:44,"Very very poor support options. Customer has to hold on call indefinitely for an agent to attend call, no customer support email options. Booking cancellation (BOHHWK) done (& rebooked BYRXNS), no confirmation of cancellation / refund received, details of booking (BOHHWK) have disappeared from the app. Have DMed you via Twitter too.",1
2025-07-15 11:59:47,SCAM ALERT. I spot a flight which is bookable with Aeroplan points. I transfer 60K points from my credit card. The flight continues to exist but there is no way to book it! It's just to lure in innocent idiots like me. I stay for an hour on their helpline. Another scam. I can see the flight – but they can't! I tried their chat – they ask to call back! 60K points transfer gone for a big waste. Best part is that the flight still exists. Waiting for Netflix documentary on this scam.,1
2025-07-15 08:36:09,A+,5
2025-07-15 00:34:11,Deactivated my account for no discernible reason.,1
2025-07-14 20:16:43,Great App,5
2025-07-13 15:58:34,Seems to be unable to accomplish all tasks within the app and transfers the user to the website.,3
2025-07-13 12:55:33,A hub for all things needed for Aeroplan members. Efficient and less glitches every year,4
2025-07-13 07:46:36,Have always had a good experience with Air Canada with business and personal travel.,5
2025-07-12 19:03:21,quick to load info and easy to use,5
2025-07-12 16:56:59,"Air Canada is a class act!! Great food, service, and app!",5
2025-07-12 15:08:46,"a good app, works the way it is supposed to.",4
2025-07-11 19:49:57,Wants my ID and utility bill...for their next data breach! No thanks. Uninstalled and will fly the competition. 👎,1
2025-07-10 21:49:00,I like how our luggage is tracked and I'm notified where my luggage is through the Air Canada app.,5
2025-07-10 19:38:26,Courteous staff who are mindful of seniors and those needing special assistance. Electronic notification when each of your checked bags is loaded on board! Just a great experience!,5
2025-07-10 13:43:29,✌🏽,5
2025-07-10 08:25:45,Fails when entering personal information. Can't create an account from the app.,1
2025-07-09 15:39:17,Extremely Convenient and user friendly. we had a situation of a lost luggage with no tag but the app / system allowed regular updates on the status of the property until reunited with the distressed owner. Many thanks!,5
2025-07-09 14:31:51,Very polite and helpful 👍,5
2025-07-08 12:59:58,all cool nothing wrong,5
2025-07-08 12:17:04,Fraudulent information on the mobile app which says they offer free changes on Flex international tickets. Never booking Air Canada flights again.,1
2025-07-08 08:12:59,This is one of worst app out there.,1
2025-07-07 14:06:03,Terrible airline.,1
2025-07-07 07:33:26,they even have a tracking for your bag!,5
2025-07-06 15:31:37,Why did the app ask me to fill customs declaration form today even though I didn't plan to enter Japan?,1
2025-07-06 12:52:30,"Clean and comfortable planes, the flight attendants were very friendly and helpful throughout the flights. YYC lounge was great for a quiet place to relax before our flight, food was hot and tasty.",5
2025-07-06 08:25:21,I tried to sign in to my account and got my account deactivated immediately.,1
2025-07-06 08:06:36,"Air Canada consistently delivers a smooth and enjoyable travel experience, whether you’re flying short-haul or long-haul. As Canada’s flagship carrier, they have built a reputation for professionalism, reliability, and genuine care for their passengers. From check-in to landing, Air Canada’s staff are known for their friendly and courteous service, always ready to assist with a smile.",5
2025-07-05 22:39:58,horrible,1
2025-07-05 02:39:30,"the one time I didn’t print off my boarding pass and relied on the app, they wouldn't show up on the app.",1
2025-07-04 20:10:10,"This would be a great app, except the aeroplan section doesn't function smoothly. It does this weird skipping thing. For example, while looking through the aeroplan offers, let's say you scroll down and you want to look through the Starbucks section. If you try scrolling sideways (swiping?) to look through the Starbucks offers, It glitches and throws you back to the top of the page. It's quite frustrating. I hope someone reads this review and responds to me",2
2025-07-04 16:07:00,"Really awesome, quick notifications, tracking notices. Very nice",5
2025-07-04 14:49:02,Currently not possible to add my trips on the app...nor search for flights nor check in. It is very inconvenient as I use AC for work travel and need access to these features travel smoothly. Already in progress of switching to Westjet now as current AC app usage is untenable.,1
2025-07-03 09:15:57,Worked fine but I had to reset my password. logged out of the app then logged back in and now it says it can't retrieve my account information.,2
2025-07-02 20:59:45,Awesome!!!,5
2025-07-02 16:47:59,I Love all the features of this app. I've had it for a few years now and it's only getting better. I really enjoy the e-boarding pass and all the features about the flight and the bag tracking. Our flight this morning was cancelled and we got all the notifications quickly for a rebook. Great job Air Canada!!!!,5
2025-07-01 15:20:31,baggage tracking is a nice perk via app,5
2025-07-01 10:19:46,always positive experience,5
2025-06-30 19:00:07,Will not recognize TWIC trusted traveller number and will show the wrong departure gate on the boarding pass.,1
2025-06-29 18:58:13,Prompt notification of baggage boarding and arrival,5
2025-06-29 14:16:55,"To prevent lost luggage, happy to know my 🧳 is going to my destination 😀",5
2025-06-28 18:21:02,It's and easy to use app and with all the information you need in one place.,5
2025-06-28 02:34:07,"International flights have experienced relaxed crews, while local flights have nervous rookies. Typical with a large company where seniority matters.",4
2025-06-27 19:31:04,"One of the best experiences with a travel or airline app I've had. Appreciated how much information it provided, including airport directions and navigating through customs.",5
2025-06-27 15:32:35,great app easy to use,5
2025-06-26 13:49:24,Like it n Thanks God for everything 🙏,5
2025-06-26 04:16:49,very slick app. makes travelling more efficient. easy to figure out.,5
2025-06-25 21:02:05,"since I installed the Air Canada app several years ago, I only ever had positive experiences using it!",5
2025-06-25 11:01:13,"has improved greatly, next adf pets to accompany like united does",4
2025-06-25 10:17:01,"accurate, easy to use. actually a perfect app......",5
2025-06-24 17:32:34,This app is awesome!! Our whole flight experience using the app was flawless!!,5
2025-06-24 08:08:12,"cannot sign in on pixel 9 pro xl. tried with chrome and Firefox as default browsers. no error messages, just blinks a few times and then nothing.",1
2025-06-23 08:48:08,"flight attendant/ staff are very polite and supportive, all meals and snacks are delicious",5
2025-06-21 20:56:16,"Called Hotline for Delayed Bagged, it goes to automated voice system. Submitted a request, but case number was closed without any resolution.",1
2025-06-21 17:18:26,"A great enhancement of the application since I last flew. Baggage location updates and up-to-date events on my flight status (and delays, it happens)",5
2025-06-21 09:14:24,"terrible app. bad airline. one of those apps that requires an activation code when you're signing up (and possibly also every time you sign in), yet it comes in an email and the only way to access the code is to back out of the message that you need to verify, which is in your EMAIL. when you do so and go back to the lame app, the code no longer works because the app goes it as a different sign in attempt. hilariously badly designed. the airline - in 4 flights-4 delays, 2 missed connections",1
2025-06-21 01:54:17,big improvements,5
2025-06-20 20:24:26,Always seems to let me in and work!!,5
2025-06-20 17:08:58,very precise and organized,5
2025-06-20 09:34:38,This revised app will be available on your phone soon. It never happens,1
2025-06-19 17:00:56,AC is very friendly easy to navigate on the site and good price 👍,5
2025-06-19 12:55:18,It's now impossible to change seats via the app and have been like this for a while. The seat selection page just keeps loading without ever showing the seat mapping for selecting a seat. Please fix this crucial feature which is key for wanting to even use the app anymore. The app is generally slow loading pages compared to other airlines like United. It has limitations to change flights with flex tickets among other crucial constraints. Not worth 4.7 rating for sure. I miss United Airl. so much,1
2025-06-19 02:02:51,"I've been using this app for years and it's so bad. Incredibly slow to process anything - the spinning red circle reminds me of the hourglass in Windows 95. Most useable functions just transfer you to the website where you have to login again. I need a verification code? go to my email, return and it all resets. Please invest more in some proper developers. This is an embarrassment.",1
2025-06-18 23:58:16,great flight - great crews,4
2025-06-18 19:57:19,nice,5
2025-06-18 14:56:32,app does not update points and benefits. I've emailed support and still nothing. my apple ipad works as it should but my samsung does not and it's been months. brutal!!!!!,1
2025-06-18 09:32:10,"Excellent, easy to use. Notifications are timely and meaningful. Very simple to navigate and updated statuses helped keep us informed throughout our trip.",5
2025-06-18 06:13:28,easy to use,4
2025-06-18 03:06:45,"Strange how desired flights went up in price while I took the Aeroplan credit card bait, and now the cheaper flights require 4-hr longer layover and actually suffered delays. Real drag. Vancouver airport is clean but the choice of eateries blah. Airplane food is pretty good - love the hoi sin chicken wrap. Overall not competitively priced for a flight to Asia or Singapore but pleasant enough despite the long layover. The yoga room at Vancouver airport is a blessing that deserves more publicity.",3
2025-06-17 15:47:58,Excellent service given by the Air Canada gate agent (gate 36) this morning when boarding AC8272,5
2025-06-17 10:15:42,"They now text when your bicycle bag has been accepted, tracked and whwn on board. Worth every dollar for this service. Thank you",5
2025-06-17 08:50:58,excellent,5
2025-06-16 14:45:08,Best AC experience ever. very customer oriented.,5
2025-06-16 09:40:01,It would be nice to see fares in the calendar again. It makes it easy to shop for better fares when you have flexible travel dates.,3
2025-06-15 18:28:53,"Aeroplan points never update in-app, even though the points do update on the website",1
2025-06-15 18:01:30,"Creating an account for this app is infuriating. They autocomple the address and tell you it's invalid because it can only use letters and numbers (which is al it has) but it won't let you go forward. Regardless, it makes you prove you're not a robot by completing antiquated Google ""Pic squares with traffic loght and motorcycles"", over and over and over again. gave up on trying.",1
2025-06-15 17:14:01,"Only half the links work, bag tracking is one of the things that doesn't.",1
2025-06-15 15:59:28,Great app,5
2025-06-14 07:29:36,"Excellent Air Canada App! Easy to use, tracks your checked bag(s), tells you which carousel to go to on arrival.",5
2025-06-14 07:07:52,this app is shocking good. instant updates on almost everything that is happening during your trip from boarding to seat changes to bag status along the way.,5
2025-06-13 13:43:21,"all in one app, flight details and reminders/check-in/connect WiFi and entertainment all together in one app. Boarding available offline 👍",5
2025-06-13 08:25:39,"love this app. It provides timely updates keeping you current on delays, boarding and where your luggage was last processed. very good app , highly recommend if flying air canada",5
2025-06-13 07:56:34,more up to date than gate,5
2025-06-13 06:42:12,on time!,5
2025-06-12 10:32:22,this trip was seamless,5
2025-06-11 21:18:19,"good features, easy to use, easy access to past trip info. excellent notification.",5
2025-06-11 00:56:15,not user friendly,1
2025-06-09 20:33:52,app always closes due to 'error detected ',1
2025-06-08 11:46:08,great app. real time updates provide a seamless travel experience,5
2025-06-08 07:37:11,"excellent customer service, all the flight staff are awesome",5
2025-06-07 20:01:43,"priority booking, worth the upgrade",5
2025-06-07 12:50:14,easy to use and provide the information needed in a timely manner,5
2025-06-07 10:40:05,does not work with older samsung tablet whats that gargbage,1
2025-06-07 04:04:31,Beautiful interface and easy to use,5
2025-06-06 18:20:51,"So I basically could not review ACC themselves so I thought this would be the second best place. I would give them .5 of a star but 1 is the lowest. So I basically lost all disrespect for ACC and it's employees/employers. Because for the simple fact that they have no manners and the one thing that are paid for ""SERVICE"". Flight AC062 employees were super rude to one woman just simply asking for headsets. Plus the overall service, like there was none of it only for when time came. Can't continue.",1
2025-06-06 09:24:32,Excellent,5
2025-06-06 09:05:47,"The app used to provide real time updates on my Areoplan points, but now I have to log onto the website to get accurate numbers. This error has been present since 02/25 and I was hoping the next update would resolve the issue, unfortunately, it has not.",3
2025-06-05 20:57:12,I love the new updated features in the Air Canada mobile app,5
2025-06-05 11:47:07,keep me up to date on my travel,5
2025-06-05 08:39:02,horrible user experience.,1
2025-06-04 22:54:36,"Love Air Canada. I've been flying alot to Canada lately and I have exclusively used AC for my traveling plans. I must say, all of my flights (5 in the last year) and they all have been great!!!",5
2025-06-04 12:40:41,Great and convenient app.,5
2025-06-03 12:34:20,"Didn't work. wanted a password, but didn't allow me to register!!!",1
2025-06-03 00:38:11,"Terribly clunky, difficult to sign into, so many security pages, not streamlined. I was forced to do the process over and over b/c they kept sending different verification codes; if you click verify in the email, it doesn't verify, it opens a new web page that starts the process all over again. (To top it all off, their customer service is terrible! I've been on hold now for 45min. in a foreign country. selecting for a call back doesn't help, was still on hold for 18min before a person ans'd.)",1
2025-06-02 19:18:06,Mo at Accessibility department of Air Canada is an amazing agent. He assisted with my mother's booking! Thank you so much!,5
2025-06-02 18:43:17,I enjoyed the timely updates on the flight especially on my baggages!,4
2025-06-02 12:42:18,best airline app by far.,5
2025-06-02 12:01:29,good,4
2025-06-02 08:52:22,works great 👍 👌,5
2025-06-02 05:14:16,"Love the up-to-date feedback on luggage, boarding gate and departure time.",5
2025-05-31 22:28:27,Flew direct from Sydney international to Vancouver. Hostesses were very friendly & accommodating. Food onboard was nice & plenty of drinks available.,5
2025-05-31 13:10:14,attendants are very friendly flights were on time. I would like more direct flights,5
2025-05-31 12:35:43,We had a pleasant experience!,5
2025-05-31 12:09:16,"Cannot add my Aeroplan card to Google Wallet. Receiving ""We are sorry for the trouble. An error occurred that we didn't expect. Add to Google Pay. Please try again later"".",2
2025-05-31 09:25:44,Awesome app. Wonderful travel experience.,5
2025-05-30 18:51:17,verry good and verry easy,5
2025-05-30 05:52:44,great,5
2025-05-29 15:43:54,"why do I need to install one of those particular browsers to login to an app? I have Vanadium, which is a more secure version of Chrome and I have Ironfox, which is a hardened Firefox. I've never seen this before. So ridiculous that you would cripple your own app like this.",1
2025-05-29 14:58:45,Yay. My luggage is not lost!,5
2025-05-29 10:12:48,"Great app, new updates are running well. love the layout. There seems to be some options that are on the web page that are missing on the mobile.. multi city and using some upgrades. more are coming so I will keep watching",5
2025-05-29 08:34:01,"Despite flying with Air Canada multiple times since I joined their Aeroplan program, my account balance is still showing 0 even though I've entered my membership details when buying my tickets. It's a hassle of a process to claim my missing miles and customer service has been unhelpful thus far.",1
2025-05-29 00:50:42,Always updated so you have the latest information at your fingertips.,5
2025-05-27 19:38:16,Easy to use.,5
2025-05-27 16:33:47,we quite enjoyed this flight to Japan with air Canada. the service was excellent 👌👍,5
2025-05-26 21:09:32,disgraceful trash,1
2025-05-26 15:04:49,I had a great experience in having my walker during my trips to help me walk in the airports. The Air Canada staff were very helpful.,5
2025-05-26 13:16:12,"New Digital ID Flawed for Android Been using the AC app for years through all of the beta launches. Flying from YVR with all air info fully loaded. Digital ID worked for the Apple User in my party but not on my android device, Samsung Galaxy 23+. I completed the same process on a secondary iPhone and now everything shows up properly on my Galaxy AC app for the Digital ID. Where is the QA on this launch?",3
2025-05-25 22:48:58,Great info via the app!,5
2025-05-25 21:49:06,excellent service,5
2025-05-25 19:12:11,I'm pleasantly surprised with the experience I've had so far,5
2025-05-25 07:52:33,Works as it says on the tin. Uncluttered.,5
2025-05-24 17:59:32,"Set up on the aeroplan pc, went and downloaded the android now I can't login to either, account is deactivated. Endless on hold music now",1
2025-05-23 21:44:01,great app.,5
2025-05-23 12:51:50,"I love Air Canada, fabulous staff, great service A+++++++++",5
2025-05-23 12:08:35,great app,5
2025-05-23 02:16:00,"I booked a direct flight to Canada, for Wednesday May 14, 25 about a month later I got a text message, saying your flight has been changed, from wednesday, to Friday. I called Air Canada, and said you can't just change my flight from Wednesday to Friday without even asking me. I have car rental reservations, and hotel reservations. Air Canada replies, oh we are sorry, but we don't have a direct flight to Canada on that day, you will have to make a connection flight. then rebooked after hours on",1
2025-05-22 21:32:18,very helpful in using navigation to get to your terminal,5
2025-05-22 17:27:09,very easy to use.,5
2025-05-22 05:14:53,Trusted and great convenience! Air Canada forever!,5
2025-05-21 19:11:22,no complaints on my last two flights. on time and no issues with carry on storage.,4
2025-05-21 09:15:59,air canada is very good team to cooperation with customer,4
2025-05-21 09:06:18,"Ok. If you can't sign in, set your default browser to Chrome and it will work.",4
2025-05-20 16:00:41,"I've always had a pleasant professional experience. I've done a few other airlines, this is my favorite.",5
2025-05-20 10:10:35,good flight and well managed airport staff,5
2025-05-20 04:33:23,"It used to work fine until the latest update. Now I'm signed out and forced to use a browser that's ""preferred"" by Aeroplan. Why don't you just allow using the system's default browser to sign in? (e.g. Brave)",2
2025-05-19 17:59:32,simple and just works for me,5
2025-05-19 11:19:24,easy and users frindly,5
2025-05-19 11:16:17,Easy to use,5
2025-05-19 10:49:27,keeps improving.,4
2025-05-17 21:33:31,Great flight,5
2025-05-17 16:29:04,Great service. Easy to navigate,5
2025-05-17 14:43:11,"app forces u to update, not compatible with Brave browser",1
2025-05-17 01:31:04,How do I check in and get a boarding pass when the app won't let me sign in?,1
2025-05-16 22:21:05,"the app is not user friendly you'll spend all day checking each day and fight manually, just to find out 'all sold out' also mean we dont offer flights to that airport via that route, kinda inconvenient.",1
2025-05-16 13:22:25,"The fact that I have to log in every. Single. Time. And play the stupid puzzle to verify I'm a human to check on my points and present the virtual card with Aeroplan is absurd. Such a colossal waste of time. I'm logged in the app, but I can't access it because Im not logged in. How does that make sense. RBC rewards is all connected. I log in once, biometric log in and that's it. No dumb games, no fiddling with passwords. Get your act together Air Canada.",1
2025-05-16 12:11:59,great,5
2025-05-16 10:55:14,"Seems the app works as bad as Air Canada's websites. I wanted to sign-in into my Aeroplan account, so they sent me an email with the code. I switched to the email app to read the code, but after switching back to the app, the screen got back to home and the sign-in button didn't work anymore. Uninstalling.",1
2025-05-15 12:01:08,"Other than my Aeroplan info not being displayed for a good 6 months, the app is pretty good. It's scary easy to book a flight.",5
2025-05-15 02:50:23,Aeroplan status still doesn't work. Not sure why this simple fix takes months to fix.,1
2025-05-14 20:37:45,sucks,1
2025-05-14 17:59:22,good so far,5
2025-05-14 10:49:51,Love Air Canada,5
2025-05-13 10:09:27,good service,5
2025-05-11 09:40:41,"The app doesn't reflect the right total amount of miles. My wife and I are in a family sharing. My tablet gives me X amount of miles, my phone gives me Y amount of miles and my wife has Z amount of miles. My wife is the only one with the right amount. I'm the lead member of the family. Maybe the Android version is bugged as I'm on it and my wife is on Apple.",2
2025-05-11 08:29:14,excellent,5
2025-05-10 20:29:19,excellent 👌,5
2025-05-10 06:11:19,"The digital identification portion doesn't scan my passport, says the tag is lost. I just scanned it with the UK ETA and it worked fine however it doesn't work in this app.",4
2025-05-09 08:05:06,"The app is not able to show the second boarding pass for the second leg of my flight. Also the feature to add it to my wallet or download it is not available. It is showing the status of both of my flights, the gates and destination.",2
2025-05-08 05:49:45,can never see flight status. keeps saying there was an error,2
2025-05-07 22:54:35,"hard to set up, not user friendly",1
2025-05-07 20:09:08,great up,5
2025-05-07 08:24:51,This is a very easy app to use. It gives you the freedom to check in and see flight info from anywhere.,5
2025-05-06 17:51:00,"I have tried on multiple occasions to update the passport and nexus information on my profile to no avail. I have tried through the app, I have tried through the website, and even though the information is 'saved', the app gives me a notice that my passport is expiring, even though I have flown with my new one. Very frustrating. Thanks for listening.",3
2025-05-06 17:38:27,new to this app. Seems to be very informative.,4
2025-05-06 16:51:28,"Very slow to load. Won't let me log into my Aeroplan account despite multiple attempts to retrieve it. App is supposed to send updates about boarding times.or flight changes but does not do so reliably. I was almost late to board a flight in Montreal because they changed the flight time and I got no notification from the app. Similar apps for United, American Airlines, Jet Blue, Delta and WestJet (to name a few) all work much better than this one.",1
2025-05-06 15:38:46,Easy to Navigate,5
2025-05-06 12:22:44,it is decent. what is missing - would like to see previous air canada trips on the app when I click on Trips menu.,4
2025-05-03 18:15:57,"Air Canada's carry-on policy seems inconsistent. I had only one bag, half a size smaller than a normal carry-on, yet the male flight attendant tried to penalize me. I clearly and loudly expressed my disagreement, pointing out that others with up to 3 larger items were accommodated while I was being penalized for having a single, slightly smaller bag. This experience was on flight AC8720 from Minneapolis-St. Paul (MSP) to Toronto (YYZ) on May 3, 2025, departing at 2 pm.",1
2025-05-03 18:05:36,very professional and informative,5
2025-05-01 22:00:53,This app sucks about as much as Air Canada does.,2
2025-05-01 21:01:31,everything went as planned.,5
2025-05-01 16:16:33,Great airport!,5
2025-05-01 13:00:01,tells me everything I need to know,5
2025-05-01 07:29:41,convenient for you and everyone.,5
2025-04-30 18:23:26,very useful and up-to-date.,5
2025-04-29 07:56:16,app is slow to update and buffer,3
2025-04-29 07:47:49,Great so far,5
2025-04-28 20:30:07,I cannot add my Aeroplan to Google Wallet,2
2025-04-28 17:36:00,the air canada app works well but the aeroplan feature hasn't worked or updated properly all year. my points are being logged but the tracker isn't working,3
2025-04-27 22:51:25,a quick galance at my flight times tells me wrap things at home. As I will need be packing soon.,5
2025-04-27 21:53:25,app is constantly crashing,1
2025-04-27 21:45:26,this app is as awful as the company that runs it,1
2025-04-27 11:38:46,it is a nicer card presentation.,5
2025-04-27 03:10:59,app will not send an email code for two part authentication. Can't ever get signed in.,1
2025-04-25 02:54:54,always a good experience with Air Canada!,5
2025-04-24 07:25:09,very user friend,5
2025-04-24 02:54:59,unfortunately not the boldest and seemless of the airlines,1
2025-04-23 19:46:32,Excellent real time tracking of the location of the luggage is so comforting. love this feature in Air Canada App.,5
2025-04-23 07:44:16,"easy to use, does not take forever to load.",5
2025-04-23 01:54:20,slow to load or does not load. does not have aeroplan access. redirects to a web page.,1
2025-04-22 19:10:04,It worked great and then they changed everything about it and now it sucks and I hate it.,1
2025-04-22 12:38:09,totally enjoyed everyone l was in contact with,5
2025-04-21 19:09:34,"i dont like the relaativle new look of an ap on the online website, and it's disturbing the gormat keeps cgsnging between old and new looks. also, the whole ap alows me to add a reservation itinerary i made to my account. The online version doesn't allow me",1
2025-04-21 13:33:05,"this trip, all on time, faster boarding. in Calgary the gate agent actually enforced zone boarding and had the dishonest people go back in line - GOOD TO SEE AND EXPERIENCE FOR A CHANGE!!!",5
2025-04-21 11:24:02,"Easy to use, intuitive and provides helpful details. I love the timing and baggage information and updates.",5
2025-04-21 08:54:26,"Since the latest update, I cannot add upcoming trips using the booking reference provided by Air Canada, cannot check-in and the app won't show my boarding pass. All of the above features only work when using the Air Canada website.",1
2025-04-21 05:13:13,Trying and trying to even sign in is the most rediculous thing. How the hell you manage to input the verification code sent via email into your verification system. When obtaining the code from email your website link will close and reset. Making it impossible to sign in. What is the solution?,1
2025-04-20 08:50:31,good app . fast load times.,5
2025-04-19 09:24:37,"Disappointing. scanned my boarding pass. it recognised me and my booking reference, then did nothing. Tried manually searching for my flight status, it recognised departure and arrival airports, but did nothing. Feels poor to me, don't waste your bandwidth!",1
2025-04-18 13:17:28,"UPDATE: I figured it out! If you used an app like clone app on Android you can pretend to be a different Android device or an iPhone and it works! OLD REVIEW: doesn't work, have to uninstall and reinstall everytime!!! - recent change of the app or server or something messed up this app, used to work perfectly. Even after your comment this application gives you full of errors. What happened to the original development team? Who is writing this code it always says it can't find this fair code",1
2025-04-18 05:59:20,old movie only,1
2025-04-18 00:13:57,slowww,4
2025-04-17 09:46:04,excellent service for check-in,5
2025-04-17 01:16:03,"Great app! It keeps you up to date on everything going on with your flight, it has your boarding pass, shows your in-flight amenities, and even tells you when your checked baggage gets loaded onto the plane. you can also work with your Aeroplan points",5
2025-04-16 16:44:02,"Fly United Airlines or WestJet, at least they answer the phone! Forced to fly Air Canada in the Military. Their lack of customer support is below standards. Air Canada promise to help, but never get back to you, just end the call, because of there incompetence. The robot phone thing is broken. You send me a reward but when you go use it, not there to use. You should have the option for no stars on here. Thanks for your time and no help!",1
2025-04-15 11:27:33,"Recommended, Fast, reliable good service always helpful I particularly enjoyed flying with air Canada in my opinion thanks",5
2025-04-14 22:19:56,I like the luggage tracker on the app.,5
2025-04-14 16:24:52,Thanks for everything,5
2025-04-13 08:30:00,"App is good, airline not so much.",5
2025-04-12 11:22:00,"up to date info about gate changes, flight delays, when boarding begins, and ability to track checked bags. I've used 3 different airline apps and this is by far the best. highly recommend.",5
2025-04-12 07:25:23,very easy get the app,5
2025-04-11 22:34:28,"Just started travelling again. Love this app to keep you updated on boardings, gate changes, distance, time and directions to gates (my favourite). Makes travelling just a little bit less stressful.",5
2025-04-11 08:42:49,Great app. Everything at your fingertips.,5
2025-04-10 19:01:20,"I've been to California twice from Toronto, once to St. Louise, once to Montenegro and once to Bosnia and Herzegovina. 5 international long haul trips and a total of 12,000 Aeroplans. This has to be a joke. If this is real, this program is complete garbage.",1
2025-04-10 14:31:25,the app is well done. the aeroplan could have been it's own app.,5
2025-04-10 05:51:52,the aeroplan points won't update,1
2025-04-09 20:53:51,unbelievably bad experience,2
2025-04-09 14:19:59,good airline,5
2025-04-09 11:32:07,one of the best airlines I ever flew on❤️❤️❤️,5
2025-04-08 20:05:45,"Air Canada provided a reliable and seamless experience today getting me from YDF through YUL to YYZ. It was the very early morning flight and residents in my area appreciate it being available. Other Carriers don't make that year around commitment to offer a same day flight to Toronto, our gateway to so many places. Thanks Air Canada.",5
2025-04-08 19:02:43,Making purchases at Amazon through estore do not earn points. not sure why they list it as a retailer,3
2025-04-08 12:38:18,Will not load pricing. The final screen just loads infinitely so can't see you total or book the tickets,1
2025-04-06 19:34:49,unable to login,1
2025-04-06 02:08:22,excellent 👌👍👌👍👌 to book through aeroplane,5
2025-04-03 20:58:04,meh. worst of all flight apps I've tried.,2
2025-04-03 16:28:45,very lovely app,5
2025-04-03 03:14:20,Has all of my booking info in one place. Easy to maneuver through.,5
2025-04-02 19:41:41,nice,4
2025-04-01 13:45:48,Good !i,5
2025-04-01 06:54:14,"sometimes, the app does not refresh, and the information is incorrect. I've had better luck with text messages however I would prefer the app to work as well as the text messages, because when you're abroad most people have their phones in Airplane mode, making it hard to receive text messages.",3
2025-03-31 22:19:05,Like the boarding progress addition. keep it up!,5
2025-03-31 21:28:07,it works pretty well most of the time.,5
2025-03-31 13:26:10,Great app and airlines service! Thank you,5
2025-03-31 13:20:51,Love AC.,5
2025-03-31 11:34:25,all i need to say : Air (Oh) Canada,5
2025-03-31 09:55:55,bag drop and security was a breeze.bag tracking was an excellent offering,4
2025-03-30 22:51:46,trouble finding information,4
2025-03-30 19:28:39,Easy access and very user-friendly.,5
2025-03-30 08:24:57,app is good. I receive real time notifications for my baggage,4
2025-03-29 23:10:19,air canada has wonderful flight workers are very nice an amazing,5
2025-03-29 11:59:57,Great!,5
2025-03-29 11:22:40,Excellent experience!,5
2025-03-29 09:51:05,"I love Air Canada. I had a few issues and they were quick to resolve them. Thank you, can't wait for my next trip to the amazing country Canada🎀",5
2025-03-27 12:37:05,"There are much better options available for travel points. With Aeroplan, you will indefinitely spend more time fighting for points you earned, and we're entitled to, then you will travel. Aeroplan has been committing fraud for decades, and they are only getting worse, I highly recommend avoiding Aeroplan at all cost !! minus 5 starts !!!!",1
2025-03-27 09:57:05,The Air Canada app is fantastic and the bag tracking feature gives you great peace of mind.,5
2025-03-26 15:21:31,"Great app, easy to navigate, information is always up to date. Makes the check-in process so much simpler and faster.",5
2025-03-26 13:44:13,excellent customer service,5
2025-03-25 21:22:33,"Very prompt in action , in no time i get an answered really excited.",5
2025-03-25 18:08:27,I'm not sure why it shows one price here and when I tried to book it's a different price,3
2025-03-24 23:33:28,"Functions reasonably well; however, the digital facial recognition setup doesn't work. The app successfully captures a photo of the passport detail page with the headshot, but it won't scan the passport chip. NFC on my phone is enabled. Nice idea if the bug gets fixed.",3
2025-03-24 20:40:23,"The app doesn't work, especially after the last update. It keeps saying unexpected error when search for flights. Not sure who does the testing on your releases, but this app isn't working and you need to fix it asap. I can't use the app to search and book for flights.",1
2025-03-24 16:55:50,the only issue I have is the fact that it is impossible to get ahold of customer service to refund the August business class trip I booked that was canceled minutes before I was going to board. I truly hope this message is not ignored as well,4
2025-03-23 07:29:12,Worth downloading - The app gives you important information about the arrival process and gives you the instructions and links to get the form done ahead of time (72 hrs). Gives you info in advance about in-flight entertainment available for your flights. Made my international trip easier.,5
2025-03-23 04:12:53,"Terrible app, hangs A LOT, lots of info but challenging to navigate. Not a great experience when you're looking for the important things..",2
2025-03-21 15:01:36,love Air Canada better than West jet,5
2025-03-21 13:22:23,disastrous,1
2025-03-21 00:10:50,"I can't get any information regarding flight booking. There is always a message ""it seems like your request couldn't get through"".",2
2025-03-20 16:03:45,flipping awesome yo,5
2025-03-18 14:19:58,The sign in prices takes way too long and today I can't access the rewards store. After I sign in and select an appropriate link to view merchandise it takes me to a blank page with an error url.,1
2025-03-18 12:26:18,"Android doesn't connect! I'm having the same issues as everyone else on here you click multiple times search and you get nothing but some erroneous VPN error. doesn't matter if you're on LTE or you're on Wi-Fi you get the same issue and there is no VPN on my phone. So annoying, I have the same issue 2 years ago and it looks like your Air Canada can't figure out how to fix it on Android. Time to hire some new developers.",1
2025-03-18 09:17:24,very easy to use,5
2025-03-18 08:43:46,"Great app, fast and gives access to all relevant data.",5
2025-03-18 04:42:55,never works,1
2025-03-18 04:34:56,excellent service friendly staff,5
2025-03-17 20:37:45,When searching for flights you get errors saying your request cannot be processed. It's not reliable and hardly ever works.,1
2025-03-17 10:22:26,"Told me my bag needed to be picked up at the luggage carousel for a connecting flight, causing me to go through security again for no reason. Also updated my previous boarding pass after my flight. App can be misleading.",1
2025-03-17 06:43:21,very nice and helpful,5
2025-03-16 06:24:44,very nice and intuitive.,5
2025-03-16 02:33:03,"App is rather ok, but confusing when it comes to buying WiFi. I accidentally bought WiFi which is only available while flying over North America. And I was flying from Europe. I needed to buy again and not possible to be reimbursed. Other than that, the app does its job.",3
2025-03-15 11:17:00,great app,5
2025-03-14 23:53:43,Can't even look up flights anymore. Every time I try it just says no wifi or cellular connection. What a great planning app that doesn't provide any information.,1
2025-03-14 08:25:01,useful app,5
2025-03-14 08:15:53,"This app is convenient, does what I need it to do, is not full of bugs, notifies me timely without too many notifications and doesn't kill my battery.",5
2025-03-13 00:57:34,I have tried times to register???,1
2025-03-11 08:29:01,"The service overall is very good. However, the people at the check-in desk in Barbados would benefit from some training.",4
2025-03-11 00:01:38,not good,1
2025-03-10 19:12:58,"I bought a new phone because it stopped working and uninstalled it's self so i had no entertainment for a 6 hr flight.. with my new phone, it can't connect it to my reservation. The previous trip and I couldn't get the bordering passes because it was down for maintenance. How does one rate an app that doesn't work?",1
2025-03-10 14:50:35,air canada is amazing and they did a wonderful job taking care of our child's needs who's in a wheelchair the make sure that his wheelchair was taken care of. this was our son's first trip outside of Canada an Air Canada made it an excellent experience,5
2025-03-10 13:07:05,Great,5
2025-03-10 03:55:11,"Seriously, why aren't all airlines following the example set by Air Canada ?? informative every single step of the way, not just you, your ticket, your flight, the check in steps etc but also tracking your checked baggage every step of the way !? A++",5
2025-03-10 01:30:09,"Slick app that has most of what I need, except prices for flights on nearby dates. I have flexible return travel dates and it would have been nice to experiment easily with plus or minus a few days in the app, rather than having to go to the web. Any good quality app should at least have all of the feature as the companion website so as to not necessitate a separate website. So overall, not bad but room for improvement",3
2025-03-09 10:47:13,Very happy with service,5
2025-03-09 08:30:37,a well runned airline,5
2025-03-08 21:20:58,app is up to date and I get errors trying to book from android phone. Website is fine.,1
2025-03-08 19:00:50,"Does not allow movies to play on Samsung, which is most upto date sw version",1
2025-03-08 16:18:12,Terrible. Taking a long time to show a total or nothing at all. Constantly crashing.,1
2025-03-08 15:37:23,App broken on Google Pixel,1
2025-03-08 14:56:48,"I can't access flight prices on the app on my Android phone. When I try to search, a message pops up saying ""sorry for the inconvenience"". I tried everything - used data, wifi, re-started my phone and nothing. This is happening for 15 days already",1
2025-03-08 11:01:23,Yeah,2
2025-03-07 22:54:38,Trying to book a flight but everytime I try it gets an error message saying it can't complete my request. It almost seems as though they're doing maintenance maybe but it's been over 24 hours.,3
2025-03-07 21:25:40,I just cannot connect to an agent,1
2025-03-07 16:28:06,"Great, when it works! Many times, after everything has been working well for a while, start getting this message when doing a search: We're sorry for the inconvenience It seems like your request couldn't go through. This can occasionally happen as we work to keep our systems secure. Please try again in a few minutes. You can also try using a different Wi-Fi network, switching to cellular data, or turning off any VPN that may be running. Nothing can fix it, and it can last for days at a time.",3
2025-03-07 12:54:42,"One of the most obnoxious sign in processes I've ever encountered couple with the fact that the flight booking system doesn't actually work. So, it's both inconvenient and useless!",1
2025-03-07 08:35:35,"Slow, And constantly throws a sorry we couldn't process your request error",1
2025-03-06 21:26:39,"Unable to complete any searches with Aeroplan via app on Android- continuously receive the ""we're sorry for the inconvenience"" due to an issue keeping their systems secure. I have tried on wifi, data, there is no difference. Very disappointing as there's no way to avoid it and searches have to be completed on a browser.",1
2025-03-06 15:58:05,The app is extremely useful and easy to use. You can do and check all the necessities. It has instructions on what to do at the airport. You get alerts and all. Great job on this one Air Canada!,5
2025-03-06 15:00:56,love this app so user friendly,5
2025-03-06 12:36:51,the flights were great .on the way got heald up at u.s.a check in there was not work's. missed our flight .know one page us .missed out flight by 10mm AC got us on a 12:00 flight that was a good thing,5
2025-03-05 20:24:36,*having this exact issue again** Can't run a search on my Android phone. It works fine on the iPhone app. This seems like a recurring issue. Any idea why this is happening or when it's getting fixed?,1
2025-03-05 13:56:42,"you can use it just using your booking information, it's good for every passenger",5
2025-03-05 02:58:02,up to date information 😉,5
2025-03-04 23:05:25,"Good app, easy to use",5
2025-03-04 16:58:29,Cannot access my Air Csnada trip on the app. WHAT IS THE POINT THEN!!!!,1
2025-03-02 18:33:32,One of the most unreliable apps I've ever used. Always bugging out.,1
2025-03-01 17:18:00,Aeroplan Family Sharing is still not working which is very disappointing,4
2025-03-01 10:08:59,Good,5
2025-02-28 22:39:40,good,5
2025-02-28 20:57:46,My points are up to date for better travel planning!,5
2025-02-28 17:18:26,love the app and ease of use,5
2025-02-28 10:43:18,"getting pretty great to fly now, just bring your own food, choices on plane are mostly candy.",4
2025-02-27 21:00:42,Aeroplan Points don't load. Website I have correct points. On the app is a lot less. Needs a fix,2
2025-02-27 20:58:46,The icon keeps disappearing.,1
2025-02-27 09:12:47,long wait in lines,4
2025-02-27 06:13:29,Great experience round-trip to Buenos Aires in Premium economy 👌 !,5
2025-02-25 21:37:01,i enjoyed the flight a lot,5
2025-02-25 15:59:29,Membership prices are higher than guest,1
2025-02-25 11:37:57,Does not have my updated points on the app. Always incorrect and no option to update the app,1
2025-02-25 06:34:57,glitches way too many times. when do booking it always hangs. doesn't work,1
2025-02-24 22:42:53,"too slow, and too many glitches",2
2025-02-24 16:55:55,"Great airline and service overall! I'll take AC over most others, despite what some may think 🤔 👍 👏, and sometimes they focus on some minor detail and glitches.",5
2025-02-24 12:43:53,This app is easy to use and makes the traveling experience more straightforward.,5
2025-02-23 17:05:59,very friendly,5
2025-02-23 15:37:47,air canada is a great help,5
2025-02-22 20:11:51,"user friendly, helpful, and accurate",5
2025-02-22 09:24:30,We are sorry for the inconvenience. Trash app,1
2025-02-22 07:08:06,Worst experience travelling with air canada. It was total mental harassment.,1
2025-02-21 21:56:07,"everything in one place, I don't think I will fly with anyone else. my experience was amazing",5
2025-02-21 03:29:32,"Did u try hard to make this app useless? Can't even search without clicking on one way backing out doesn't help but screw around with it long enough and you can find round trip. Enter leave date is fine but entering return time changes leave time. Completely fkd up and 1 way for 1400 cheapest? Are u well? Never did get round trip price, come on management there are many good programmers around but u hired friends kids? Waste of time don't do the update its fkd",1
2025-02-20 18:36:36,Great app. Updated flight status as required.,5
2025-02-20 02:24:23,"Great experience with Holguin Cuba trip!Timely information on fairly short departure delays. Amazing food and staff was great. We flew premium economy/business class, which we find well worth the money for the extra seat space and leg room. The Maple Leaf Lounge is fabulous!",4
2025-02-19 23:03:27,👍👍 good job,5
2025-02-19 09:05:41,love this ap!,5
2025-02-18 20:05:02,very easy 👌,5
2025-02-18 16:14:14,"Can't sign in. At all. Ever. App loads a blank white page and does nothing. updating app, uninstall/reinstall, changing browsers and all sorts of other troubleshooting does nothing to improve its sign in performance. Why does it need to go to a web page? Can't it be coded to work directly in the app? I fly on all different airlines for work. This app is complete trash. The experience is always just passable. Is this the best AC can do? Sad.",1
2025-02-17 20:07:59,"It's the worst airline, my grandmother died before my flight date and in the call center they gave me different information 2 days, apart from they charged me a thousand dollars to change it, having on their page a political supposition of flight for mourning. they have played with my pain and that of my family. I could not say goodbye to her for the last time thanks to this damn airline.",1
2025-02-17 18:38:33,Eventhough I am not big fan of the air Canada flights but they do have the best app.,5
2025-02-17 15:19:32,Perfect,5
2025-02-17 14:25:47,fast and professional,5
2025-02-17 07:22:10,The best airline APP for sure. I have had experience with many airline applications but this was by far the easiest to navigate. The itinerary they provide to you is so helpful as it details the timeline for various most-asked questions. I never have to go searching high and low for recommended time of arrival and last call for checked baggage times because the itinerary lists everything on a single page! It's such a simple change that has actually made me more inclined to book Air Canada.,5
2025-02-16 13:38:41,Trying to link my Aeroplan account with Uber and Uber Eats but never works. Why you have a feature if that doesn't work?,2
2025-02-16 13:19:57,the info is great and right on my phone,5
2025-02-16 09:26:40,"Usable, however, every time I'm opening flight status with a flight inside it reloads constantly and flickers. Warning to those with epilepsy.",3
2025-02-16 08:18:33,Aeroplan status tracking hasn't worked for seven months. App is effectively no longer functional.,1
2025-02-15 01:02:37,Nice easy app easy to use,5
2025-02-14 23:54:13,"You canceled and changed flight arrival to a different State, when there was over 10 different flights to the same Airport",1
2025-02-14 15:47:56,GREAT APP!,5
2025-02-14 07:11:16,Sucks,2
2025-02-13 17:10:55,I've been trying for 3+hours to use my Aeroplan miles to buy a round trip ticket from Toronto to Victoria The app never lets me through the complete process then times out or an unknown error! Extremely frustrating! How come there is NO AC Booking Agent to provide help? Very cheap unacceptable cost savings!! Ticked.,5
2025-02-12 12:46:31,Great app -- lots of info beyond basic 'yes your flight is on time'. best way to keep in touch with AC.,5
2025-02-12 00:20:59,Great...,3
2025-02-11 05:39:18,No longer works on Android6 or 7,1
2025-02-10 13:21:49,"Poorly designed. Not at all obvious on how to switch boarding passes, and too easily closes windows with the wrong thumb swipe. Especially annoying when trying to input information, and having to start all over again",1
2025-02-10 11:59:05,"The best travel app I use. Kudos to the developers and air Canada for creating what in my view is the perfect travel app- everything you need is right there, from boarding passes to accurate luggage tracking.",5
2025-02-09 18:20:10,The point collection on the app for aeroplan is horrible it is how over week into February and had still not calculated the status points correctly now flying without the status I have earned last year will look at other point programs in the future,1
2025-02-09 01:07:17,"Doesn't work most of the time. Each time I try to search for flights, it keeps giving me an ""unexpected error"" message. Such a frustrating experience! Then on my most recent trip, it kept saying that my trip does not exist, even though it was showing on the app for my outbound flight- but for inbound one, it deleted itself and kept saying there's no such booking. Air Canada, you're better than this! Do better!",1
2025-02-08 23:23:03,Worse app,1
2025-02-08 14:57:14,functional and easy to use.,5
2025-02-06 21:52:09,Will not load on my tablet.,1
2025-02-06 20:56:41,All will not let me add a payment option to order tickets,2
2025-02-06 14:07:19,"Air points constantly missing, terrible customer service and awful company all around",1
2025-02-06 07:37:54,Efficient app even provides baggage tracking.,5
2025-02-05 15:02:45,"I have been trying to book for a flight over the past few days, and kept encountering a ""user profile"" error when I'm trying update my expired Aeroplan visa card to pay. Tried using other credit cards and it still didn't work. Buggy app.",1
2025-02-05 13:50:48,Glitches on saving payment info. Keeps having error to save new card on file. Glitches on payment too. Why do I have to keep this app if I have to talk to an agent to complete this booking.,1
2025-02-03 20:23:06,"The app has not been working properly for months. Booked a flight tonight for a future travel date, having the same issue I did the last time I booked in November. I have no confirmation email via and the app is showing multiple itineraries for the same trip all with different booking reference numbers. This caused alot of stress and confusion last trip I took and resulted in staff incorrectly changing my flight date and time. This cost me money and missed work. Please do better!",2
2025-02-03 05:54:34,it's good,5
2025-02-02 20:47:54,So many errors.,1
2025-02-02 17:47:44,It was comforting to know that my luggage made it to the same aircraft as me. my seat was changed as a courtesy and the update to the app was almost immediate.,5
2025-02-02 09:21:40,need an option for pulling up history of past flights receipts.,5
2025-02-02 09:02:34,"Air Canada, Province of China",1
2025-02-01 21:12:39,Always thanks !,5
2025-02-01 20:02:38,Much more useful than the last version. very happy.,5
2025-02-01 16:55:25,Flight to Montreal on time and no hassel check in and boarding,5
2025-01-31 13:15:13,always reliable!,5
2025-01-30 20:28:34,"The most infuriating experience. I've tried on and off for years now to add my wife to my aeroplan family plan. I must be on my third different device now with this app and everytime I fill out the form and hit send to invite her I get a message stating ""Something went wrong. Please try again."" I'm trying to book a flight using my points. I've got everything selected and the last step is the app calculating the points used and the remaining balance. It's just spinning and I can't actually book.",1
2025-01-30 18:58:11,"Frequent crashes, doesn't update points account. Family sharing not available for over a year. Requires text verification to login even when biometrics are use. Disappointment just like the airline.",2
2025-01-30 18:24:01,Amazing,5
2025-01-30 16:28:18,good,5
2025-01-29 20:21:43,"The app won't let me sign in. As soon as I hit the sign in button, it opens a web page but it goes blank. Without it, I can't login to the app. Please fix",1
2025-01-29 11:29:47,this app is amazing is to navigate and manage your booking,5
2025-01-29 08:08:48,I love that this app keeps me up to date. It is great for getting all the information I need when traveling.,5
2025-01-28 09:16:45,I am loving the App. I use it on a regular basis,5
2025-01-28 08:21:12,"well worth the download up to date info, and last minute changes",5
2025-01-28 07:22:10,Connecting flight was missed due to airline delay and very tight layover.,2
2025-01-27 08:32:13,can not add bag to booking in app.,3
2025-01-27 04:32:55,Good,5
2025-01-26 21:24:47,smooth flight. On time,5
2025-01-26 19:02:37,Hard to use most the time. still shows same dates on upcoming flight even though flight was changed weeks ago. Really slow at updating everything. Wish they would get updated technology. Also app crashes when I'm trying to book tickets. Not very good website.,3
2025-01-26 12:14:39,often times it didn't work,3
2025-01-26 10:22:13,good,5
2025-01-26 06:38:40,Seventeen years with AC without any major issues. I will continue to use AC services for many years to come.,5
2025-01-25 09:29:33,"The app doesn't seem to work. Clicking on Sign in button doesn't do anything. Boarding pass doesn't show up, it just gets spinning.",1
2025-01-22 21:29:34,great improvement,4
2025-01-21 18:14:15,Flight on time. Professional and courteous staff,5
2025-01-21 16:55:29,Not able to login to my Aeroplan on Pixel 8 with GrapheneOS since Air Canada app requires Chrome or Firefox to authenticate. It's stupid that it actually has this requirement as all other apps including major bank apps allow login with Vanadium which is standard browser on GrapheneOS and don't make fuss about it. I really hope Air Canada developers will update their app and allow login without relying on external browser.,1
2025-01-21 16:26:56,Worst airline I have ever flown and the worst ranking in all Star Alliance airlines. Only one that charges money for the most basic seat changes. Their cabin crew is always rude and barely want to work. Their food portions are half the size than their partner airlines. It should drop the word 'Canada' from name as otherwise they are a national shame.,1
2025-01-21 12:20:42,Doesn't work when you need it. Logged into Aeroplan but it doesn't recognize trips,1
2025-01-21 09:06:09,"Family sharing is still not resolved, penalizing the many for the corruption of a few! Down since 2023!",2
2025-01-21 05:30:48,I had Air Canada on my android tablet now the new upgrade is no longer compatible. This is awful. Please fix.,1
2025-01-20 12:00:29,Why did about 20 persons luggage not get onto the plane in Fort Lauderdale when we had a 3 hour delay and the baggage tracking app told us the luggage was not on board?,3
2025-01-20 09:48:05,Best 'travel journey' application there is. Good job Air Canada!!!,5
2025-01-20 09:24:40,Trop insister sur aeroplan. Trouve pas mon vol. Pas du tout simple juste pour checkin. C'est aéroplane or air Canada cette app????,1
2025-01-19 15:54:19,Awesome and fantastic baggage tracking system with Air Canada,5
2025-01-18 18:36:46,thanks air canada this app is helpful,5
2025-01-18 15:41:39,App will fail everytime you attempt to search flights paying with points.,1
2025-01-17 22:14:01,App doesn't even work after the update. Can't wait or even use it anymore,1
2025-01-17 21:48:59,absolutely horrible,1
2025-01-17 21:44:06,This is a great app and very easy to use.,5
2025-01-17 14:31:28,"I'm impressed with the significant improvements Air Canada has made over the past year. After experiencing issues with missing luggage and delays that caused missed connections, my last two trips were seamless and enjoyable. Keep up the excellent work! With continued consistency, you'll definitely earn that 5-star rating.",4
2025-01-17 14:14:24,everything helps to relieve stress especially reminders and updates.,5
2025-01-16 00:11:30,"I've been trying to use the app to book flights or even just add my upcoming trip and it keeps giving me the same error message again and again, tried calling aeroplan and the customer service response was 'just use the website' Having the app un-installed it multiple times it just doesn't seem to work",1
2025-01-15 17:14:49,It easy to navigate,5
2025-01-15 12:15:54,App is working for people who understand english.... But you cannot change the language through the app. French which is a canadian language is not an option... Though their website has all different options to change it.,2
2025-01-14 20:06:33,this airline is very good excellent quality service,5
2025-01-13 23:08:42,"I recently used the Air Canada app on my Android phone, and unfortunately, it hasn’t been working well since the last update. The app is not loading properly and struggles to display the total price for flights, which is quite inconvenient. For a company like Air Canada, it's disappointing to experience such technical issues. I hope they resolve this soon, as it's essential for travel planning.",1
2025-01-13 14:51:07,Progress Tracker often down.,3
2025-01-13 05:44:38,"Today's experience was very smooth, lot's of people to help with self check in. Very nice and efficient.",5
2025-01-12 20:47:32,this trip was great! the app is very helpful and well porgramed,5
2025-01-11 21:46:59,amazing experience,5
2025-01-08 19:11:13,Everything you need in one spot. So simple.,5
2025-01-08 13:58:58,Best airline app ever. the other airlines should learn a thing or 2,5
2025-01-08 08:30:47,Friendly and informative app,5
2025-01-07 19:29:45,I couldn't get it to do anything,1
2025-01-07 19:15:56,Can't download on jyvr,1
2025-01-06 20:29:57,Adding a payment card so impossible. Also the flight keep appearing and disappearing. I've been trying to book for weeks and have had to resort to a phone call. Currently waiting 40 mins still not answer.,1
2025-01-06 20:28:34,"Fantastic service , recieved call back same day and very accommodating to my situation..., thank you",5
2025-01-05 19:44:46,Very easy to navigate,4
2025-01-05 17:42:41,all good and easy,5
2025-01-05 16:56:22,"Silly that traveller information can't be pulled up while checking in, particularly frequent flier information for additional passengers.",1
2025-01-05 16:10:31,"I'm unable to book any flights on this app. Once I get to the fare summary, it's grayed out and seems like it's indefinitely loading, so I can't even see the total cost or book the flight. The AirCanada website doesn't help either because it won't let me see point summary unless you have enough points, but the whole point of me looking up points fare was to see how many points I needed to transfer over from my Chase card. AirCanada really doesn't want my business.",1
2025-01-05 12:35:28,"Another update, another crash. Now, not only do they limit which browsers you can login from, but I can't search for flights! Constantly tells me I'm blocked for safety reasons... Stop trying to change how this app works, it was fine.",1
2025-01-04 17:49:12,Useful and Simple layouts.,4
2025-01-04 10:57:04,The information on the app is always way behind the information you get with notifications or in the airport. Not very helpful,3
2025-01-04 09:49:47,Provide adequate information.,4
2025-01-03 19:38:57,App will not load after latest update. Just shuts down on tablet. Will be a problem for in flight entertainment .,1
2025-01-03 17:54:34,Works well!,5
2025-01-03 15:55:01,good to have info about your luggage and its free of charge.,5
2025-01-03 14:05:04,Friendly crew members onboard.,5
2025-01-03 13:32:27,"I really like traveling with air canada, reliability and safety .tx",5
2025-01-03 00:32:25,第一次觉得外国人做的app那么好用那么易用,5
2025-01-02 21:37:25,Easiest travel app on earth. Just please add the option of military APO to your list of locations for addresses please.,5
2025-01-02 20:39:03,Took an hour to reload my boarding pass at the airport in Mexico even though Iloadedit at the airport. Why do I need wifi if my boarding pass is already loaded and I have not closed the app. Print you boarding pass.,2
2025-01-02 16:27:55,surprisingly good app,5
2025-01-02 14:58:40,"Very quick and efficient bag tagging system. It updates as soon as the bags are checked-in, loaded on the aircraft, and after it's offloaded with baggage carrousel number.",5
2024-12-31 17:19:23,I downloaded it and hit the sign in button. First thing it tried to make me do is download amother browser (that I don't use) just to sign in. That's ridiculous. Took it off my phone.,2
2024-12-31 05:30:16,Absolutely gorgeous 😍,5
2024-12-30 18:28:51,The whole experience was easy and stressfree. From boarding to baggage. Meal was good in the plane. Overall a positive experience,5
2024-12-30 17:43:31,"Terrible app. Can't log in, can't access points. Tried resetting still no good. No email sent when wouldn't accept my password.",1
2024-12-30 10:13:26,Think its a great help to passengers who are not familiar with the. routine,5
2024-12-28 19:21:45,"Amazing service, fast and simple",5
2024-12-27 13:53:37,"Account deactivated. Called their support. When they called back, they were unable to resolve it.",1
2024-12-26 18:00:08,an amazing application,5
2024-12-26 15:41:54,"Air Canada website is so awful by either data or connected to the free Vancouver airport WiFi, I cannot get my boarding pass to load that loaded just fine on the first leg of my trip and at home.",1
2024-12-25 20:35:05,Easy and user friendly site. Can't wait to use it again.,5
2024-12-25 15:41:03,great,5
2024-12-24 07:40:51,very useful,5
2024-12-23 23:39:50,"love the app, all in one place with helpful reminders,made travel less hectic",5
2024-12-23 18:25:37,surprisingly good,5
2024-12-23 10:42:30,exceptional service,5
2024-12-22 12:34:07,An easy use and helpful a great Air Canada app👍🏼,5
2024-12-20 21:42:55,"""we're sorry for the inconvenience but it seems you're request cannot go through"". Security theatre leading to an unusable app, at its finest",1
2024-12-19 15:06:59,"Deactivate your account out of nowhere, then have outrageous timescales to get it reactivated.",1
2024-12-19 10:37:21,its a great app everything is all there for everyone in my party,5
2024-12-18 10:26:42,"easy to navigate, everything is there 👍🏿👍🏿",5
2024-12-18 02:32:30,"Third class service when it come to their loyalty program, it almost impossible to use them and they make sure to have worst experience while doing it, and even closing Aeroplan requires CALLING them¡ is it 90s? Can't even provide email or live support 😒?",1
2024-12-18 00:51:22,Not able to add trips on my android. It's been over a year now,1
2024-12-16 19:12:24,Absolutely ridiculous. Can't even find place to check in. Loading times are absolutely ridiculous. Use air Canada web page. It's more useful.,1
2024-12-16 10:55:59,"Will not let me add pre-planned trips to my dashboard but shows them on web version Edits: Still havent heard anything from this email despite following all of the steps of above..... it has been a month The email was sent December 1, 2024 with the subject line you have specified.",1
2024-12-16 10:51:41,"Keeps showing ""and error occurred that we didn't expect. Fare search results"" for over a month, while on website it works as usual. My device is pixel 6a. ------update------ Thanks problem resolved.",5
2024-12-16 07:07:01,love the app,5
2024-12-16 05:44:48,Flexible and easy to use. Careful for seat sale codes not appearing when try to book. Just verify the main web site.,5
2024-12-16 04:09:23,Air Canada is our first choice for trips to Europe but it is also so good to see that Maple Leaf and the coast of Canada coming back home!,5
2024-12-15 14:56:07,Excellent service on the flight.,5
2024-12-15 07:26:40,It is very easy to use,5
2024-12-15 01:59:06,"Horrible. Can not check flight status. It kept stating updating your flight status, an error occured that we didnt expect. Try again. My flight is leaving in 2 days and can not check the status. It did the samething last July and nothing has changed.",1
2024-12-15 00:38:02,great app .,5
2024-12-14 23:09:56,"Aeroplan redemptions never work through this app. After selecting flights, always end up stuck at the booking summary with the ""Redemption level"" options stuck loading indefinitely. I have to jump onto a computer to actually complete the reward booking. It's been like this for as long as I can remember.",1
2024-12-14 01:03:02,excelente service,5
2024-12-14 00:05:19,Easy to navigate.,4
2024-12-13 08:17:02,Doesn't work on Google Pixel Android anymore for a month!!! How can the programmers keep on breaking this app? It works one week then doesn't work another week. This is the longest. It hasn't worked on the Google Pixel. You get this error after any search: We're sorry for the trouble An error occurred that we didn't expect. Fare Search Results Please try again later This happens irrespective of the route and whether you search by points. I think it's time to look for some new programmers!,1
2024-12-12 22:59:11,Don't use all aspects of App so only gave it 4. Perhaps more details would be good re seat number in initial flight info once chosen.,4
2024-12-12 21:45:44,I just love it ..,5
2024-12-12 16:55:56,I downloaded the app to keep better track of my Aeroplan points. Now when I go to check my balance it takes me to the website to log in. What's the point in having the app now!?,2
2024-12-11 19:36:53,"It doesn't update on gate changes enough, so you could be at the 1st gate, only to find out much later that it's at a different gate. The app doesn't update very well, even if you force the update, it will sometimes stay spinning forever. The bag tracking does actually work, assuming the airport your at supports this. Trying to find other details requires going to 2 different possible places for it.",2
2024-12-11 14:32:01,User friendly and comprehensive,5
2024-12-11 13:04:18,Easy to use and stay up to date for flight departure and arrival,5
2024-12-11 11:26:48,Air Canada strikes again. More delays. 3 flights in 2 days...so far 6 hrs in delays and 2 missed flights. This needs to be addressed. No more AC for me. Will pay more to fly on a reliable carrier. Just not acceptable and worse no accountability.,1
2024-12-11 09:39:30,Great app to have everything in one place for your trip and baggage tracking!,5
2024-12-11 06:51:23,great experience,5
2024-12-10 22:11:44,"as a wheelchair user, i require an isle chair for boarding and unboarding. air canada does this better than any other airline, period.",5
2024-12-10 13:22:32,"Update: because the app wouldn't check us in none of the cpuple are sitting together. OG: Getting off a cruise into the USA and flying home? Don't bother with the app it won't let you check in. All you get is ""check in failed"". How a airline that flys international can't get the app to work for this is crazy.",1
2024-12-10 02:38:52,Great info,5
2024-12-10 01:42:06,for the most part it's good except for the in flight. super cheap on everything and can buy anything unless you have a visa while on board. If they took visa debit I'd be much better.,3
2024-12-09 02:14:11,"great for tracking flight changes, gate changes and knowing whether my bag mass it on the planes.",5
2024-12-08 16:36:53,The new luggage tracking is commendable. This will reduce the number of lost luggage,5
2024-12-07 16:29:48,Easy to use,5
2024-12-07 11:35:45,love it ❤️,5
2024-12-06 18:24:55,it works,5
2024-12-06 17:49:09,easy and straightforward communications,5
2024-12-06 11:05:49,Disgusting. App stucks at loading flights.,1
2024-12-05 22:43:52,Cannot search to BOOK flights. CANNOT book flights or search for them with Aeroplane redemption option. I updated the app and it's great for everything EXCEPT searching to book flights. This is important feature especially if I have multiple flights to book in a trip. The App has a nice interface to book using mobile phone. But It does not let me book to search flights.,2
2024-12-05 14:48:58,don't agree with having to pay for carryons,5
2024-12-04 14:58:57,"The app is glitch recently. Points from activity is retrieved and showing but the points are not adding to the total. I've had many transactions come through but my points total had remained unchanged. Additionally, under each activity transaction there should be a new total so that the user can easily see that the points subtotal as of that transaction.",3
2024-12-04 10:49:27,app does not work,1
2024-12-04 08:19:28,Made the flight so much more enjoyable. Great information on the app.,5
2024-12-02 20:15:34,The plane was very small restroom basin didn't work so couldn't wash hands,4
2024-12-02 05:08:42,"Great app, very efficient, I use it all the time",5
2024-12-01 15:49:12,"The worst, 4 months ago I bought the tickets and 1 week before taking the plane, they changed my flight's date 2 days after it was scheduled, as it was nothing...now I have to cancel with them and buy in other airline.",1
2024-12-01 11:41:41,"If printing a boarding pass is easier than your app, then I'm going to print a boarding pass. [App requires logging in. It's 2024. We don't have to log in or drill holes in people's heads to let spirits out.]",1
2024-12-01 09:41:52,Air Canada is an amazing App! 🙂,5
2024-11-30 06:46:15,Boarding pass disappeared when Boarding announcement was made. I was in line with Boarding pass open and ready and the Boarding pass disappeared as soon as the Boarding announcement was made. This happened just as I stepped up to gate agent to be checked in. Had to step aside and fumble through the app searching for the Boarding pass which seemed to have completely disappeared. Do not rely on the Boarding pass feature of this app!,1
2024-11-30 00:53:30,oogle shouldn't spy on us,1
2024-11-30 00:32:54,"plane was spacious an every one was polite, love the leg room",5
2024-11-29 16:50:57,good choice,5
2024-11-29 15:42:07,People are just so amazing helpful and soooo polite.,5
2024-11-28 23:42:08,"Absolutely horrible experience. Flight selected, credit card information and personal details entered, wheel spins and it tells me there was an unexpected error and to try again. So I try again, and again, and again. Same error message. I check my email only to discover I've bought 4 tickets! And you can only imagine how easy they make it to cancel those extra tickets.",2
2024-11-27 22:36:25,easy to use,5
2024-11-27 14:05:39,"pretty handy and helpful, with function making user/pax experience friendly",5
2024-11-26 12:16:17,always works well. great for finding my boarding pass,5
2024-11-24 14:58:04,staff were awesome,5
2024-11-24 00:44:40,Quick and cheap with awesome service.,5
2024-11-23 12:44:47,ok,3
2024-11-23 11:04:42,"It is virtually impossible to link your Starbucks account. I've made a new password for the Starbucks app, but everytime I try to link it says username or password are incorrect. It worked fine for the Journie Rewards.",4
2024-11-23 04:59:44,Does not launch,1
2024-11-22 16:14:23,2nd bag was initially said to be complimentary but got charged at the end,4
2024-11-22 09:39:04,issues either booking flights ✈️,2
2024-11-22 08:35:56,easy to telly points and find missing ones,5
2024-11-21 21:11:58,AC APP ALWAYS HELPS ME GET HOME!,5
2024-11-21 13:57:21,Good service.,5
2024-11-21 09:54:42,Works faster than the Old One.,5
2024-11-21 09:16:10,Great,4
2024-11-20 00:23:17,"I like that you can track the inbound flight, great feature. If you are looking for your gate at a new airport, you can get direction to your gate using the app. Go to Flight Status>Enter flight details>touch the blue Gate number>Next Page works similar to your google maps or Apple maps.",5
2024-11-19 15:55:41,"User friendly, very handy , updates are notified right away. Highly convenient to check-in, track flights and baggage.",5
2024-11-19 09:51:03,Does not let me book a flight on the app saying that I need to update my app. But there are no updates available in the play store. You guys probably need to look into your release cycle.,1
2024-11-19 00:46:40,Air Canada has really improved this app. I'm impressed.,5
2024-11-18 08:34:18,Not loading information properly...,1
2024-11-17 19:02:25,"App is now degraded. They don't allow us to use our own browser to sign in. They will force you to install Firefox, chrome or Samsung browser. Terrible as always.",1
2024-11-17 17:35:01,User friendly.,5
2024-11-17 08:40:15,gate was changed. no notification text or email sent. I had to ask a passenger,4
2024-11-17 01:57:07,be careful with their affiliated partners. I accidentally wasted points on Starbucks cause I misunderstood how it works.,3
2024-11-16 22:58:17,Very easy to use.,5
2024-11-16 19:13:26,Easy to use and get up to date info on your trip,5
2024-11-16 07:25:38,Great app...no issues,5
2024-11-15 10:55:31,Terrible website,5
2024-11-14 20:14:12,Great service and greater staff.,4
2024-11-14 15:56:19,I could not move it to where i wanted. If i touch and hole it just opens up,2
2024-11-13 13:52:28,Why does this open my browser instead of an app?,1
2024-11-12 00:22:35,Well laid out app. I enjoy the countdown to booked trips. Would love to see more retail partners.,5
2024-11-11 16:04:35,very dialed in operation,5
2024-11-11 13:05:51,My app keeps showing a phantom boarding pass for the last few days and I can't actually show the real boarding pass now,2
2024-11-11 10:18:59,comfortable. friendly staff. food quality is nice,5
2024-11-10 16:28:40,Solid app. The check-in baggage details feature is amazing. Gives you a peace of mind of the whereabouts for your luggage. Live updates to the boarding pass is exactly what you expect from an airlines app.,5
2024-11-08 16:47:33,😃,5
2024-11-08 13:00:34,Always loved it,5
2024-11-07 15:18:54,I'm just trying,5
2024-11-07 13:42:52,"Logging in required multiple security codes and re-logins, and once I was in it was easy to find how to cancel my flight, but impossible to find a boarding pass. What an awful app!",1
2024-11-07 12:23:52,good,5
2024-11-06 16:03:18,Tech support was a big help quick response app seems good now thank you,5
2024-11-06 12:39:18,The app used to be somewhat useful for checking how many points I need for an upgrade as it was right in the dashboard. Now that's gone so this app like this airlineb is absolute trash,1
2024-11-06 10:22:16,"New member of Aeroplan and install the app. To sign in, it requires me to install a new browser as the one I'm using (Edge) is not supported (!). This also means I would need to copy the password into the new browser to sign in. I think this is the first app I have experienced with such a severe limitation.",1
2024-11-05 12:08:55,"The app is garbage. Keeps clocking and timing out. App didn't work on my flight, or while sitting on the tarmac for 2 hours! No in flight service or entertainment for another 4,5 hour flight. I shouldn't be surprised ,typical Air Canada. Lesson learnt NEVER again will I fly with them!",1
2024-11-04 21:14:37,crammy seats but comfortable. wifi too expensive for casual domestic full flights and connections. Planes are kept clean and organized. But the service in the terminal and the air craft is amazing.,4
2024-11-03 14:19:04,Great experience,5
2024-11-02 22:44:54,No tab to check seat assignment,4
2024-11-02 18:01:03,awesome app and always updated flight ✈️,5
2024-11-02 16:43:22,simple and easy to use,5
2024-11-01 17:58:44,Waste of time and data...,1
2024-11-01 11:11:10,Does everything I need it to,5
2024-11-01 09:50:19,Sluggish and very difficult to use.,2
2024-11-01 07:54:57,Great app and very user friendly,4
2024-10-31 23:16:10,Bad pricing and also impossible to sign in. Bloated.,1
2024-10-31 20:39:19,Everything is perfect and going smoothly I like Air Canada,5
2024-10-31 13:22:20,"The app doesn't let you log in without installing a browser that I don't want or need. I use Firefox nightly and it expects me to install the regular Firefox. Why you can't log in with any browser, or even just log into the app directly like every single other app ever written, is a mystery. Either way, it's impossible to actually log into the app and therefore completely useless.",1
2024-10-30 20:35:07,"Absolutely brutal app. You sign in the app and when you go to vacation packages, it asks you to sign in again to continue. It does not suggest options if it doesn't fly on a certain day. Terrible!",1
2024-10-30 17:44:41,Excellent experience tracking the Flight my children travelled with..,5
2024-10-30 07:23:48,"Aeroplan status cannot update itself since a while on my phone. I see lower amount of points, etc than if I go online.",3
2024-10-30 00:42:52,Trying to ck in. forGet it,2
2024-10-29 10:53:51,I am new and found it easy to activate,5
2024-10-28 20:43:40,Great every flight!,5
2024-10-28 13:37:32,options to manage booked trips opens to a blank screen not allowing any input.,2
2024-10-27 22:46:31,Great customer service and love to travel to Air Canada. Love to recommend family and friends!,5
2024-10-27 11:51:06,The app works and so far has been glitch free. Thanks!!,4
2024-10-27 10:41:05,Air Canada makes travel EASY!,5
2024-10-26 19:14:10,Never had a problem updates fast works great for me,5
2024-10-26 09:09:09,"tracts everything I need for boarding passes, baggage and flight changes.. works well",5
2024-10-26 04:41:04,"I just recently downloaded this Air Canada App as i do have flights thru Air Canada. The app is easy to use, UI is simple and user friendly. Thank you Air Canada! 😊👍",5
2024-10-24 19:44:20,love the bag tracking info.,5
2024-10-24 14:37:14,Can we get starlink on air canada please 🛰️🛰️📡📡,4
2024-10-24 14:35:16,"not on time, and garbage collection should be before the end of a.5 hour flight",4
2024-10-24 06:20:12,helpful,4
2024-10-22 22:46:57,"Why are you going backwards in terms of service? I booked tickets for myself and my wife, but on the flight, we were given seats in opposite rows. While traveling back, I specifically requested seats together, but was told that all seats were fully booked, and only opposite rows were available. It's clear you aren't making efforts to improve. To make things worse, when I asked before boarding, the customer service manager at the desk was speaking while chewing gum! Also she dint had name tag.",1
2024-10-22 10:45:56,Good APP for rewards,5
2024-10-21 17:21:24,App doesn't show my upcoming flight while I'm out of country since it suddenly disappeared like I never booked it to begin with?. I cannot call the help line so I'm out of luck. Emailed support but they told me they can only assist with post flight issues. I'm really disappointed because it started out as a rather good experience but now I'm debating if I'll ever go with this airline again. Hopefully things work out but frustrating though.,1
2024-10-21 12:57:46,Great luggage tracker real time.,5
2024-10-21 09:00:09,good,5
2024-10-20 12:35:18,"Intuitive, doesn't crash, free of bugs",4
2024-10-20 01:40:13,Excellent. Could not fault it,5
2024-10-19 17:47:33,outstanding,5
2024-10-19 16:03:54,nice.,5
2024-10-18 17:31:44,Worst airline in the world they stole my money I bought a ticket and at the end they said they over booked and it's been over 8 months and they always say the same that they will return my money but they never do,1
2024-10-18 07:13:45,Great,5
2024-10-18 06:28:12,"Buggy, kept erroring out for hours and failing at key moments (had connection with other apps and in status bar). The app also uses scroll down menus in lieu of data entery at multiple points, just let me type (this is extra annoying when working around bugs) Don't recommend, it'd be terrible to try and use on a time crunch. Just go to the airport and talk with a ticket agent...",1
2024-10-18 01:19:23,very useful app with information easy to read,4
2024-10-18 00:38:29,very fast and convenient company,5
2024-10-17 18:40:50,Service is absolutely garbage now. I've emailed them twice for point discrepancies and I literally haven't even recieved a response for either inquiries. Me first inquiry was in April of this year lol... Highly recommend finding a better points platform,1
2024-10-15 15:48:04,easy to use,5
2024-10-15 15:38:58,"I travel quite regularly and have heard countless stories of travel mishaps. I have never had my luggage lost, and on the rare occasion that I miss my connection, the AC staff has been exceptionally helpful in getting me to my destination. They also have more options that fit my schedule, and the loyalty program is unmatched.",5
2024-10-14 17:34:36,"Awesome app for all things air Canada. Can't think of any glitches or bugs, information is as accurate as it gets for an airline.",5
2024-10-14 09:13:09,Love the Air Canada app! It's user-friendly and has many features that allow you to collect aeroplan miles!,5
2024-10-13 16:21:10,Why does the app take me to a website? Why can't I get my information from the app?,3
2024-10-13 12:12:08,content with the ease of use,5
2024-10-13 05:59:40,"so far, no issues. Booking flights from the app is easy peasy and checking in online is also a breeeze",5
2024-10-12 12:37:08,wheel chair assist terrific. so many. people so very helpful.,5
2024-10-12 08:06:55,App wouldn't take information easily Difficulty finding my flight information,2
2024-10-09 19:12:31,plane was delayed 12 hours I got my room comped for roughly 3 hours of sleep and 60 bucks in food vouchers trip back was good though on time and all the way employees where very nice.,3
2024-10-09 17:44:03,Easy to use app with great user interface. 5-stars,5
2024-10-09 16:31:58,Ask me to log in again when I manage the trip. I have already log in when I open that. Why don't I just use the website. Useless app at all,1
2024-10-09 11:28:44,I was able to traxk my flight every step of the way quite easily using the app.,5
2024-10-08 18:55:37,"(Irate response removed) Thank you, developers, for your quick response! Customer service is 100% . When your system goes down you must have a mechanism in place to identify it and contact the person by email immediately to help their onbaording experience. Proactive is always better than reactive.",4
2024-10-08 17:56:19,"video screens were all down but for such a short flight,it was no big deal.",4
2024-10-08 09:49:34,"I am unable to sign-in. I have just completed a booking online so my Aeroplan number is correct and so is my password. I am getting error messages like errors on the form, incorrect parameters etc. I have tried uninstalling and reinstalling the app. This is the first time I have had problems with this app.",1
2024-10-08 08:57:20,"The Air Canada app was great! loved being able to decide in advance whether to check our carry-ons. Also the info on the flight entertainment allowed me to pre-choose the movies to watch. The bag tracing information was very reassuring. Staff at London Heathrow were very helpful, boarding went smoothly and it certainly looks like we'll have an on-time departure! Well-done, Air Canada!",5
2024-10-06 20:07:54,I like the message AC sends guaranteeing my checked in bag is on the flight...,5
2024-10-06 17:52:27,Only issue I have with the app. Is it doesn't up date my air miles.,4
2024-10-04 21:52:55,Wouldn't even let me sign in,1
2024-10-04 07:54:25,"works well, intuitive",5
2024-10-04 07:29:20,Very pleasant airline!,5
2024-10-03 22:15:38,Love being able to see if I'm on the list for a standby flight,4
2024-10-03 07:13:30,Very disappointed. When clicking on the 'sign in' button the app launches a browser window rather than handling this internally at which point why bother with the app? As far as I can see there is nothing within the app which is not available through the website making this app redundant.,1
2024-10-03 06:09:02,50k aeroplan member now unable to access or book flights - continue to get message saying due to increase security turn off VPN use a diff cellular networks etc ... Not on a VPN and cellular network change .. seriously? Have recycled uninstalled and installed still blocked from bookings using app,2
2024-10-02 23:17:55,Love the extra information in the AC App,5
2024-10-02 20:51:30,i had a great friendly flight,5
2024-10-02 18:55:58,Doesn't allowcuodate,1
2024-10-02 14:54:53,This tracking system is informative especially for anyone not checking in the luggage all the time.,5
2024-10-02 07:06:08,great service,5
2024-10-02 05:12:40,awesome service to keep tracking your bags,5
2024-10-01 10:31:37,It is always helpful to be aware or updated regarding travel requirements,5
2024-10-01 00:47:40,Bag tracking has reduced my anxiety around parting with my bag. It is so much more convenient to travel without lugging a bag around the airport for hours.,5
2024-09-29 05:01:24,"very confusing to navigate, particularly of your trying to use Aeroplan to access upgrades",2
2024-09-29 03:58:56,Good,5
2024-09-28 17:19:03,"In general, this trip has been very good, I congratulate you, you have improved a lot compared to the service in previous years.",5
2024-09-27 16:20:04,Customer service is the very best. Flights on time. stews very good service and helpful. 10 out of 10,5
2024-09-27 15:24:56,Great app with all the right information needed and easy to use. Tells you when your bags are loaded and offloaded. It's one of the best airline apps.,5
2024-09-26 21:57:12,Great app unlike that piece of $*** WestJet one,5
2024-09-26 07:47:05,The worst customer service.,1
2024-09-25 16:49:11,Can't set up a login account. Any tips please ?,1
2024-09-24 23:15:44,Want an AC app with no aeroplane. Above app won't accept my info. Can't get app at all,1
2024-09-24 10:57:23,works seamlessly. invaluable travel companion,5
2024-09-23 05:23:20,Your flight attendants are consistently grumpy. It reflects badly on your brand.,3
2024-09-22 21:16:22,Worst app I have ever used! Not user friendly has bugs and issues left and right if you don't know how to make a proper app sit your but down and do things the old way so you don't screw your customers over....,1
2024-09-22 18:40:59,So far so good.,4
2024-09-22 10:08:38,The slowest app with superb maximum inefficiency.,1
2024-09-22 07:33:11,I have an error all the time and air canada can't fix it spent so many phone calls,1
2024-09-21 19:36:28,it was great until i stopped being able to use the aeroplan store to buy items.. not sure if it's an app issue or aeroplan one but I've lost out on many points because of it.,1
2024-09-21 18:00:14,"Thiught they say that they have pet friendly flights, they do not have good response when asking about travelling with pets for overseas flights.",1
2024-09-21 11:51:27,"I can't get my trip added to the app, I keep getting an error code. The others in my party can add the trip. Very frustrating 😕",1
2024-09-21 11:34:05,Best airline app I have ever experienced!,5
2024-09-21 07:39:22,I always seem to struggle to access it.,3
2024-09-21 02:59:05,very time conscious,5
2024-09-20 15:33:36,Great Airline,5
2024-09-20 13:41:37,Good but glitches a lot.,3
2024-09-19 16:50:59,very helpful!!,5
2024-09-19 08:16:33,Great,5
2024-09-18 10:53:42,it's easy a d reliable,5
2024-09-18 07:28:35,excellent experience with Air Canada App to get update of flight status. Thank you so much Air Canada 🇨🇦 😘,5
2024-09-17 11:34:01,Awesome,5
2024-09-17 08:14:11,The landline bus from Hamilton to Toronto is a must ! Very comfortable in a brand new motorcoach.!,5
2024-09-17 04:58:41,Good application showing all updates as soon as they are in place regarding the journey.,5
2024-09-16 16:24:09,"Had issues trying to sign up for their Areoplan card. It was saying I was using a VPN, but I wasn't. I turned off my home wifi and only used my mobile data, which worked. Thanks to support here, for getting back to me quickly and doing everything to help. Thank you!",5
2024-09-16 12:08:22,Easy to use. Great App,5
2024-09-16 07:23:33,Found my experience much better just going to the website through the emails sent to me. In which case this app serves no purpose,1
2024-09-15 08:33:36,Missing baggage tracking. Also when selecting seats before check-in you are redirected to the web browser where you have to log in again.,3
2024-09-14 22:48:19,app not showing up on screen,1
2024-09-14 14:30:09,easy to browse and the information I need is there for my upcoming flight.,5
2024-09-13 12:39:49,first time was an easy experience,5
2024-09-12 22:43:39,OK. Mostly on par with other north American airlines. Doesn't track baggage.,4
2024-09-12 06:09:52,Great so far. lots of info and updates!,5
2024-09-12 01:41:29,Excellent service and accurate information at any time!Thanks,5
2024-09-11 09:19:51,on time,5
2024-09-10 07:13:11,👍 .no e,5
2024-09-09 14:13:56,Very disorganized at F99 Gate for 8773 flight today (Sept 9 2024). AC pls do better.,3
2024-09-09 10:07:29,"When I try to book with points, after choosing my flights the app looks like it's loading but never shows me the cost. I can't move forward at all. What's the point of an app if I can't use it for anything other than seeing what time flights are?",1
2024-09-08 21:11:44,Cool,5
2024-09-07 20:16:34,"Good app - but air miles from actual travel are peasly. Aeroplan has practically become a credit card rewards program, but if (now hear me out) Air Canada cranked up the points earned from flights to match, I'm sure they could entice me to book loyally.",5
2024-09-07 12:05:23,I like that it keeps me up to date on my upcoming flight,5
2024-09-07 09:56:18,"Please, make it easier to select return flight from different airport, every time it is such a struggle to do it in the app",4
2024-09-06 21:08:37,Enjoyable flight. Delays are unavoidable but frusteating. I was given a food voucher when deplaned after 3 hrs. By that time the restaurants were closed. i tried using the voucher at heathrow but it did not have GB pound equivolent so was dwclined.,4
2024-09-06 10:20:15,"This App worked perfectly! It is a must to have if you are travelling with Air Canada. I was able to check-in and get my boarding pass, and find out everything about the flights. Air Canada sent me notifications to keep me updated! Perfect and very easy to use!!",5
2024-09-05 17:11:05,Why do I need to install Google Chrome just to log onto the app? This needs to be revisited.,5
2024-09-04 15:13:21,"I don't know why Air Canada charges more money than online platforms such as Flighthub, Cheapair, Expedia, and many others. Wouldn't it be better if Air Canada eliminated the middlemen and dealt with customers directly. Flighthub charges money when you make changes to your ticket, than Air Canada charges.",2
2024-09-03 23:48:07,I found this app easy to use.,5
2024-09-03 12:06:02,It reminds me of details of my future flight. It is on my cellphone. Thank you.,5
2024-09-02 21:57:33,nice app,5
2024-08-30 14:29:37,Great customer service. Easy app. Great travel tips and notifications!,5
2024-08-30 14:06:21,Reliable,5
2024-08-29 14:55:08,Excellent.,5
2024-08-29 12:00:57,The flight staff were friendly and helpful. Very patient with some difficult passengers.,5
2024-08-29 01:42:42,"More aesthetic, but painfully slow when trying to book or submit payments.",3
2024-08-28 22:28:15,Would not accept my Canadian phone number. Then said I tried too many times.,1
2024-08-28 09:18:31,"App doesnt let me add existing trips, scan a boarding pass. Ive installed and re installed the app.",1
2024-08-27 23:11:19,"Air Canada has been quick and efficient their new bag tracking program works very well, I'm greatly impressed with the improvement!",5
2024-08-24 18:13:33,Great service.airhodtrss staff nice and seats are bigger feel comfort,5
2024-08-23 22:32:40,"Air Canada: The Epitome of Incompetence After Air Canada’s rigid check-in policies left me stranded at a quiet airport with plenty of time, I tried calling their customer service—big mistake. Their voice recognition system, which seems cutting-edge for 1998, kept hanging up on me. Thanks to this stellar ""service,"" I had to fork out $600 for a last-minute United ticket to fly the same day. Maybe it's time to break this monopoly apart and push Air Canada into the 21st century!",1
2024-08-23 17:00:28,just ok,4
2024-08-23 14:15:43,"Does not support Microsoft Edge browser, but does support Chrome. What, is it still 2010??",1
2024-08-22 20:47:15,Gets stuck loading doesn't work,1
2024-08-22 19:20:06,Easy to calculate points,5
2024-08-21 10:31:44,real time updates 🙌🏻,5
2024-08-21 09:49:35,"Easy to navigate, very convenient.",5
2024-08-20 11:23:40,Completely useless and frustrating,1
2024-08-20 08:33:22,The app got much better after recent updates.,5
2024-08-18 10:07:35,Excellent 👌 definitely would fly with them again,5
2024-08-17 20:21:28,I chose to support this airline due to the fact that I am Canadian. However there is a very BIG difference in the quality of food served on this carrier vs British Airways or KLM. I managed to get a business class ticket on our last trip to and from Portugal (AC811). The staff were good. The food was ABSOLUTELY not. Air Canada should look at the source of their meals for business class and re-evaluate the experience they are trying to achieve for this group of passengers. They are failing!,3
2024-08-17 08:35:07,No option for multi-city flights. Seems there are posts in the internet complaining about this years ago. Seems fairly straight forward to set up.,1
2024-08-16 13:18:52,crashes and can't use aeroplan certificates for buddy pass or use upgrade,2
2024-08-16 12:20:06,awesome expirence,5
2024-08-15 18:20:58,the staff are responsible for their job.,5
2024-08-14 20:14:35,excellent,5
2024-08-14 11:09:02,Good app for Air Canada,5
2024-08-13 18:48:25,Excellent app for tracking my luggage,5
2024-08-13 12:38:15,App is hit and miss. Just now tried checking in using the app and somehow my partner got checked in and I cannot check myself in for a flight later today.,2
2024-08-13 11:42:36,"Today I reinstalled aircanada app. Seems to work. That is better news. After unable to use the app, IContacted digital@airanada ca. They followed up once asking for details. After that no response inspite of sending reminders. All that matters now: it works",4
2024-08-12 22:48:31,"I'm missing points, but when I click the ""missing something"" link in the app to fill out the missing points submission, you're redirected to a broken / not working page. Other than that, it's an okay app, although it's not clear how many points you get for spending ""x"" amount money for each sponsor. I find Air Miles does a better job of that. Update: Thanks for correcting your broken link / page.",4
2024-08-12 21:30:45,"*2023 It's super simple, very easy, and very efficient. I love the practicality functions. With one glance, you see a tonne of useful information 👍 . *2024 update Now they got ' baggage tracking ' Built in the App + the New AC Wallet is so fun and quick to book directly in the Aircanada App ! 🥳 Wait-to-go Air Canada 🇨🇦 !!!",5
2024-08-12 15:05:24,Customs and immigration help is great. The turn by turn map will be of help. Thanks!,5
2024-08-12 12:21:30,It should list what you need to get for each level of status.,4
2024-08-12 11:15:15,Flight was on time. Flight attendants were pleasant and helpful,5
2024-08-11 05:13:10,One of the worst customer service you will ever come across in this whole world. Why do you keep customers on hold for hours? Please avoid booking with them as much as possible.,1
2024-08-09 12:00:54,It's bad,1
2024-08-09 11:04:48,"useful app - not glitchy, and provides everything I need in one pkace",5
2024-08-09 09:58:45,works good,5
2024-08-09 09:38:43,love this app,5
2024-08-07 16:04:52,By far the worst user experience and UI of all the airlines at current.,1
2024-08-07 07:14:03,"I love this airline, it's hubs, crews, and app.",5
2024-08-05 23:22:39,easy to use app,4
2024-08-04 10:05:01,The app is really easy to use and works well.,5
2024-08-03 22:59:38,"Aircanada is reliable and dependable, despite small delays.",5
2024-08-03 13:40:15,Ground staff is zero.,1
2024-08-03 02:32:07,Excellent,5
2024-08-03 00:41:13,best airline...I've never had any issues whatsoever...flying with air canada for the last 12 years.. flying at least 3 times a year...,5
2024-08-02 23:20:37,"Air Canada is my preferred airline, no doubt, but I can't give 5 stars because the last flights out of Toronto are most of the time late. It caused me to miss my connection, miss my meetings, and lose the entire day. It's hard to plan if you take the last flight. Also, you shortened me for 964 Aeroplane points, and I didn't get to 75k. This was really hard to digest.",3
2024-08-02 20:19:44,So easy to use and so well laid out!!!,5
2024-08-02 20:01:44,Never actually up to date,1
2024-08-01 21:07:23,"Air Canada AC1805 was on time, and service was excellent.",5
2024-08-01 13:22:08,It's one of the best Always improving,5
2024-08-01 10:32:47,easy to use and navigate through the options.,5
2024-07-31 11:31:23,👍 great,5
2024-07-31 07:42:16,nice experience!,5
2024-07-29 11:59:21,the app is reasonable. the information that is available with regards meals and ability to change flights is lacking,4
2024-07-29 09:00:47,Hate this app... so much trouble trying to access my account,1
2024-07-29 07:14:34,"1- Can not search for trips(Unlike AC website ).. . 2- Xan not add my existing trip . . . This app is malfunctioning, no trust to upload my facial recognition details in a faulty app",1
2024-07-28 18:34:45,wonderful staff and great service 👏 👍 😀,5
2024-07-28 07:13:47,easy to use,5
2024-07-27 20:00:29,"Worst airline in the world. I hope you guys go bankrupt. Constant delays, terrible service.",1
2024-07-27 09:19:41,It's very easy to use this app,5
2024-07-27 06:55:21,air canada app is very easy to use. I am happy with the flights and services.,4
2024-07-26 18:29:14,good service,5
2024-07-26 12:27:16,"The new app update ruined the app, freezes as soon as you try to search. Cache goes from 0 to 235mb within 2 seconds of opening the app. Unusable.",1
2024-07-26 10:57:08,Good points orogram but not a lot to facillitate it in my locale,4
2024-07-25 16:53:27,Its the best air for me..,5
2024-07-25 07:57:36,The thoroughness and help/contact links give an added sense of security.,5
2024-07-24 10:12:38,See what w well w see qqq aww,5
2024-07-24 00:06:30,Trying to over charge customers using their app,1
2024-07-23 21:21:42,Great service and friendly employees.,5
2024-07-23 18:36:05,Exceptional service !!! from booking the flights to return fights. 1st rate.,5
2024-07-23 12:41:25,Issued us a 20% discount on next flights. because of technical issue which really did not affect our fight. In any way we had a hydraulic issue that they were monitoring. we had to sit on the tarmac for a few minutes and then had fire trucks following behind.,5
2024-07-23 11:06:54,very good service overall aspects,5
2024-07-23 10:46:20,Difficult to sign up. Too many questions,3
2024-07-23 00:50:24,Excellent,4
2024-07-22 10:03:17,hard to access free Internet,4
2024-07-22 07:19:10,Sitting on the tarmac for 2 1/2 hours at the Narita airport wasn't pleasant when you add on a flight that was already 12 hours long.🤨,3
2024-07-21 20:26:50,Fantastic App.,5
2024-07-21 02:24:54,Great Airline helpful,5
2024-07-19 10:10:49,Air Canada #1 Service,5
2024-07-19 10:09:11,"The most useless app I have ever encountered. Can't log on. Can't create new account. It redirects me to Google Chrome, then the message appears that an error has occurred. Not just once, several times. I have many airline apps, this is the only one with such a fundamental problem. I tried on my phone, then my tablet, same issue. Waste of time.",1
2024-07-18 10:18:34,Your app doesn't recognize my email address as a real address. So I won't be booking my travel here.,1
2024-07-18 10:09:27,"always a good airline. I've been fly Air Canada for 30yrs. For a North American company, they were way ahead introducing technology to the passenger. being a U.S. citizen with Canadian family, flying Air Canada is one of the highlights of my trips.",5
2024-07-17 19:12:07,the flight attendants were wonderful and friendly. always had a smile on there face,5
2024-07-16 09:52:43,"The app used to work fine but in the last year, it's been impossible to do anything on it, including logging in and out, seeing current points amounts and finding flights using points. Terrible app.",1
2024-07-15 15:27:58,Worst airline ever. Stole over 2k from me because their customer service desk in the airport couldn't figure out why I was unable to check in until after I missed my flight. Then refused to refund me or give me a voucher. Save your money,1
2024-07-15 08:14:36,Good,5
2024-07-14 17:58:42,From start to finish this was the most enjoyable flight experience. The app and the Employees I encountered were second to none. Thank you again!,5
2024-07-13 21:15:04,"Used several times for international flights. Works very well. No issues with transferred points, and booking flights.",5
2024-07-12 06:59:50,Says ive entered an invalid email. I've had the same email for 35 years. Checked it and tried over amd over again 50+ times.,1
2024-07-12 02:29:52,good site. Need better display of rates per day instead of jumping back to outbound flight.,4
2024-07-11 15:40:07,Whrn needed poor CS,1
2024-07-11 08:59:02,Don't fly with air Canada if you have other options. As a Canadian we don't have that many options so unfortunately I'm forced to fly with them. App is good I guess.,1
2024-07-08 08:08:18,This app is terrible,1
2024-07-08 07:33:45,not easy at times,4
2024-07-07 19:08:39,An error occurred that we didn't expect!,3
2024-07-07 09:34:13,little glitchy when searching.,4
2024-07-07 04:56:38,"This application is a joy to use, it is very well designed, shows all the necessary information fast. Nice and clean ui.",5
2024-07-05 23:43:06,Real bad .... you can even check point history or account transactions,1
2024-07-05 11:39:13,very easy to use,5
2024-07-04 21:02:41,brand new have mot yet used it but looking forward to it.,5
2024-07-04 17:54:30,Aeroplan points has not updated in months. Update: thanks for the advice. Worked!,5
2024-07-04 17:21:56,frustrating on getting my aeroplane number. Ll my info is correct but it can't verify me.,1
2024-07-04 07:23:39,amazing earn the points and redeem the travel trip friendly 💞,5
2024-07-04 00:39:20,"If I get a reply fast, you deserve 5 stars.",4
2024-07-03 15:06:25,Worst airline around . You'd be better walking tried to contact customer care it hangs up after a certain amount of time,1
2024-07-03 14:16:24,Working now,5
2024-07-02 23:11:17,"Wouldn't let me take checked in bag because I'm 10min late, even though Ive done this numerous times before. Can't change my ticket because it's booked using points, requests me to call. I'm waiting 1 hour during the call, still no response. Meanwhile the plane has left already. I've never seen an airline this incompetent before.",1
2024-07-02 14:26:34,Le service le plus médiocre que j'ai jamais vu,1
2024-07-02 13:11:50,Every time I try to redeem my points for money off fuel lately it just keeps giving me an error After 3 weeks and multiple phone calls with no really reasons just passing along the blame from aeroplan to the journie app however it's fixed now 🤷🏼‍♀️,4
2024-06-30 23:15:06,Air Canada,5
2024-06-30 16:49:00,Your boarding pass becomes inaccessible when your flight is delayed.,1
2024-06-30 11:08:51,I have this app and Google Wallet open and Google Wallet has given me the most recent changes but the Air Canada app hasn't.,3
2024-06-29 17:39:39,Excellent and easy to check and access.,5
2024-06-29 15:56:41,"Broken, cant sesrch flights. I always get an error saying no flights found.",1
2024-06-27 21:02:28,I like traveling with Air Canada 🇨🇦,5
2024-06-26 23:10:24,it is very easy to understand.,4
2024-06-26 22:23:03,Still waiting after close to two years for a reasonable refund on my delayed flights to and back from the UK. I have 7000 people ahead of me so no good reviews for anything Air Canada. Hopefully this time I won't have to fly from Montreal to Ottawa on Via Rail again.,1
2024-06-26 21:15:52,The app does not accept my address even when chosen from listed menu,2
2024-06-26 14:12:23,Worst airline I have ever flown with. Changed my flight to a 6 hour later one 5 minutes before boarding with no reason given,1
2024-06-24 12:56:40,Cannot book flights. Both cash and points options are not working and has not worked for nearly two months.,2
2024-06-24 12:19:48,I don't know if it's just me but I cannot search for flights in the app that originate at Pearson (YYZ). This has been happening for months.,4
2024-06-23 14:39:37,Not much working here. No direct contact to customer service,3
2024-06-23 12:53:58,works very well,5
2024-06-22 12:36:50,Stopped working,1
2024-06-21 08:39:35,"Like others here, the app is completely unusable now because searches (cash and Aeroplan) only return errors. I've had the issue for 2 months, even called in to raise it with the Aeroplan team but no follow up or even an acknowledgement. Not sure if Android users are only affected, but please fix this issue!",1
2024-06-20 12:50:35,"Unable to create an account, tried many times always received ""something went wrong"", tried on a regular PC and same error no matter which browser I tried",1
2024-06-19 08:23:42,"App is broken. Cant seem to search for flights with points for the last 30h or so """""" We're sorry for the trouble An error occurred that we didn't expect. Fare Search Results Please try again later.""""""",2
2024-06-18 21:01:02,"The app seems to not be working for looking up flights using Aeroplan points. It's happened before. Hopefully it gets fixed soon. After fixing the android issue, the app works really well. The only wish is that you could automatically keep all old boarding passes.",3
2024-06-18 18:14:28,Can't search reward flights anymore the app is broken why would they change it without testing it!!!!?,1
2024-06-18 13:27:09,"App is currently unusable, because I am unable to search for flights using Aeroplan points.",1
2024-06-17 18:05:42,Can't search for flights with points anymore,1
2024-06-17 06:48:27,"For the last few days I have been unable to book flights on the app I put in destination, dates, etc and it keeps on coming back saying it got an error and try later.. I have uninstalled and reinstalled the app and it's still happening",4
2024-06-16 10:20:06,Does not work. Went to web site instead.,1
2024-06-16 08:22:26,"The app has worked great for me; however, it's been 2 days since it won't allow me to search for flights. I tried reinstalling. It's definitely an app issue, as I can do things on the website. Please fix it!",3
2024-06-15 06:48:16,😘,5
2024-06-15 05:44:36,After update..Can't search flights,1
2024-06-14 16:50:33,Why does this app suck so much? I checked in at the airport 2 hrs ago and the app still hasn't updated to the flight delay they told me about when I checked in. If I have to keep checking email or flight screens what's the point of an app at all?,1
2024-06-14 14:59:35,When trying to check in I keep getting a must be with 24 h if departure. I was within this time. Website check in was giving the same error. After extensive digging I found the issue was my flight being operated by United and I had to use their app. You system should be able to see a booking is co-share and direct users to the other operator instead of providing an erroneous 24h error.,4
2024-06-14 14:33:21,"Worst app I have ever used. Any thing you click, you only get a loading symbol circling forever.",1
2024-06-14 13:02:58,1 connection. both flights on time and baggage tracking updates...impressive!,5
2024-06-14 09:33:15,Relatively simple to use and includes all relevant information for trips,4
2024-06-14 08:53:37,it's awesome app and every feature is working perfectly fine. interface is also user friendly. it's my first time i am using it but didn't face any difficulty.,5
2024-06-13 11:36:00,"Hafiz.Somor.Ali.Welcome to Gboard clipboard, any text you copy will be saved here.",5
2024-06-13 09:40:19,"Cannot enroll, app says I'm using a VPN, but I am not, I'm on my personal phone.",2
2024-06-12 19:45:31,"Good airline, but need to stop cancelling so many flights. The app sometimes doesn't show updates already announced.",4
2024-06-12 19:00:22,"very nice app, love the bag tracking feature",5
2024-06-11 08:05:06,App keeps you well informed about AC flights.,5
2024-06-11 06:54:37,I love Air Canada! ❤️,5
2024-06-10 12:27:45,"I wish the family sharing would be fixed. I have tried to share for 5 months, and it keeps saying it will be working soon",4
2024-06-09 17:04:03,Great flight nice staff good meals in business.,5
2024-06-09 13:14:38,"Unable to create aeroplan account. Continually says ""something went wrong"" and has done for weeks.",3
2024-06-08 12:52:02,I want edit name,5
2024-06-08 01:07:55,"This app has turned into a brick. It was useful in previous versions, but since the last update, it just says an unexpected error has occurred when trying to check in or add a reservation. Useless to me right now. Android version.",1
2024-06-05 19:05:00,App about as good as their customer service.,2
2024-06-05 16:45:09,only complaint was no help from baggage drop-off to courtesy shuttle,5
2024-06-05 16:33:38,Terrible,1
2024-06-05 01:20:39,Great app.,5
2024-06-04 09:47:01,"Update: I emailed for support as requested and have had no reply. I fly quite regularly and have used air canada and the app almost exclusively to book and manage my travel. But recently the app keeps having an error message when trying to book my flight. I contacted air canada and they have not fixed it. I read the android support team is awesome so I tried emailing them and the email bounced back. So I give three stars for what the app still seems able to do, but it used to be a 5+ star app.",3
2024-06-04 08:24:09,Easy to use.,4
2024-06-03 16:06:28,Love getting aeroplan points so me and my husband can go on trips.,5
2024-06-03 13:55:42,"This app is unsatisfactory. Constantly times out, always an error requiring to check back later. Do better...",1
2024-06-03 11:01:34,App crashes when going into look at getting journie rewards. Current email contact listed in Google playstore bounces as invalid,2
2024-06-03 10:30:09,Excellent,5
2024-06-03 08:58:45,It's fine. It'll never be a five.,4
2024-06-02 07:57:39,loading and refreshing can frequently take too long,3
2024-06-01 17:40:30,"Issue resolved, updating review",5
2024-06-01 14:33:13,Works well once logged in :),5
2024-06-01 11:32:18,"OK app but it unforgivingly logs you out and then signing back in is far too much of a process and it crashes on sign in too often, meaning you have to do it all again. Not good when trying to access it, and it runs quite slow, especially when in a line to get the points for something. Major source of anxiety because using it is too difficult. Probably done on purpose so you won't do it over the hassle. App needs serious optimization help.",3
2024-06-01 09:05:46,More times than not the app cannot complete a process and I recieve an error occurred that was not expected prompt.,2
2024-05-31 02:05:25,"Do not buy transit tickets via Canada, they require a transit visa for most nationalities, even if your transit is for a few hours in the airport. Youbwill not be allower to board the aircraft and will have to ask for a refund, making a loss of 300$ approx.",3
2024-05-30 10:47:28,Very efficient check in and boarding at gate .,5
2024-05-30 03:34:20,Can't log in even you reset the password. The funny thing is they sent you email to rest the password and after you reset the password and login it tells you wrong email.,1
2024-05-29 16:32:49,Excellent service from check-in to bag drop,5
2024-05-29 16:26:33,All eight flights for my last two trips on Air Canada went smoothly and without a hitch. The numerous notifications during the course of the trips were most helpful.,5
2024-05-28 10:17:18,"Love the app for traveling, check-ins, flight status and aeroplan status.",4
2024-05-26 13:42:18,All good,5
2024-05-26 05:21:07,Not a great app. The idea behind it is great but it is so goddamn slow. Takes forever to load. Takes forever for anything to update. It's laggy and just annoying to use,2
2024-05-25 19:46:52,You should be able to see a calendar of prices. The fares are also very high even for domestic. Very disappointing!,1
2024-05-25 12:29:12,"Useless app, needs to open the web bowser for most functions. Gate information is always wrong",1
2024-05-23 11:49:47,"Is the app down? Nothing is loading (future trips, aeroplan info etc). I've un-installed and reinstalled the app - same issue. I've also cleared cache, no luck. Any help would be appreciated. Thanks!",2
2024-05-23 01:07:15,Finally an airline company app that works without having to bang your head in a wall ! Postal code / phone numbers could be less strict when making a payment though.,4
2024-05-22 23:57:14,App dosen't work since last update on S23 Ultra I updated today to the new version still having problems I can't book tickets The aeroplan tap is not opening,1
2024-05-22 22:11:47,Absolutely the worst airline in this planet. Including their usless ground personnel. Avoid that airline,1
2024-05-22 20:44:13,All of a sudden the app stops working saying it's got an error with the User Profile. No changes have been made and I even deleted and reinstalled the app. Frustrating given I've been they not book flights,1
2024-05-22 17:10:12,I tried many times to finalize my booking but each time I get an error when I try to make the payment. could you please fix the problem.,3
2024-05-22 13:05:52,Won't work on Chromebook but did previously?,1
2024-05-22 10:26:51,This app doesn't work and won't even open. Apparently it has a bug and needs to be fixed!! I expect better from air Canada,2
2024-05-22 08:10:58,Great Customer Service at Terminal A EWR. Smooth sailing,5
2024-05-22 07:52:38,Latest update does not work on Android s23 ultra properly. Crashing.. Functions not working. Tries to open browsers.. Etc,1
2024-05-21 20:20:28,"Everytime I try to sign in the app just shuts down, a message occurs says the app has a bug please fix it",1
2024-05-21 11:06:09,Still buggy after all these years ...,1
2024-05-21 09:19:47,I like the UI and particularly like the countdown to departure,5
2024-05-21 08:59:58,Glitchy and unreliable,1
2024-05-21 08:34:31,Newest update not compatible with my pixel,1
2024-05-20 22:54:06,App no longer works on S24 phone. Keeps crashing while trying to sign in.,1
2024-05-20 18:47:07,"No luggage info, my flights are in tr 4th tab. It feels like an advertising platform more then an actual helper app. Air Canada quality",3
2024-05-20 15:24:31,"This app is really pretty horrible. No option to add flight bookings to your calendar, everything redirected through the website. What's the point of having an app?!",1
2024-05-19 19:18:10,Love the app! Its seamless and provides realtime updates for flight changes. Recently having an issue that the app isnt visible in the app list on the phone but only searchable and can be opened via the appstore.,4
2024-05-19 19:06:07,The latest update doesn't work on my Android. My friend has the same issue. You can't search flights or check flight status,1
2024-05-18 20:50:59,great trips,5
2024-05-18 03:53:56,"Comforting practise by AC to allow us to track our luggage, eliminating unpleasant surprises.",5
2024-05-18 00:51:04,Can't book for family if the primary account holder is not traveling.,2
2024-05-16 19:03:37,"Air Canada is the first airline we've been on with such detailed tracking that you know real-time when your bags have been loaded on the plane, unloaded, and will be delivered to what carousel. They've really excelled in keeping you informed every step of the way regarding your flight and baggage. We'll done!!!",5
2024-05-16 07:23:18,easy and convenient,5
2024-05-15 00:52:15,"the staff are going over and above. sometimes they have little to work with and in these trying times I so appreciate the patience, courtesy and efforts I have observed towards myself and others",4
2024-05-14 01:06:29,"App does a good job for tracking flights and luggage, but the bigger win is the Android support team. My sleep deprived brain couldn't figure out how to find the baggage track feature but the support team looked into it and also contacted me to assist and look into my delayed luggage issue. The onnus was on me but they were very helpful and friendly. The only thing I wish, is if it could remember my Aeroplan number when entering in my details for the luggage tracking, and previous flight info.",5
2024-05-13 23:56:45,As a shareholder I demand better service from Air Canada. It's time for somebody to be fired.,1
2024-05-12 20:06:10,Worst airline. The app works so poorly and can never check in. Wait hrs on the phone only to be hung up on. And never receive a call back.,1
2024-05-12 12:37:16,"Searching the app to find and book using Aeroplan points. Screen is extremely buggy while trying to scroll up and down on-screen between options. Also, why doesn't the app already offer multi destination/stopover options like the website? Come on Air Canada, it's time this feature is made avaialable and the UX experience for potential buyers is improved and missed sales opportunities avoided!",3
2024-05-11 23:28:33,"The app is great! After bag delays with another airline, seeing real time baggage updates for checked bags was comforting. Updates on flight delays or gate changes were also appreciated! I'll definitely fly again with this kind of peace of mind.",5
2024-05-11 10:47:28,Great layout and interface. periodically glitches.,4
2024-05-11 09:11:12,"the AC app and related services has come a very long way. it is now an exceptionally useful app - boarding pass, digital ID, baggage tracking...",5
2024-05-11 08:49:29,"updated and informative. gate agents need to do better when calling boarding groups. LAX terminal 6, gate 64A is horrible....lots of visible water damage in waiting area.",5
2024-05-11 07:27:22,"I used to be concerned about flying Air Canada because of delayed flights, delayed luggage, etc.But I've noticed that they have vastly improved with the constant updates on my luggage, my gates, etc. I love it.",5
2024-05-10 04:18:25,great service,5
2024-05-10 02:19:04,"The app is useful to a degree but fails in so many ways. Menage your booking is largely aimed at selling you more stuff. Contact us doesn't actually offer you any means of contacting anyone, you just go round in circles. Seat management is ok but baggage management is non existent.",1
2024-05-09 15:58:30,To complicated use,2
2024-05-09 00:23:08,Whoever is in charge of this app should be fired Can't book a flight despite being logged into. Can't pay for seats. No option of adding bags prior to checkin. Clown show.,1
2024-05-08 13:45:47,"Digital ID never works. It can never be set up. It always fails at scanning the passport chip. Instead of fixing the app, they blame it on my phone and tell me to try other NFC passport reading app, which by the way worked perfectly fine.",1
2024-05-08 10:58:49,"As always, I am satisfied with the service levels on my Air Canada flight.",5
2024-05-07 20:18:10,"Garbage, doesn't work",1
2024-05-07 10:36:01,"Having issues from 10 years ago, support was bang on all issues corrected and am ready to go thanks soo much Air Canada",5
2024-05-07 08:30:11,excellent service. I have lost my card how do I get it if you can mail a new one.,5
2024-05-07 07:44:19,"makes travel easier and give more information or faster than just the flight boards or gate agents can, but can be a laggy mess and the odd time it brakes you can be stuck waiting for what feels like forever waiting on it to respond. at the Wong time such as boarding your flight or gate change with only 10mints to walk across the airport but don't know, becuase your waiting on the app to respond so when it does you have 4mints to run across the airport.",3
2024-05-06 22:28:13,"This app is an improvement over the 2020 program, but it is very difficult to get in touch with anyone! My father passed away just in the end of May 2020, and his instructions were that his airplane balance would be divided among his heirs. Despite numerous emails sent by myself, the other beneficiaries and his executor, no response was ever received! This is real rip off! According to Air Canada's frequently asked questions and comments, Aeroplan miles can be bequeathed. EDIT: Response found!",2
2024-05-06 14:12:55,Very simple app that fit my needs. The design and promotions is clear.,5
2024-05-05 18:29:50,friendly app,5
2024-05-05 05:52:58,Great app to get all the information,5
2024-05-05 02:08:11,Aeroplan is a complete farce. Worthless,1
2024-05-05 01:29:21,Good to know when and how our bags have been processed.,5
2024-05-02 17:42:50,The Air Canada app is very helpful!,5
2024-05-02 12:51:58,Ahhh ummm,3
2024-04-30 20:38:46,I finally been able to get a response from AC. Thanks!,5
2024-04-30 19:49:35,Great experience and service,5
2024-04-30 03:42:26,"great long-haul trip from Brisbane to Toronto! Australia to Vancouver was especially impressive. Thanks to ground, ticketing and flight crews. Hopefully the return trip is just as good.",5
2024-04-30 02:37:17,Good for reference on travel but best is not to book anything on mobile... Use a full screen laptop or desktop to complete your bookings,4
2024-04-29 16:05:30,"My flights are constantly being delayed or changed last minute, the boarding passes never update in the app and when I go back to look up ticket #'s for delayed claims, the itinerary only shows my original booking and the not the ticket with the 5+ hour delays. It's happened on the last three trips I've had. One doesn't even show the whole new flight # I was added to because the delay caused me to miss my original plane.",1
2024-04-29 08:31:28,It's been months am trying to book a flight but the app won't allow me to...it's says no flight found..you need to fix the problem 😕,1
2024-04-28 10:09:28,I really love the tracking of our luggage. it send updated information at every step. knowing my bags are been tracked and loaded on the plane make traveling more enjoyable. thanks air canada 🇨🇦,5
2024-04-27 19:22:53,"Glitchy app, but the airline itself is worse. Terrible airline. Take anything else. I used it last year to Tokyo and it'll be the last time. I'll literally take anything else, with a stop, including Delta whom I vowed off years ago. Tiny seats, dirty, minimal bathrooms. Probably to fit in an extra two seats. Expensive prices. If was fine when the cost reflected the quality. Now you pay premium prices for ecomony. Food is also worse, which I didn't think could be possible.",2
2024-04-26 19:50:34,it was a great and pleasant trip,5
2024-04-26 16:36:00,in app baggage tracking is awesome.,5
2024-04-26 12:44:01,just need to have an explicit feature for online bidding for business class,4
2024-04-26 10:28:58,Check-in for flight never works,1
2024-04-25 18:04:02,"the app is easy to navigate and has almost everything I need. Compared to several other airline apps I have used, this is the best",4
2024-04-25 13:57:57,"Terrible app and system. Had to download the app to use my lounge passes. When I was checking into the lounge, the passes won't load or open. Stood in line trying to open the passes but basically had to leave because it wouldn't load. Needs to be some kind of secondary pass check if the apps not working. Now I won't be able to use my pass since this was the only flight I'm taking to Canada this year.",1
2024-04-24 01:24:23,A useful and user-friendly app. The bag tracking is a real bonus.,5
2024-04-23 11:31:38,Excellent,5
2024-04-23 11:00:19,"Good flight from Orlando, plane was on time and arrived early in Toronto.",4
2024-04-23 03:56:26,Very poor app,2
2024-04-22 20:24:31,"It has stopped working completely, useless.",1
2024-04-22 17:46:23,It does not allow ypu to use gift card for flights through the app,1
2024-04-21 18:48:33,Easy-to-use and nicely laid out.,5
2024-04-21 10:49:39,"They automatically put you in their subscription email lists without your consent every time you buy tickets even if you already have an account and you opted out of this spam behavior before. Predatory practice, signs of a bad business.",1
2024-04-21 07:35:40,"It's a pretty good app. It does help me keep tracking my flights and my checked bags. It also works during the flights which is nice. the app doesn't have a ton of features, but that's a positive.",4
2024-04-20 20:05:54,"AC's recently deployed luggage tracking service is long overdue and its very comforting receiving texts to know your luggage is loaded on your flight, unloaded as expected and then loaded with you connecting flight. We'll done.",5
2024-04-20 12:21:39,I really like this app.,5
2024-04-19 16:05:16,Good info is available and easy-to-use,4
2024-04-19 15:05:02,The app single handedly makes me want to book all my flights exclusively with air Canada,5
2024-04-19 05:31:59,"Doesn't work, if your phone is android",1
2024-04-18 15:25:05,"Super functional, great notifications for flight status and checked bags.",5
2024-04-17 03:04:04,"Bag-tracking feature is great. Meal pre-orders (for Premium Economy) are also much-appreciated, even if the food itself is somehow even worse than before. 🙄",4
2024-04-16 23:55:12,So reassuring to know where your bag is ... love the detail,5
2024-04-16 23:39:57,Great app. kept us informed at all stages.,4
2024-04-16 18:31:10,"If you check in online the night before, you just show up at the airport and print your luggage tags, and you are off! No waiting necessary.",5
2024-04-16 17:01:54,Sterling app. I highly rate this as support for my travels.,5
2024-04-16 00:16:48,"This app is amazing, you get a pretty good play by play. Nice to know information.",5
2024-04-15 09:57:14,excellent,5
2024-04-14 21:03:43,nice planes. get delayed as the incoming plane got late and they have to improve that . they charge alot of money so they have to give service equlant as porter airline charges less Calgary to Toronto and u get 2 times Beverage and snacks service they only gave once and that also Beverage no snacks the charging port was broken so they have to fix these things,4
2024-04-14 16:31:50,Air Canada thank you for the Birthday Wishes.,5
2024-04-14 04:07:15,"App works okay for the most part, had a couple times it wouldn't let me check in or choose seats before my flight, being a taller guy it was frustrating not being able to book an emergency exit seat, especially for a 12 hour flight. Also couldn't use self check kiosk for checked bags due to not being checked in, spent an extra 35 minutes in line waiting",1
2024-04-13 15:48:58,Web based app lots of issues,2
2024-04-13 12:13:42,App doesn't work,1
2024-04-11 21:08:17,everything is ontime,5
2024-04-11 14:31:30,looking forward to our 1st flight on Air Canada.,4
2024-04-10 18:27:27,Love the new bag tracking!,5
2024-04-10 10:06:49,good service overall so far,5
2024-04-10 08:56:48,"If you combine two or more Aeroplan cards into a family plan the transactions are shown separately, for example the wife won't see transactions from the husband's card and vice versa. This is very inconvenient! If the credit cards can do that why Aeroplan can't?",4
2024-04-08 20:00:05,Can't change it off military time. Have been late to the airport because I'm not used to it. Maybe that's a me problem but it could also just be a setting.,3
2024-04-07 23:59:43,Excellent,5
2024-04-07 11:50:09,Why do I need to download a browser for this to work????,1
2024-04-07 06:29:37,Easy to use,4
2024-04-07 03:43:28,Terrible terrible app. Can't even book a flight ticket.,1
2024-04-06 22:54:25,it was great and timely.,5
2024-04-06 19:30:41,Wow. Everything was so easy. Everyone was friendly and helpful. Thank you.,5
2024-04-06 14:29:22,baggage tracking is fast and timely. impressing!!!,4
2024-04-05 22:47:46,Great friendly service,5
2024-04-05 19:39:17,boarding pass features are fast,4
2024-04-05 13:37:20,"If you are downloading this app because you're flying Air Canada, my advice to you is change your tickets to an airline that actually cares about you. Unfortunately for me my trip is booked on this airline and I am now in the second week of trying to get my account, from the app, working. It worked for about an hour and then it was deactivated saying I needed to prove my identity by sending either a driver's license or other government ID. I did that. It didn't matter. Horrible experience.",1
2024-04-05 07:56:20,"Im using samsung s23 ultra with updated android version 14. Once installed, the app keeps on popping an error message when checking flights, bookings, etc... I called customer service and said that the app is working fine on their end. The app's desciption says that its updated and compatible to my device so whats seems to be the problem then?",1
2024-04-04 21:40:31,"Clunky, cluttered, doesnt seem to be an option to open app to aeroplan overview. Aeroplan does not work with Google Pay app either. Edit: Reduced to one star. Yet another app that forgets your saved login information after updating, forcing you to re-enter your credentials.",1
2024-04-03 20:12:59,"Our flight got canceled and moved for next day, but Air Canada never informed us about that. One would expect that Air Canada would send us an email to inform about the change, but that did not happen. We did our diligence to find out about flight day change. Disappointed. Re: AC response Obviously, AC does not inform their customers promptly. Like I said, nobody from AC informed me about flight change.",1
2024-04-03 11:52:55,"Ever since an update, it always asked you to sign back in and the screen just keep going with the plane circle, it doesn't let you sign back in. I've tried anything I can by sign out, uninstall amd reinstall an app, restart phone, clear ccokies and cache, even went to use the phone browser to sign in, nothing changed but got same error msg.",2
2024-04-03 08:55:24,Big backward step this week,1
2024-04-02 15:30:48,has hiccups 30% of the time.,3
2024-04-02 13:34:11,Update - Appreciate your quick response. Changed my star rating. Reinstalling worked. Everything worked. Thank you ****************************************** Doesn't show many airports when selecting to book a ticket. Doesn't show ottawa. Doesn't show Montreal..Most hilarious it doesn't show Toronto Pearson..,5
2024-04-01 20:38:46,This is a most excellent app! Whoever is putting this together knows how to do it right! 👍,5
2024-04-01 12:28:31,"Good, I like the new checked bag tracker on the app.",5
2024-04-01 04:41:37,I love this app,5
2024-04-01 00:43:26,The app hasn't been working for my Samsung S22 Ultra for weeks now it won't load my trips or boarding passes. I have reached out in a few ways and have gotten no response from your service team. Very frustrating.,1
2024-03-31 19:45:51,"Crew were great. though, my luggage got damage again.",5
2024-03-31 12:10:52,"The entertainment TV wasn't working throughout our flight from Toronto to Miami. I brought it to the attention of Steward at the beginning of our flight, and he said they would reset the server in 5 minutes but never happened in our almost 4 hrs flight. Other than that, the flight was OK.",4
2024-03-31 10:43:34,Not understanding your stuff.,1
2024-03-31 06:13:33,works great. convenient and fast.,5
2024-03-31 00:14:37,One of the best business class airlines,5
2024-03-29 20:48:26,"Has not captured aeroplan number always, even though input and on boarding pass. Some support links do not work. Prices are higher on app than web at times. The broken link is for submitting for missing aeroplan miles to my previous point, family members on same flight with aeroplan didn't get miles (number on boarding pass)",3
2024-03-28 03:27:02,"Lovely hospitality and courtesy from the staff, very attentive, and service was wonderful. Thank you for a pleasant trip.",5
2024-03-27 16:51:53,"These company & this app are worthless garbage. Good luck getting ahold of any real human, automated AI only, which literally has never once solved my problem. Not ever. Quote from every single time I call: ""I'm sorry, we cannot connect you to agent due to exceptionally high call volumes. Goodbye."" The automated voice then hangs up the phone. Do yourself a favor and stay away from these morons",1
2024-03-27 10:19:37,very good 😊 respect.traveling like smooth,5
2024-03-27 00:50:24,Good Service so far...,4
2024-03-26 20:13:14,Finally the app is getting the boost from tracking the bags and actual time of loading into aircraft.,5
2024-03-26 07:05:17,easy to navigate,5
2024-03-26 05:31:17,Love the communication of baggage loading. Gives you peace of mind,4
2024-03-25 19:12:43,This app doesn't keep up with the points you've earned,1
2024-03-25 14:47:13,very good,5
2024-03-25 13:17:16,Please add support for TOTP.,5
2024-03-25 12:34:31,easy to use and faster than website,5
2024-03-24 21:10:53,The UI is disgusting,1
2024-03-24 20:32:22,generally works pretty well. not great for booking flights and you can't multi city. faster than the website for most things.,5
2024-03-23 17:30:17,always delayed flights,1
2024-03-23 16:35:36,Really helpful to earn and redeem my Aeroplan points by frequently checking their offers. This app is great to use.,5
2024-03-23 15:08:24,easy to use and great with updates,5
2024-03-23 08:31:40,Great is you have aeroplan,5
2024-03-23 02:49:55,"Wow so bad... Even months after it launched! I can't get accurate flight info from the platform. It crashes all the time, too. Update sept 12, 2022: Currently unable log in. I'm getting the error message: There are errors in your form, please try again. I've re-installed the app and reset my password. No luck. Edit March 2024: it's the worst the app has ever been. The entire IT department needs to be fired.",1
2024-03-22 11:19:41,"Everything went smooth. Flight delayed for 45 minutes, was understandable due to mechanical issues they had to fix.",4
2024-03-20 18:28:24,"Even though the airline is horrible.. always late, delayed, canceled, terrible phone support. The apps really good .",5
2024-03-20 15:59:39,It would not allow me to open an account I don't know why,1
2024-03-20 15:10:00,"A Super Elite Member for 15 years, Thank you!",5
2024-03-20 13:50:56,Good experience. Very good UI. Just needs more options to see live status etc,5
2024-03-20 13:10:54,"Fron the bottom of my heart, Air Canada Services are wonderful, they have great courtesy for their customers, the crews are very respectful and polite, I travel on a regular basis, this is the first time I am using Air Canada, when I compare the Services I got from Toronto to U.S and from U.S to Toronto, it was very wonderful. I regretted for not using Air Canada since I have been traveling. From this moment onward, I own Air Canada my patronage, I will surely recommend it others. Good Job",5
2024-03-20 10:58:10,very easy to use,4
2024-03-20 08:48:36,"Fix your app. It's so clunky and takes forever to load. Not to mention constantly signs you out. No, it's not my device or connection. It's the same on your websites as well. You put as much effort into your tech as you do your customer service and baggage handling. That effort level being ZERO, just in case that wasn't apparent 👌",1
2024-03-20 01:13:32,"I am experiencing difficulties in adding family sharing information to my Aeroplan account. An error message stating ""Something went wrong. Try again later"" consistently appears. This ongoing issue prevents me from successfully adding my spouse's Aeroplan account to the family sharing feature, causing inconvenience and frustration.",1
2024-03-20 00:28:48,keeps all my trip plans together with my points totals.,5
2024-03-19 10:52:29,Thank you for the service and will be happy if someone can help me with this app,4
2024-03-19 10:38:46,"Very informative, tells you everything you need to know before you depart on your trip.",5
2024-03-19 09:40:10,check in experience in Tampa is always top notch. staff are friendly and knowledgeable. Toronto is the opposite.,5
2024-03-19 09:26:16,it's good to go air Canada,4
2024-03-18 20:18:30,"Even though the airline itself leaves a lot to be desired, especially regarding on time departures, the app itself is really good. It makes it quick and easy to check flight status and to manage your bookings and check ins. I especially like the real time info on incoming flights, boarding announcements and upgrade availability and status. It's a really convenient tool for a frequent flyer like myself.",5
2024-03-17 12:51:08,The best way to travel .,5
2024-03-17 09:55:47,personal service was exceptional,5
2024-03-16 12:55:36,good app to book flights and keep track of your itinerary. Aeroplan points is a nice feature to enjoy even more perks of this app!,4
2024-03-15 22:26:47,"phoenix to toronto to saskatoon to vancouver and back to phoenix. all flights were on time, the staff were awesome. smoothest trip in a long time",5
2024-03-15 13:49:16,I have traveled from Canada twice with Air Canada in two months and both times the bag or bags didn't make it.,3
2024-03-15 10:55:54,very good,5
2024-03-15 09:58:43,Super,5
2024-03-15 08:33:35,Why can't I manage my booking within the app? It requires me to go to a browser and sign in again everytime I want to manage it. I haven't experienced this with any other airline app. Also your staff needs to be kinder to people with elderly parents or children. Train your people on customer service and empathy.,1
2024-03-15 07:39:57,Best airline app!,5
2024-03-13 20:27:01,Terrible.,1
2024-03-13 13:35:33,"I'm super impressed with the latest Air Canada app. I love the ease of use, and I really appreciate the by-flight recommendations about timing. by checking the app, I was able to get an extra hour beyond the generic ""3 hours for international flights"". everything just works, and I appreciate the efforts, team! thanks.",5
2024-03-11 11:51:44,"Air Canada is improving substantially the quality of its services, tracking bags, etc. There is still some way to go, but the airline is very trustworthy. I usually travel long routes like East Coast Canada to Sydney Australia and always choose Air Canada.",4
2024-03-10 17:19:44,"Very useful app. Checking in, choosing seats, boarding pass, flight information, scanning for points when shopping, and now even checked in lagguage tracking during the flight. All worked perfectly during last few business trips. One suggestion for future features update it would be good to indicate in trip info which terminal Air Canada is in for the airports like Dallas for example, AIr Canada flights are from terminal D, but AIr Canada check-in is in terminal E,",5
2024-03-10 15:42:45,Excellent,5
2024-03-10 10:59:13,"A really useless app,if not possible to do a booking what's the use of this app?",1
2024-03-09 13:33:12,all my trip info in one place.,5
2024-03-09 08:18:16,N/A,5
2024-03-06 19:15:43,The app has the user-friendly interface and easy to use. I like the different options to connect with partners and get more bonuses on my Air Canada account.,5
2024-03-06 08:00:18,"So far, it's working very well.",5
2024-03-03 22:15:38,Great,5
2024-03-03 21:25:07,everything great...but one comment. I understand they can not serve hot drinks when seat belt sign on....but twice this happened...and the seat belt sign was off five minutes later. they should have noted who wanted a hot drink and come back when seat belt light was off.,4
2024-03-03 16:40:29,Great app! Intuitive and easy to navigate.,5
2024-03-03 16:20:16,They would not let me have a boarding pass without checking in with an agent. I have spoken to several other people who requested special assistance who said the same happened to them. This seems like a discriminatory policy. They put one of our ski bags on a later flight and so we've lost the whole first day of our ski trip. The front desk of our hotel says this happens all the time with Air Canada.,1
2024-03-03 12:47:52,Fast track,5
2024-03-03 07:01:21,Air canada is a monopoly prices are out of proportion with the industry. 90% of the customers (lol) get tickets paid for by the fed. It's not a real market based on demand by consumer they are spending opm.,1
2024-03-02 18:24:31,"Update: I've heard back from Air Canada digital support. Turns out you can't book a flight if your email has a ""+"" in it. The digital support team is the only department that help out customers. Standard Air Canada Support redirects you to Aeroplan department and Aeroplan department redirects to Air Canada :( . If you can, book with a different airline.",1
2024-03-02 15:41:04,Great,5
2024-03-01 21:51:09,"It's a tier 4 airline. Bad service. Of the 8 flights i have taken in the last 2 months, 7 were horribly delayed or cancelled.",1
2024-03-01 12:37:05,J'ai adore l'option de suivi de bagages . j'étais capable de suivre mon bagage en temps reel . vraiment cool,5
2024-02-29 23:39:27,"Absolutely garbage, stop offering us UBER deals, and tell us what is actually happening on our flights. Terrible liars and main showcase as to why monopolies are bad.",1
2024-02-29 21:44:29,"Only about 10% of the hotel photos work, and the link to TripAdvisor reviews doesn't work 😑",1
2024-02-29 13:14:55,"There are some good features on the app like viewing your Aeroplan points. However, it's a pretty useless app if you aren't able to make bookings. There's too many problems with viewing and booking flights available. Especially when redeeming points.",2
2024-02-28 20:35:13,Great experience,5
2024-02-28 18:18:05,great app!,5
2024-02-28 10:26:54,Spent so much money to barely get any points,3
2024-02-27 19:28:40,Excellent start for Bag Tracking Beta App,5
2024-02-27 18:06:29,great easy app to use,5
2024-02-27 12:18:16,I am unable to create an account. Have tried multiple times from different pc and mobile. Keeps saying issue at the end,1
2024-02-26 23:10:17,"With the new bag tracker, I no longer worry about where my luggage is!",5
2024-02-26 18:45:23,"Usability is very distant and unimportant concept for the developers. Bloody app require relogin including double verification code just to show airmiles card. Do you really expect customers to do that when they checkout in store?? PS: Got a responce from Aeroplan that I could add the miles card to google wallet, so I did just to immediatly get ""An error occurred that we didn't expect"". Of course you didn't, why would you?",2
2024-02-26 14:12:05,no issues. great app. tracks my bags as well!,5
2024-02-26 12:38:23,easy to use bag tracking is great sent notifications that were on time and relevant,5
2024-02-25 08:03:50,Great App from my personal experience. Well done.,5
2024-02-24 16:31:18,"Gave me critical info like having to pick up my bags for a connection. Also, searching for reward flights seems to respond faster on the app than the website and it saves my search history so it's kind of better to use it.",5
2024-02-24 13:48:42,on a recent trip with flight delays and cancellations the app sent me notifications and updates boarding passes which was great.,5
2024-02-24 12:54:54,i've always had a great flight with air canada. buy canadian.,4
2024-02-23 19:58:58,so far easy to use.,5
2024-02-23 08:49:09,"impressive customer service, they went the extra mile to get my family seated together after being rebooked to AC528 from another flight, a 5 star service indeed.",5
2024-02-21 11:45:46,Too buggy. Not able to add my existing reservations in the app and not able to book new flights. How is it possible for an app to get worse over time?,1
2024-02-20 19:49:10,awesome people,5
2024-02-20 19:37:43,"Trying to use my AC Wallet to book a flight but I get a FOPS error. This worked in October. On your website, I get a different error related to my credit card, but I'm not using a card, just my Wallet.",1
2024-02-20 08:54:21,"Booking feature is not working. You can pick your dates and destination but as soon as you click search flights an error window pops up, saying you've been notified of the problem, but nothing has been fixed. Its been a few months now.",1
2024-02-19 20:10:56,"good: boarding pass access, flight details (gate etc) as push notifications (was informed before airport boards changed). seat plans mean I can predict how busy a flight is going to be. bag tracking meant I knew a bag didn't make my flight when I boarded. improvement: would be nice to have an option to show just my boarding pass (not all in my party - everyone has aeroplan numbers and their own apps for theirs) or at least to favourite mine so it shows first.",4
2024-02-19 17:27:52,Easy to use.,5
2024-02-19 14:23:21,Easy to book flights,5
2024-02-19 10:11:30,simplicity,4
2024-02-19 07:17:23,"I don't mind air canada, everyone has something negative to say. the airline works well for me and when it doesn't there's usually a good reason. take this for all its worth !",5
2024-02-19 06:16:13,fast and easy to usr,5
2024-02-18 19:24:12,Great,5
2024-02-17 14:58:10,"Flight info not kept up to date, doesn't add anything positive to just having a pdf boarding pass",3
2024-02-17 14:55:20,"If you use a vpn because you value your own privacy, they lock you out of your account because they find it suspicious and ask you to email in sensitive documents to unlock your rewards account. I don't need rewards that bad thanks. Will avoid Air Canada going forward. Insanity.",1
2024-02-17 13:25:49,Excellent,5
2024-02-17 11:13:55,horrible customer service period. Air Canada's response is saying sorry. Well I'm sorry I won't be flying with Air Canada anymore.,1
2024-02-17 09:01:22,the app is a great way to interact with the airline.,5
2024-02-16 18:27:45,I traveled from Japan via Toronto to Ottawa and first flight was delayed so I couldn't get my baggage at airport. they tracked down my luggage and sent it home the same day. really appreciated,5
2024-02-16 09:35:02,"my only problem is Aeroplan. It is difficult to remember the number. When I put down I forgot, it sends me a code. The problem is, when you are in a foreign country the wifi is slow. It takes too long to receive and enter it. so far I have not been able to use it most of the time.",4
2024-02-16 00:28:16,great app up to date,5
2024-02-15 16:45:58,Terrible I can't do anything,1
2024-02-14 02:18:46,user friendly..,5
2024-02-13 17:36:21,Great service! Thank you Air Canada,5
2024-02-13 15:02:49,I always fly Air Canada. I travel a lot for work and I have great service. Theres always issues with travel no matter who you fly with. I have only positives with AC.,5
2024-02-13 14:20:21,very good,5
2024-02-12 14:50:41,"No working very good , can sign in but having trouble signing out and when I think I'm signed out I click the app and I'm signed in with out password.",1
2024-02-11 10:33:48,Most pathetic app ever.,1
2024-02-11 01:54:54,the prices for the tickets it's better to be with the bagage,4
2024-02-10 19:46:55,it's a great easy to use accurate app,5
2024-02-10 15:16:19,"App is broken. Trips disappear, sometimes the payment on the app is refused. Things are missing that are on the website. C'mon.",2
2024-02-10 14:03:40,*updated... Even more years later and new bugs just continue to be introduced! Now the app just randomly blanks out and drops my flights from the home screen and trips with all the info on the 'trips' tab also just randomly disappear. If I try to subsequently re-add the trip manually with the locator it says it doesn't exist! Very frustrating when you're in the midst of boarding or trying to check your connecting flight!,1
2024-02-10 12:59:46,App does not recognize air Canada's booking reference which was booked directly on air Canada's site! Not to mention its got a mind of its own ...,1
2024-02-10 11:13:21,App won't stay open shuts off automatically,1
2024-02-10 01:52:52,"excellent check in and excellent updates for flight time , baggage etc.",5
2024-02-09 20:55:13,baggage status updates from the actual airline are fantastic,5
2024-02-09 20:32:17,"So stupid. Try to redeem the Egift card with correct amount of points and it gets automatically cancelled and refunded. Even the ""customer service"" line said they couldn't help, had no queue, and no resolution. Perfect waste of time.",1
2024-02-09 20:13:02,👍,5
2024-02-09 19:35:11,Why do I need to install certain browsers before being able to sign in? I do not want to install those browsers.,1
2024-02-09 05:00:11,"Barely functional. So bloated and cluttered with ads and self praise by AC, it is slow work to find the info you need or to do tasks. Really needs to be streamlined. I shouldn't have to switch to Google to find out how to get basic airline info. And AC is not Canada's best airline even if it keeps telling me it is!",2
2024-02-06 13:09:19,"The app always gives the error ""for a temporary period passengers aged 12-15 must book through call center"". But when I book on a web browser, no issues.",1
2024-02-06 11:56:31,Very nic,5
2024-02-05 17:17:24,AC867 was excellent service good. with friendly crew!!,5
2024-02-05 16:11:38,Good app for air canada flyers one stop shop easy to use and check points and flight at the same place .... love it,5
2024-02-05 08:39:26,Horrible app full of bugs . 1. It doesn't allow us to book multiple cities from the app! You have to use website version! WTH! Who uses websites now? I raised this issue over a year ago and AC rep said they were looking into it. Clearly they didn't. WestJet allows us to do it in the app. Why can't AC? I would rather use WJ than AC. 2. I hv a cc with AC that gives me free luggage. But it does not show up in the app when I use the cc to book. With my WJ cc it always shows up on their app. Learn AC,1
2024-02-05 05:32:08,Everyone was pleasant,5
2024-02-04 16:07:08,Flight search seems to be working again! So far happy with it.,4
2024-02-04 13:39:29,need to be able to do multiple city search,4
2024-02-04 12:39:21,"The app will not let me book a new trip or search for flights, I keep getting a network error asking me to turn off my VPN (which I'm not using), switch to mobile data (still didn't work) or change WiFi connection (also same error). Works fine for flights that are already booked and for Aeroplan.",2
2024-02-04 11:18:48,The booking feature won't work no matter what you do or how long you wait. When I contacted customer support the only suggestion I got was yo book on the website. But the flights I had been trying to book when the app stopped working weren't listed and the only similar alternative were 2 or 3 times the cost,1
2024-02-04 09:29:41,Update the app or something please it hasn't worked since last night and I'm trying book flights. Thanks,1
2024-02-04 09:03:21,Search function not working since last update.,1
2024-02-03 23:53:49,Says sorry for the inconvenience when booking. Seems like it's buggy,1
2024-02-03 15:34:10,"Air Canada, fix your app!! Whatever update they did Feb. 1, no longer able to search for flights - VPN error, when im not on a VPN",1
2024-02-03 14:45:10,"Great service. my mom needed wheelchair service, and they came right out to the car and took her luggage, and took her in a wheelchair. Thank you for taking such good care of my mom",5
2024-02-03 07:46:50,"excellent process, unexpected ine less thing to worry about",5
2024-02-01 12:42:18,great site easy to use,5
2024-02-01 08:02:37,"easy to use app, very user friendly",5
2024-01-31 13:41:46,Haven't used it yet so I do it know,3
2024-01-31 01:52:18,Often says an error occurred when looking for flights to book.,1
2024-01-30 10:27:25,Like it very much,5
2024-01-30 07:39:34,"Hi support, My profile has my passport and Nexus card info. Why does it keep asking for passport to be entered manually during checked in? Why does it offer to use Nexus for checking in when I have been constantly asked to provide my passport prior boarding? Thanks",2
2024-01-29 18:23:06,Air Canada app worked okay but they appear to have an algorithm to encourage people to pay to choose their seats. We travelled as a large group and those with kids could view more available seats when checking in. Those without kids did not get seated together and had fewer seat options to select from. On the way home our 78 year old mother wasn't even assigned a seat and was put on standby. We paid for the preferred seat since that was the only seat available during check in via the app.,1
2024-01-29 00:26:35,checked handcarry at gate which free us a relaxing inflight experience,5
2024-01-28 19:57:34,awesome,5
2024-01-28 14:04:41,Love ❤️ it,5
2024-01-28 10:41:30,somewhat slow on the flight updates.,4
2024-01-27 20:46:10,"Installed the app and tried to register. It goes to the last step and says ""impossible for you to enroll"" - so basically useless!",1
2024-01-27 03:20:01,I have to Use,5
2024-01-26 20:50:21,It would be nice to have Aeroplan points in your account right away or the day after you fly...,1
2024-01-26 16:09:15,great new features to feel more confident that my bags will arrive at my destination,5
2024-01-26 13:45:14,"Keep getting an error stating try a different wifi or cellular network. Sure AC, let me just quickly get a new SIM card.",1
2024-01-26 11:14:52,"Always sucks ... this time coworker checked in, got thru checkin at airport inc checked bags at AC desk ... the 10 min later would not display boarding pass qr code when he got to denver security .. app kept saying cannot find or access boarding pass despite being checked in with bag already on route to plane. TSA made him go back for paper boarding pass ... almost missed plane.",1
2024-01-26 11:02:37,Worst airline in Canada!!!,1
2024-01-24 22:07:11,wish it had more options like upgrading to use the maple leaf lounge,4
2024-01-24 11:10:32,Great Airline,5
2024-01-24 07:33:09,as a senior. it is new but good .,5
2024-01-23 21:38:20,excellent experience,5
2024-01-23 18:34:47,Horrible experience. I am profoundly disappointed in the website and app functionality and Air Canada's lack of support and understanding of customer challenges when looking for live support to address issues that occur with bookings. I tried booking flights with the website (and tried again on the app via mobile phone). I could not get verification whether payment had gone through. When I tried to call to get help I was redirected by the IVR back to the website. It was a loop. Just ridiculous.,1
2024-01-21 18:20:47,Edit 2024: Constant error messages when even searching for flights. Useless for booking,1
2024-01-21 18:03:34,well the bag is with me on flight,5
2024-01-21 14:48:29,The app is nicely designed and easy to use. Definitely much faster than the web version of Air Canada which is really slow. The most significant advantage is you can use it in offline mode to access boarding pass.,5
2024-01-21 09:51:38,Knowing where my bags are along the way is a great relief,5
2024-01-21 01:20:02,"It didn't work with google phone, I have 3 different google phone, but none of them works , it always showing errors. Can you do something on it ? Thank you",1
2024-01-20 12:34:03,easy to navigate,5
2024-01-20 06:45:04,reliable,5
2024-01-19 20:27:15,Awful,1
2024-01-19 06:40:33,"Awful airline, at all levels",1
2024-01-18 13:09:55,"Awful app. Cannot even log in with my correct username/password and get an error that I do not even have access to some Akamai server to authenticate. I even tried clearing the Android cache/data, unistalling/reinstalling the app, using mobile connection/home wifi/public hotspot. Nothing works.",1
2024-01-16 21:50:37,"sometimes the aeroplan logs out for some reason. it's a bit annoying, but overall everything is great 👍",5
2024-01-16 19:04:53,I can't imagine a more useless customer service department than air canada's.. absolutely useless when attempting to change flights or destinations. I'd avoid air canada at all costs. It's been a 8hr nightmare process and I'm likely out thousands of $..,1
2024-01-16 09:32:21,Garage garbage garbage. Do not get anything that is affiliated with aeroplan or air canada. On the phone for over 2 hours and nobody picks up. Very unprofessional and should be out of business.,1
2024-01-15 13:05:35,I have been trying for 2 days to get a digital version of my card. Every time I log in I am told that the site is locked for 30 minutes for security. Frustrating,3
2024-01-14 20:28:11,"Off to a poor start. Can't even add my booking or change my seat. - Update post flight, just an awful experience end to end. I'll avoid Air Canada whenever I can.",1
2024-01-14 11:02:43,Pretty much straightforward,4
2024-01-13 17:30:30,"The latest update crashes the app. Ive tried uninstalling and reinstalling, doesn't fix the problem. It's been an issue whilst travelling in Canada and checking flight status",1
2024-01-12 22:23:02,The app will not open most of the time.,4
2024-01-11 07:34:38,user friendly App,5
2024-01-09 19:01:46,Seamless,5
2024-01-08 22:29:00,"wish I flew long haul with Air Canada, as per my ticket, but one of the flights had mechanical issues and Air Canada swapped me to Air NZ. definitely not as good as service as Air Canada.",5
2024-01-08 10:46:36,"flight was on time, and my checked-in bag arrived on time",5
2024-01-08 01:43:00,"Was working fine till the upgrade was imposed upon me. Now app crashes every time I open it. Will Uninstaller and reinstall but regretting the update now, as I need the app now and this is just wasting time.",1
2024-01-07 17:44:04,Seat map is no longer showing after upgrade. Bad user interface design. :-(,4
2024-01-07 14:56:36,"my status rolled back that sucks, very disappointed.",1
2024-01-07 14:46:50,"Love it, easy but some bugs in family sharing, I couldn't activate until now",5
2024-01-06 10:19:22,"2nd Update: sent 3 emails and still have not heard from anyone. 1st Update: I sent an email but have not heard back from anyone. Original post: Tried to connect my Aeroplan with my Journie account but can't because I no longer have the email my account was originally set up under. I don't want to call anyone,just want to be able to email or live/online chat with someone to fix the issue.",1
2024-01-04 17:31:50,great follow-up and tracking of my checked luggage thanks,5
2024-01-03 18:38:49,Amazing 👏 🤩 🙀 😯 😮 😲 👏 🤩,5
2024-01-02 21:46:20,very simple and easy.,5
2024-01-02 19:57:18,Good,5
2024-01-02 06:45:40,No update on connection flight gate number Even when the information is available by the connecting airline and airport,1
2023-12-31 09:22:13,would like to be able to see the actual loads of passengers on-board numbers,5
2023-12-30 16:05:44,"12/31/23: even buggier! When booking a flight, the app shuts down. Have reinstalled it 3x and no luck. And re: connecting flights through Canada. Security requires a boarding pass for the original flight, BUT on landing, it deletes from the app. Totally holds up the transfer. 11/18/19: Still buggy.... can't select meal preference (once selected, the entire app shuts down), plus seating preference (window/aisle) has completely disappeared as an option. Visually, much better looking though.",1
2023-12-30 15:47:44,easy to navigate,4
2023-12-28 20:58:28,easy to use app,5
2023-12-28 19:37:20,"The flight departed on time and arriving sooner than expected. Flight attendants are very friendly, but the flight can me more cleaned.",5
2023-12-28 11:08:57,Relaxing with this carrier nothing better to travel with in my option.,5
2023-12-27 19:28:16,l love it,5
2023-12-25 15:36:32,It provides everything I need to book my work travel.,5
2023-12-25 09:24:07,very nice experience and the hostess was so helpful,5
2023-12-24 07:19:13,"Ever since I downloaded this app, it was never able to complete any booking search. There is always a errot dialog box popping up. Trying to uninstall reinstall or updating it won't help. Yhis app only aetve one purpose to me: show my Aeroplane plan card details. That's it.",1
2023-12-23 14:12:05,Worst airline of all time.,1
2023-12-22 20:38:33,Crashes immediately after launch (it was ok (ish) for years). This is new since the last update.,1
2023-12-22 03:59:14,Difficult performance,2
2023-12-21 19:41:44,Great all-in-one app for flying with Air Canada and managing your Aeroplan account.,5
2023-12-21 13:50:34,Easy to use and prompt notifications.,5
2023-12-20 16:13:23,easy to use!,5
2023-12-19 20:15:08,"love traveling with Air Canada, best airline in the world....",5
2023-12-18 16:38:36,It is very easy to use.,5
2023-12-18 13:35:25,Very easy to use,5
2023-12-18 13:30:18,Fly with new System Management,5
2023-12-17 22:24:26,"Very useful features: before departure you can see if your deleting plane is delayed on its earlier fights, helping you to anticipate delays of your own flight before they are announced. On arrival you can view the history of your checked baggage, helping you to quickly identify where your lost luggage was misplaced.",4
2023-12-17 19:07:37,Very impressed with the improvements over the last few years. Honestly can't remember the last time I had an issue.,5
2023-12-17 17:10:09,Amazing Aeroplan customer service.,4
2023-12-17 11:38:39,An ok airline,4
2023-12-17 09:08:42,Can't wait for the bag tracker to become available,5
2023-12-16 06:24:01,air canada has changed for the better I find. in the past I haven't had much success with them,5
2023-12-15 18:37:35,"The Air Canada App is a necessity, not a convenience. Check flights, check in, and baggage tracking. These are all must haves. You get real-time updates regarding changes or delays due to weather or maintenance. a true time saver for someone who travels a lot or even a little. Highly recommend this app as a travel source or tool.",5
2023-12-15 13:23:51,User friendly,4
2023-12-15 11:32:59,good service,5
2023-12-15 04:54:22,They broke it by updating. It's not supposed to work that way guys. *Still a bad app in 2023. Too many times it won't let me select seats or perform other actions. I'm forced to log into the website on my laptop to accomplish things the app is meant to do.,1
2023-12-14 18:57:39,"Works great! I use the app to book flights all the time, as well as checking in and mobile boarding pass.",5
2023-12-14 13:34:08,"You need to fix the flight booking feature on your app. It doesn't work when I actually try to book. It threw an error. I have to go on my laptop to actually book anything. I'm not the only one either. My bf is also experiencing the exact issue. we had to go on your desktop site to book. Other than that, the app is ok. Might want to make linking to Aeroplan e-stores more intuitive.",2
2023-12-14 07:35:24,"App hasn't worked in months, last two trips won't show up or load, Uninstalled then reinstalled and still doesn't work. Reported issues have been unanswered.",1
2023-12-14 03:34:25,"Overall, the Air Canada app is quite feature rich, from boarding passes, trip and luggage tracking, it does the job plus more.",5
2023-12-12 23:30:41,"works good, unlike the previous app.",3
2023-12-12 10:43:19,great service,5
2023-12-12 10:14:38,Very Good,5
2023-12-11 23:00:20,"I like the new baggage updates, I always use the app when traveling. I find it quite easy to navigate and keeps all my flight info and updates in one place",5
2023-12-10 20:51:31,Fine moments and best experience in Air Canada.,5
2023-12-10 15:10:53,I cannot add my upcoming trip in the app. It says it can't find my booking reference number. I've added my travel agent code. Then tried my air canada booking number and it won't allow the full digits of the booking reference number. It allows 6 digits and the booking reference number is 8 digits long,1
2023-12-10 08:00:41,Excellent app with many useful features to keep passengers informed.,5
2023-12-10 01:42:17,Had a great experience flying Air Canada. Excellent in-flight service by very professional staff . Very comfortable seat and delicious meals.,5
2023-12-09 19:51:39,Good,5
2023-12-09 01:38:36,"Tried to link my account to Journey rewards and was told they could not ""Validate my login information"". I literally copy and pasted my email and password, there's no way it's wrong. I tried multiple times to log in and then you locked my account for 30 minutes. what a wonderful waste of time. thanks for the great user experience Air Canada 👍",1
2023-12-08 21:36:05,fast efficient and cheaper than driving,5
2023-12-08 18:17:34,I will like to get a new card.,4
2023-12-08 09:16:34,"The app is a great source of information and tracking. However, upgrades often don't work. You get into a loop trying to confirm the upgrade.",3
2023-12-06 11:04:11,"App works well, but when will you have Google Wallet and/or Samsung wallet compatibility for boarding passes? It's easier to use those than having to get to the ticket in the Air Canada app.",4
2023-12-05 19:27:32,Good,5
2023-12-05 13:37:57,Trying to find out to use it when purchasing at Lcbo,3
2023-12-04 11:30:00,"The app works fine most of the time, but sometimes it logs me out for no reason. That is annoying because then I need to look for the password.",4
2023-12-04 09:51:03,Best,5
2023-12-03 21:16:12,App not working I try 4 days ago still same problem,4
2023-12-03 20:24:41,great set of information. lots of functions. can do most things I need in one spot,5
2023-12-03 19:31:03,It is very helpful and keeps you organized,5
2023-12-03 11:53:28,"I find the app very usual for booking, flight information, boarding passes, etc. easy to use, and operates very well on my Android device. love the new baggage tracking feature in beta. Hope that stays! Altogether a good app, always use it for Air Canada travel.",5
2023-12-03 10:41:44,on time and pleasant staff,4
2023-12-03 05:35:56,Good,5
2023-12-02 15:31:16,Satisfied 😌,4
2023-12-02 12:48:13,Fantastic app. Updates new flight information quickly and the new bag tracker is great.,5
2023-12-02 12:42:33,Must have app if you fly Air Canada often. I have been using this app for years and I can get all the flight info in 1 place.,5
2023-12-02 06:23:46,easy to use always reliable,5
2023-12-01 08:29:41,When I go to pay the app stops,1
2023-12-01 04:42:56,Tells me when my flight leaves and where,5
2023-11-27 15:56:54,Keep hi,4
2023-11-27 11:58:42,It is down a ton,3
2023-11-27 02:20:52,It's a pretty easy app to use.,4
2023-11-25 14:51:12,I love using this app for booking trips and points checking is so easy,5
2023-11-24 20:41:56,improving,5
2023-11-24 20:11:31,Good app,5
2023-11-23 23:20:47,"It won't let me buy my book, I have an error in all the things I added from my card to finishing the book, the app is super bad",1
2023-11-23 17:11:33,Your app continually crashes! Unusable,1
2023-11-23 15:46:03,"Do not use this app, you will misse everything. 👎👎👎",2
2023-11-22 21:18:41,Why do y'all reward partner cancels ones order without his or her approval.,2
2023-11-22 14:48:52,Unable to navigate,2
2023-11-22 14:08:37,Air Canada Staff were very efficient and friendly during check-in. Made the start of my vacation smooth and easy.,5
2023-11-22 05:06:24,"You guys seriously are the worst airline and going downhill in customer service... booked with air canada and operating by lufthansa from Delhi to Calgary. To add additional bags Lufthansa says to call Air Canada and Air Canada says to call lufthansa. Worst customer service i have ever seen. Will never fly again with Air Canada. Flew with Westjet from Calgary to Paris it was the best experience i could get from an airline. Stay away..save time, money and energy",1
2023-11-19 16:37:28,Brutal experience trying to register a card. You ask for my email address then send me a code but I can't continue from here,1
2023-11-19 14:11:50,Not working... For a month now can't use it . used previously with no problems.,1
2023-11-18 07:10:16,"You say: This App is available for all your devices. I say: Not so, it does not work on Windows or Mac or Linux. OK, I exaggerated. But for me the fact is that the Air Canada App never worked on my Samsung Phone. I bought a Ticket on my Windows computer, then got the Air Canada App, to Check in and make the boarding Pass appear on my Android Phone. Didn't work. Tried again. No! Then App was locked, for ""security""! Don't treat your customers like ""terrowists""!",1
2023-11-17 09:10:49,I think it is great that you can view your seats on the Air Canada app.,5
2023-11-16 06:22:50,"Ordered Hindu Non vegetarian meal, my first main meal option was beef or pork ""take it or leave it"" that was the ultimatum I was given. The rest of the flight I got my meals. I was treat much better on the second leg of my journey which was code share with Nippon",3
2023-11-12 12:24:31,"Not Comfortable .Checked In Early But Got The Very Last Seat That DOES NOT RECLINE. SAT LIKE SARDINES. I DO NOT RECCOMEND! POOR,VERY POOR!",1
2023-11-11 09:33:49,Very good App!!! So far so good!!!,5
2023-11-10 19:54:06,"Today's flight home from Cancun was one of the best yet with Air Canada. the flight crew was professional, polite, and helpful. The aircraft was clean and surprisingly, so were the lavatories. We arrived early, and that was a blessing. Thank you!",4
2023-11-10 13:36:21,"Easy to use, one-stop-shop for all my Air Canada/Aeroplan needs",5
2023-11-09 18:30:50,Super useful for flight management,5
2023-11-09 11:17:47,WAS...So far so good...BUT keeps 'kicking' trips off the list...still. sent the issue 8 ir 9 tumes noe. Still no fix? App is up to date. Ugh,3
2023-11-09 07:42:26,We have taken several flights to the Caribbean via Air Canada and they all have been very reliable as scheduled.,5
2023-11-08 23:46:24,"Really solid, great QA. Can't find any bugs.",5
2023-11-07 19:45:15,"Useless app, everything you want to do it throwing to website and the question is why do I need the app? purchase? - to the website changing seats? - To the website. Claim? - to the website. And everything",1
2023-11-07 16:53:13,great app to have very helpful,5
2023-11-07 03:17:26,Pretty good ...,4
2023-11-05 17:46:30,Great app! I agree with others I wish the multicity is incorporated in app. It is very inconvenient to do multicity in a phone browser.,4
2023-11-05 13:06:20,not working after updating,1
2023-11-04 23:42:40,Easy to understand and navigate.,5
2023-11-04 21:14:06,excellente services,5
2023-11-03 17:53:11,air canada is one of the worst. everytime i try to book with them there are always issues.,1
2023-11-03 11:13:14,"Great app! A bit overwhelming at first if you are not someone who travels a lot by plane, but once you get the habg of it it works great!",4
2023-11-01 21:18:24,how the heck do I remove aeroplan,1
2023-11-01 21:05:31,Where is multicity booking in the app? Inconvenient to have to use laptop or computer to make a multicity booking. It was great to be able to use the app to check arrival and departure gate numbers for connections while in the air.,3
2023-11-01 16:36:45,Try to use my AC wallet doesn't work message always come up saying we are experiencing problems,2
2023-10-31 09:19:49,"Not much more than a browser redirect app. Couldn't log in, customer service clearly has very little budget as well as the devs that were tasked to make this ""app"".",1
2023-10-30 15:35:55,Fast and efficient check-in.,5
2023-10-28 07:40:44,"Since the update, none of my trips appear, unable to search flights successfully. Error messages when retrieving any sort of information. You need to fix this. As it stands I can see aeroplan points only- thats it, otherwise nothing works, and I don't need an entire app for checking aeroplan points.",1
2023-10-27 20:23:08,"Easy to use and keeps track of trips and boarding passes, all in one place.",5
2023-10-26 16:43:57,"I have updated my review to 2 star because the app still requires a lot of work as follows, 1-Itineray association doesn't work too well. If some itineraries are created outside the app they have to be manually input. 2-There is no access to flight receipts. One must still request copies of their receipts by email and wait 3 weeks for them. 3-Digital ID does not work when it gets to Passport scanning. It takes a picture of the photo page but then fails at NFC scanning . I hope that helps.",2
2023-10-26 10:06:18,"Crapy app or Air Canada. Search found flights. Selected. Next the app ""oops"" cannot locate the selected flights!",1
2023-10-25 20:38:39,works great for booking and for ease of travel at the airport,5
2023-10-25 11:51:29,Always great service.,5
2023-10-25 09:05:41,"Can not find information on checked baggage cost while trying to book a flight, not transparent enough. Please add the luggage option before asking for payment",1
2023-10-24 21:05:03,"I wish there was an option to use standard 12 hour time. I'm not a pilot, I don't use military time!",3
2023-10-24 15:54:38,Best airline,5
2023-10-24 10:09:30,Junk.. doent even collect points.,1
2023-10-23 13:12:15,"It's ok, modern design but adding the Aeroplan QR code to Google Wallet feature has been broken for months now on my Pixel 6 running Android 13 and 14. Please fix. Update: the workaround suggested by the developer worked.",4
2023-10-23 04:12:27,App is easy and up to date with all information,4
2023-10-19 14:20:40,"Constantly freezing up and not progressing to the next page. I tried on 3 devices with no luck, so I had to use expedia instead. I have the latest version Version 5.37.4 of the Air Canada app",1
2023-10-19 00:12:52,Overall a well designed app. Would love to see some additional search functionality on flights such as E-Upgrade availability for elite members and multi city bookings.,5
2023-10-18 20:31:37,Cannot make payment. Tried for a week.,1
2023-10-18 20:18:06,Don't fly Air Canada worst mistake of my life,1
2023-10-18 15:50:49,"If you use it where you need to at the right stores and establishments, it works fabulously! Not one complaint so far from me anywho. To the people who DO NOT fly, or don't fly very often, it is still beneficial. I never leave reviews often, though I feel as if this was needed. Thanks A.C/Aeroplan! Keep it up! ☝🏽👍🏽",5
2023-10-17 22:55:26,Would be great if you could add Google Wallet support!,4
2023-10-16 23:00:31,Always showing errors and not sync with internet portal. My trip won't load on this app albeit my aeroplan number is on my itinerary. Did before but won't now and I have updated and rebooted both the app and my phone,1
2023-10-15 21:57:40,"App stopped syncing my Trips and booking and gives errors when trying to look for and purchase tickets. It does sync my points and benefits, but that's it. Tried uninstall, reinstall, deleting cache, etc. No success. I fly every week and need this app. No support from AC. I'm in desperate need of help. It is the latest v5.37.3",1
2023-10-15 16:55:09,It's ok,4
2023-10-14 15:00:48,Useless,1
2023-10-14 13:14:55,"Doesn't work. I have booked multiple flights with Air Canada this summer/fall and have tried to use the app to do so. It's easy up until the part I actually have to buy the tickets and then there is always an error. ""Can't find pricing"" will try a few more times. Then will try the website on my phone get frustrated until I remember the website works well on my tablet. I emailed you a screenshot what happens when I try and book ANY flight on the app.",1
2023-10-13 17:31:43,easy to use,5
2023-10-13 08:26:22,very informative,5
2023-10-12 16:39:17,great app....works great for me.,5
2023-10-11 17:04:27,"Your promotional emails ask me to sign before I can unsubscribe. Then, once I've reset my password and defeated the MFA and land on a flight booking screen.",1
2023-10-11 00:23:31,Worst Flight ever.,1
2023-10-10 15:31:16,Nice app works well 👍,5
2023-10-07 15:41:12,Not working on Androids,1
2023-10-07 08:29:54,"As of Oct 2023, the app is showing phantom award space. I transferred points to the program only for the app to give a booking redemption 36803 error while trying to book. Other Star Alliance partners didn't show the award space. I tried to call and the Aeroplan Air Canada recording says it is getting too many calls and hung up on me. This phantom award space is still showing in the app a day later. I'm avoiding this airline whenever possible going forward.",1
2023-10-07 08:19:48,"easy to navigate, but it does seem to have some troubles with connecting to the site",4
2023-10-06 16:59:06,air Canada travel is hassle free and staff is very supporting,4
2023-10-06 14:27:11,Useless,1
2023-10-06 05:29:45,The Best!!!!,5
2023-10-05 16:13:11,"Very confusing App. Very hard to maneuver. I wanted to purchase wifi, but it only shows what's available & not how to purchase it.",2
2023-10-04 14:02:28,good,4
2023-10-04 12:31:54,"Great utility. The Air Canada + Aeroplan app, and Aeroplan Visa, combine to make the pre- air travel process shockingly stress free and efficient. Thank you.",5
2023-10-03 20:27:07,my wife has the same app and log in but seems we're not leaving on our trip at the same time. 🤣,3
2023-10-03 08:41:58,"Updated Oct 3 2023. Works OK, except whenever it asks if I consent to biometrics, it freezes. Also, selecting seats stinks.",4
2023-10-01 19:26:52,"Worst airline experience ever, multiple delays in my flight increasing from 1 to 2 hours and takes 1 hour to depart. Intentionally announced only 2 hour delay to avoid paying compensation but took 1 hour to depart after full boarding. Missed my connecting flight due to their incompetence and had to rebook full charge again. NEVER!!! FLY AIR CANADA IF YOU WANT RELIABLE AND RESPONSIBLE FLIGHT EXPERIENCE.",1
2023-10-01 18:13:47,Listed wrong gate and wrong departure times,1
2023-09-28 12:43:36,"I try numerous time to access my flight status, it just won't let me access.",1
2023-09-26 12:20:48,Complex app only US$ or CA$ fares. No other options,1
2023-09-26 12:11:15,"Just a weak browser, not a app. Very bad handling of login data and cookies.",1
2023-09-25 18:08:49,Aeroplan points stolen. Can't talk to a human customer support person to report fraud. Wants all your security information but you can't answer the questions if you been hacked. Should have a singular number to report fraud and talk to a real person to help you. Wasted 4 hours and still haven't talked to a customer service representative. Finally spoke to representative and wow my issue was resolved in less than 30 minutes and my points returned to me. Very impressive!,4
2023-09-24 22:31:31,"Terrible experience with this App and the Aeroplan service. Barely 15 minutes with the app, trying to get set up, and they deactivated me, flagged my account, and then asked me to call their customer service who then said I needed to send identifying documents and proof of address to their compliance unit. I have absolutely no idea why I am being treated in this manner, but I have sent in the required documents, and now they say it will take weeks to resolve.",1
2023-09-24 13:16:42,"It's not the app, it's Air Canada. You guys couldn't have told us that our flight was delayed by at least an hour as soon as the problems surfaced in Toronto? We now have to sit in Bermuda's airport for 3 hours with nothing to do, when we could have stayed at our VRBO for those hours and played cards or had a nap, or suntanned. But no, we have to sit in a freaking airport that has nothing to do. This reminds me why I hate flying with Air Canada.",2
2023-09-24 11:07:48,Air Canada & Westjet seem to have flying tamed! Both flights I took going & coming from Slave Lake AB were on time & No delays! I wish other airlines would take notes from Air Canada on how to run an airline!,5
2023-09-24 04:52:15,"The Air Canada app was very easy to use, seamless check-in and flight updates. However, the Vancouver terminal was very disorganized.",4
2023-09-22 05:52:33,New version is crashing and is unusable. Traveling in 3 days,1
2023-09-21 22:31:44,Very good service and aminities,5
2023-09-21 08:31:55,Easy to use,5
2023-09-20 16:25:18,I love this app very much . Easy to navigate.,5
2023-09-20 15:18:56,"It's useless app, the flights prices always at least $300-$400 more than the flight you find online through the web. Basically the points you get from Aeroplan are usless the book any flight because you pay more",1
2023-09-20 12:13:49,great,5
2023-09-20 10:59:06,"A nice, reasonably easy and convenient way of keeping track of what is going on with your travel itinerary",4
2023-09-18 21:10:22,The app and website are terrible. Claiming missing points seems to intermediately working at best. Can't seem to claim any missing points through the app. The app keeps giving me page cannot be displayed and the website nothing happens when I click missing a transaction. For some reason on United it won't accept my airplane number. I don't know if that's a United issue or an aeroplan issue.,1
2023-09-18 12:17:04,"I'm trying to check in and cannot advance past travel document page. Does not give any reason , simply keeps returning to the page after save, even though information is correct.",1
2023-09-18 06:06:32,Good app very easy to use and convenient,4
2023-09-16 08:15:23,Been trying to load app for 2 week not having any luck,1
2023-09-16 03:53:15,Ewww ww w ewww r the rrr the same,2
2023-09-14 20:19:38,Digital ID? Never. Use cash people!!!!!,1
2023-09-13 13:56:18,Its not opening,1
2023-09-13 09:32:04,Good,5
2023-09-12 12:58:27,Repeatedly shows prices for flights that are not accurate/do not exist. Once flights are selected it changes the price or errors out completely.,1
2023-09-12 12:13:14,This isn't an app. Its just an icon to open their website.,1
2023-09-10 21:08:09,Awful I just want a boarding pass. Where do I get a boarding pass?,1
2023-09-10 13:22:11,Can't change Aeroplan names on ticket. Buying a ticket through Aeroplan for somebody other than the account holder doesn't work. Even if the other passenger has all of their info already saved. The app simply does not let you select other passengers. There are also frequent errors and payment problems. Very upsetting and adds to the already considerable stress of flight travel with air Canada.,2
2023-09-10 10:42:33,easy to book flights and navigate the site.,5
2023-09-10 00:06:14,"Unable to even log in because the website is not compatible with my phone's browser 🙃 Eta: Firefox is my browser. I'm using the latest version of Android. On a phone that was released in 2023, with specs that should have no problem handling a browser based sign in.",1
2023-09-09 09:50:12,"Air Canada's customer service leaves much to be desired, and I strongly advise considering alternative airlines if you're looking for a higher level of service quality. It appears that Air Canada prioritizes profit over customer satisfaction. When I initially booked a longitude ticket, they assured me it was fully refundable and changeable, but when I attempted to cancel or reschedule, I encountered nothing but excuses. Despite multiple phone calls and emails, my efforts yielded no resolution.",1
2023-09-07 23:17:38,is it posable to install the app on a laptop with widows 11 i cant seem to figure it out any help would be great I want to use the inflight entertainment on my upcoming flight thank you,3
2023-09-07 21:02:41,"Awful, won't search anything when trying to use points, loads and loads. Won't let me use any promo codes",1
2023-09-07 13:56:29,Dog of an App. Keeps looping bag to sign on page after I already signed on. Rubbish,1
2023-09-06 16:10:04,I can not log into app as that one screen is all French! Is there a problem with app?,1
2023-09-06 04:35:31,An easy and good asset.,5
2023-09-06 03:05:39,in-flight services are poor,3
2023-09-05 17:49:40,"Love the App. However, the company lacks destinations from YEG we frequent, i.e., PVR, IAH. YMM",4
2023-09-03 08:58:46,"easy to use, but does not have multi city option.",4
2023-08-31 19:42:32,"Tried to explore vacation packages, but gave up after watching a spinning circle for several minutes. Ended up checking out Sunwing and Transat. The have much better apps.",1
2023-08-31 15:51:17,Didn't scan passport. Useless.,1
2023-08-31 14:09:15,"No one to speak to ,they keep telling me the account number does not exist . I need help from an agent because the robot does not have my problem questions",1
2023-08-31 13:28:17,"App quit working a couple of weeks ago, will not link to account, cannot see trips or boarding passes, and cannot see Aeroplan account.",1
2023-08-31 07:14:58,App says to upgrade yo v5.36. There is no update on Google Play.,1
2023-08-31 05:19:11,Slow and doesn't load flight info,5
2023-08-30 09:56:20,A very useful app. It has all the details of my booking. Very easy to use.,5
2023-08-30 09:30:17,Have been trying to pay for a flight booking for 12 hours. Payment didn't go through despite there is no issues with the debit info I entered. Same with trying on the website.,1
2023-08-29 20:48:06,works good,5
2023-08-29 16:14:58,Realized in 2021 I left only 2 stars as back then booking areoplan on the app was horrific. The app really has improved then. There's a few search errors but for the most part it's really good. I like all the live updates and the in app boarding pass and details especially compared to Westjets which is just a static photo,5
2023-08-28 16:39:35,"Don't waste your time, fly with another airline. Created an account, tried signing in/changing my password 4 times now and still just getting a ""can't validate"" message. Waste of time.",1
2023-08-28 15:43:26,The app is unusable when an update is needed. This hinders your ability to scan you Aeroplan QR code at checkout desks,2
2023-08-27 11:40:46,Have to constantly sign and with a verification code is absolutely ridiculous,1
2023-08-26 15:10:53,"I can't log in, I've tried with my old password and was uncessful I changed for a new one and still same.",1
2023-08-26 13:10:02,Very easy to check-in and retrieve your mobile boarding pass via the app. It updates quiet quickly if your gate changes as well. Easy to use and works good offline too.,5
2023-08-25 13:55:40,Keeps crashing on my android phone. Updated it and now it's even worse. Edit: they updated their app and were having issues but fixed it right away. No issues since.,4
2023-08-25 10:38:55,"When trying to load our boarding passes, it keeps giving an error. Good thing we selected text and email also. Do not rely on this app for your boarding pass!!",1
2023-08-24 23:44:34,Keep getting error message when trying to book a flight,1
2023-08-23 23:45:59,Can't sign in. Says password is wrong. I attempt a password reset and don't get the reset email. Try to start a new account with a different email and says account info already exist. 🙄 A friend of my confirmed it's an error in air canada app as he can't get into his account either,1
2023-08-23 19:22:20,No multicity booking option on the app,2
2023-08-21 13:54:37,"The button to add card to Google Wallet is not working, but after logging in again it worked",5
2023-08-21 09:22:00,Air Canada are terrible,1
2023-08-20 16:34:03,Very frustrating will not take my info tonight in,1
2023-08-20 06:18:59,Good app very easy and useful application,5
2023-08-19 16:04:19,you should be able to book multi stop flights from the app,4
2023-08-18 12:43:23,"It was working great, now it won't stay open. Says there is a bug that needs to be fixed in an update.... When will there be an update?",3
2023-08-17 21:42:32,Terrible,1
2023-08-17 04:22:48,Works well,5
2023-08-16 20:09:12,Really good UX with ability to see various points/cash options so it's clear what the options are and how many points to transfer. Also really like that it saves recent searches. Super smooth booking experience.,5
2023-08-15 12:24:31,Perfect,5
2023-08-15 05:37:47,"not working, always error and can't search the flight",1
2023-08-14 23:03:35,Crashed constantly,1
2023-08-14 16:16:22,The app keeps crashing.,1
2023-08-14 13:18:46,works well most of time and okay to check existing bookings and simple trips (no multi city still) with cash or AE points,4
2023-08-14 08:38:12,great flights cabin crew excellent enjoyed my time flying with air canada,5
2023-08-13 23:54:41,Crashes often,3
2023-08-13 11:47:44,"New biometric ID experience is less than ideal... Selfie photo is fine but UI needs rethink for people who wear glasses.. Tells you to remove glasses, but then you can no longer see the screen clearly to read the instructions and centre your face. Had to repeat a couple of times to get it to work. Then after check-in the option to use the biometric ID was offered, but app hangs after clicking consent... ie after all the rigamarole, it doesn't even work..",3
2023-08-12 10:49:09,"Easy to use,just a tap of the finger and the app dose all the work . Great tool",5
2023-08-11 18:02:58,App usually works great. But for the last month. The e-upgrade screen shows no content. Have to use a laptop to make any requests.,4
2023-08-11 13:28:54,It will not download to my phone,1
2023-08-11 09:30:28,I can't get through to check my flight it's today what do I do,3
2023-08-11 02:32:50,Error when search for flights,2
2023-08-09 09:27:03,I can't even create an account! Useless!,1
2023-08-09 08:59:02,Trying to Sign up.,3
2023-08-05 17:43:46,The new update is quite laggy when selecting the flight status. I am unable to select the flight on this page and am forced to search for my specific flight to access the status information.,2
2023-08-04 20:03:32,"Used to work better, recently it stopped letting me get to the e upgrades page, it just loads a customer support page when I try",3
2023-08-04 07:16:39,😎,5
2023-08-04 01:09:33,The app worked well until the latest update. The app now closes/crashes every time I try to access.,5
2023-08-03 21:13:30,"All of a sudden, cannot access eupgrades within the app. This is really annoying as it worked up until recently. Please fix it.",1
2023-08-03 12:44:31,"Easy to use, keeps one updated",5
2023-08-02 16:15:15,They should have a Air Canada place for flying cars Building Center in Barrie because we don't get the opportunity to have exciting things in the city of barrie to see. Please ??,1
2023-08-01 18:52:53,Absolute trash. No reason to use this over mobile browser version of air canada website,1
2023-08-01 16:05:28,"Nice app, easy to use",4
2023-08-01 00:39:59,"It was working very well a week ago when I started my trip. When I return, it asked me to update the app. After the update, the app crashed or minimized and I couldn't use it any more. I tried to restart the phone and uninstalled and installed the app. I can login but it errors out and cannot locate my booking. I tried several times today but I still cannot check in. I really regret that I updated the app...",1
2023-07-31 20:54:59,I installed it to find my ticket number for my booking number. It doesn't do anything beyond the website and zero online customer service. The only option is staying on the phone line for 2 hours to get the ticket number.,1
2023-07-31 19:21:27,"Recent update placed two maps for Munich Airport (MUC) in the app and removed the map for Zurich Airport (ZRH). It's been several weeks and they don't seem to be in a rush to fix it. EDIT: Why was the map for Zurich airport removed? Doesn't make sense at all. EDIT 2: Also, the map for the Montreal airport is wrong/outdated (the international to international / international to domestic connections area changed quite a lot a few years ago). I also noticed some issues with other airport maps.",3
2023-07-31 16:58:12,Excellent service,5
2023-07-31 14:40:16,"They have terrible customer service. I had to cancel a flight, on a flexible ticket, it was only one segment of it, and that segment was delayed for hours. I was given a customer service card, for a customer service line, which they had turned off for 2 days, due to a ""high volume of calls."" I tried emailing them for a refund, I got an automated message back, telling me that I didn't need to worry, my ticket was received, and a response isn't needed.",1
2023-07-31 13:06:23,I can't check in to my flight through the app but can through my web browser with the same info.... this app sucks,1
2023-07-31 00:34:25,"Mostly good , few bugs but they tend to get worked out on updates.",4
2023-07-30 17:53:00,please enable finger print recognition. This app is a pain for people who use strong passwords then can't remember and need to reset it this is a big deal while traveling.,2
2023-07-29 23:47:40,it keeps me updated on aeroplan points and offers and on top if flights,5
2023-07-29 23:21:44,Can't access the flight status on the app to check eupgrade status/number.,3
2023-07-29 14:54:48,"Its AC, what more can you say?",1
2023-07-29 11:13:15,"Latest update crashes, Samsung S20 as well as iPhone 11.",3
2023-07-29 05:34:05,Flight info updates faster than their email. But no customer service instant messaging in-app.,4
2023-07-29 04:23:25,"very easy apps,but last time I experienced it was too fast to proceed payment ..",4
2023-07-28 22:32:09,excellent,5
2023-07-28 21:48:42,A microcosm for the airline itself,1
2023-07-27 11:11:30,App is slow and buggy. Can't even open my boarding pass.,1
2023-07-26 15:48:58,Ii 74,2
2023-07-26 11:48:48,Slow,3
2023-07-25 21:47:19,If only the app was as good as the airline,5
2023-07-25 20:04:33,"For once when I needed it to book my tickets it failed for 4 times in a row. Pathetic app, my business goes to Expedia or air India now.",1
2023-07-25 18:56:28,"This is worthless. Looks good, but all it does is Route to chrome links (that also don't work when in the air).",1
2023-07-25 14:00:04,Sometimes it works. Can't e-upgrade right now on a booked flight.,2
2023-07-25 06:00:16,It's been very laggy ever since the last update,2
2023-07-23 19:29:38,Not flying air canada again willingly,1
2023-07-22 22:20:21,"Air Canada's app is just as bad as its service. They stranded me OUTSIDE of Pearson airport overnight after canceling my flight and locked me out of my account in the middle of that fiasco. The app tells you almost nothing about your flight until two days before and opens most things in browser, meaning you're better off going to their (also buggy) website. Recently it crashes so frequently that Samsung suggested I put it in deep sleep so it wouldn't compromise my phone. Please skip them!",1
2023-07-22 16:25:52,Why is the only way to get Aeroplan in my Google wallet is to download and use the Air Canada app as a workaround? Pretty ridiculous.,3
2023-07-22 15:52:21,"I just wasted 29 minutes trying to book a flight only to be told that there were no flights available on the date selected and that i needed to try another date. Gave up and used the Air Transat app where IT SHOWS WHAT DATES THE FLIGHT YOU WANT FLIES ON. A simple thing, easily imemented. Unless you are Air Canada of course.",2
2023-07-22 11:59:56,really easy to navigate,5
2023-07-22 11:47:58,Functionality is good but crashes constantly Edit: update seems to have fixed it!,4
2023-07-22 10:49:58,It was working great but now a day before my trip it stops. I get a notice saying there's a bug and to wait until the app is updated. Doesn't do me any good since I leave in a day so there's no point in having it on my phone anymore. Update: The update just became available and the bug has been fixed. It's working like normal now. Appreciate the quick response.,4
2023-07-21 09:40:51,This app is currently unstable. App would not upload my upcoming trips.,2
2023-07-21 08:52:29,"eupgrade feature is returning blank website with the footer only. (update) thanks to the prompt attention to the error report, star rating revised.",5
2023-07-21 03:00:53,Trash airline,1
2023-07-21 00:44:13,App has bug as of July 20 - it keeps crashing.,3
2023-07-20 18:26:42,The app keeps on crashing after downloading the latest version. I am using Samsung Galaxy S23 + ultra This is very inconvinient .,1
2023-07-20 18:03:35,Just updated the App and it keeps shutting down due to bugs,1
2023-07-20 17:53:30,Broken doesn't even begin to describe this app.,1
2023-07-20 13:52:26,Very good,4
2023-07-20 11:01:00,"The app says an update is needed by July 31 and gives me 2 option , send reminder or download now. Press download and it sends me to Uninstaller or open. Press open and I am back with you need an update!",1
2023-07-20 10:52:58,It was very good up until the last update today it started crashing and Satomi there is bug in the new update and asked me to wait until the developer fixes it. Can you please fix this issue as soon as possible I ant open my ticket and my flight is in two days,3
2023-07-20 10:43:14,Will not open keeps getting message to up dade app,1
2023-07-20 10:35:45,They updates they have made over the years have been fantastic.,5
2023-07-20 10:35:13,Keeps asking me to update but there is nothing to update....,1
2023-07-20 10:33:58,Would not let me update keeps going in a loop. Normally very good. I recently used the EasyJet app & found it superior to Air Canada loved the live tracking of the inbound flight.,1
2023-07-20 10:30:53,Efficient and resourceful,4
2023-07-20 10:23:17,"Apparently, there is a new update, but it won't allow me to update the APP. Anyone else having this issue?",1
2023-07-20 10:21:53,"The app keeps telling me that I have to update to the new version before the end of July 2023 but when I try to update, it does not do so and just gives me the option to open the App. It's a circular cycle that gets me nowhere.",2
2023-07-20 10:21:29,Getting better day by day,5
2023-07-19 10:12:57,Honestly you guys are retarded and probably should not be allowed to operate planes. I had to go through a massive sign up process to see if I could retrieve an existing booking. Every single time I try do something in the app it takes me to the website. Everytime I am taken to the webpage I am required to sign in again. And every time I am required to sign in I need to receive an email with a verification email and input the verification over and over again. My inbox has so many emails,1
2023-07-19 08:16:49,App is garbage! Unable to select seats and bid for eUgrade for weeks.,1
2023-07-19 02:22:26,good app,5
2023-07-18 05:16:40,very good,4
2023-07-18 04:55:27,"It doesn't show the reason for a delay, that with this airline is a constant issue. The app is designed well and very good overall",4
2023-07-17 08:53:30,"Great App, would give 5stars if the app was able to book Multi-city",4
2023-07-16 22:38:58,"If you can not tell me the actual status of my flight, and I have to depend on Google, you re useless",1
2023-07-16 21:58:53,Garbage app. In flight entertainment uses Flash... it has been discontinued since 2020 ffs...,1
2023-07-15 19:36:19,Been a few years since my last review. Better now. It's actually useful. But it's pretty dumb that it logs you out if you try to use bit offline - like you would to get your Aeroplan number while traveling.,3
2023-07-15 16:42:00,user friendly,5
2023-07-15 14:42:56,App doesn't load my trip on my android phone anymore. Works fine on the iPad. Tried reinstalling without any improvement. Leaving in a month and so hope that it will be fixed by then.,1
2023-07-15 10:59:39,good,5
2023-07-15 08:22:40,"Never got notified of gate changes,bor flight delays from the app. Also, unable to play in flight entertainment on Air Canada Rouge because no compatible player.",1
2023-07-14 08:17:03,App is excellent does everything I need,5
2023-07-13 23:37:52,"The app is rather slow and ""buggy"", rather than having ""everything"" work in the app when you're booking/ making changes flights or checking your itinerary, the app opens up new ""windows"" or tabs. Sometimes the app can't even load my flight and I'm left with a semi loaded page of blank drop downs and/or unresponsive buttons. It's inefficient for those like me, who don't fly Air Canada often and are US residing, and they're not an Aeroplan member. But at least (?) the app works.",2
2023-07-13 19:42:12,Very helpful.,5
2023-07-13 16:48:30,The worst. I keep getting blocked for 30 minutes for security reasons. I had to create a fake email on a friend's phone to retrieve my info at the airport. Do not use this app.,1
2023-07-12 18:43:52,App cost me 500$ cause when I went to cancel just one part of my flights it cancelled both flights and I had to rebook.,1
2023-07-10 19:25:28,"Cannot search for reward flights , please fix it asap. It has been multiple weeks now where the app just shows error for award flight searches with Aeroplan. It's very frustrating",1
2023-07-10 13:22:04,"Best app I've ever used so far. Clean,crisp and simple to use.",5
2023-07-07 09:44:50,For an airline app it covers a lot and does it pretty well. Wished it did eups display like the main website and linked with their cxloyalty travel agency.,5
2023-07-07 06:21:09,"Seems to just be a web site, not a real app. Very slow loading.i have to constantly sign back in.",1
2023-07-06 20:01:57,Air Canada has the lousiest customer service in the world! That's if you are lucky to get connected 😄😄😄,1
2023-07-06 17:29:10,"Crashing all the time on the day of travel... Unusable. Which is the only time you really need it working. EDIT: Ok it's fixed but now AirCanada cancelled my flight and choosing a new flight is ultra buggy through the app: checking not available in app, I try to add 1 luggage, it's add 2, I move to 1 it's putting 0. Rookies. Don't use the app, go the desk directly.",1
2023-07-03 18:46:50,Download nu,1
2023-07-02 18:28:12,"DO NOT BOOK WITH AIR CANADA. I booked a flight to Rome with a connecting flight through Toronto. I subsequently learned Air Canada flights are habitually late. My return flight had a 2 hour delayed departure, but I still made it to the connecting flight prior to departure. However they told me they gave my seat away since I was not at the gate 20 min prior departure. This is unethical, but was told it is standard practice by Air Canada. They gave me a meal voucher... $10. Ridiculous!",1
2023-07-02 01:20:47,ᴵ ᶜᵃⁿᵗ ⁿᵒᵗ ᵖᵘᵗ ᵐʸ ᵉᵐᵃⁱˡ ˢᵒᵐᵉᵗʰⁱⁿᵍ ʷʳᵒⁿᵍ ᵐʸ ᵖʰᵒⁿᵉ,4
2023-07-01 13:53:02,great,5
2023-06-30 23:58:26,"Air canada is no good! They maintain a schule of constant delays and cancelations. Rude staff and a general disdain for their customers. It's heartbreaking Air Canada is overall a terrible experience as it is our major airline. I wish they would not suck as much as they do. I have flown many times on Air Canada, even several times this year I deffinetly would not recommend anyone choose this air line sadly.",1
2023-06-30 17:53:59,"Doesn't show up to date info, delays or gate changes are not shown in time. Baggage info is also missing. Have to go through multiple pages to get basic info. This app needs a lot of improvements compared to what other airlines have already.",2
2023-06-30 11:04:12,And 6yb7b j ft,5
2023-06-30 10:35:00,sometimes the airport search does not respond,3
2023-06-30 02:16:03,Excellent,5
2023-06-30 00:22:11,Great app and super easy to use! I can check in and have my boarding pass all in there. No more paper boarding pass.,5
2023-06-29 23:51:34,"Won't even open, just crashes now Edit: not resolved. Still can't search for flights",1
2023-06-29 13:38:20,easy to use and informative,5
2023-06-28 14:28:25,"Recent app issue with searching for flights has been fixed in latest update. I do like using this app overall, it has great features.",5
2023-06-28 12:53:37,It's ok for the most part but unable to add family member for aeroplan despite multiple attempts.,3
2023-06-28 08:19:33,App is crashing after the last update. I cannot use it. *Edit - app is working now. Too bad it crashed exactly when I needed it.,4
2023-06-28 05:32:43,Glitchy glitchy glitchy. Ive uninstalled and installed it over and over. Nothing works except my Aeroplan profile.,1
2023-06-28 05:15:00,"Links are ""clear text"" and don't work for Android. Totally useless and poorly thought out. Punish the customer App.",1
2023-06-28 03:05:36,Well... thought I would use the app to book travel with the 20% discount voucher Air Canada gave me after loosing $4000 in luggage. The app took 4 tries to get to the payment page. And the discount ended up being 0.72% it's just strike after strike. I will avoid Air Canada for personal and business travel.,1
2023-06-27 23:55:53,App works as expected after update. Easy to book and manage flights.,5
2023-06-27 22:08:49,Back to 5 stars. Thank you for fixing the app!,5
2023-06-27 21:16:27,"Updated: app works as it should again, appreciate Air Canada responding to my feedback to let me know it's resolved. The app is once again very useful for booking and searching. Original: Unable to search for flights since the last update. When I enter a destination city, it does not look up that city. It is unusable to book a flight now.",5
2023-06-27 20:17:44,Amongst the best airline flight search app available. Latest update reinstated city searches.,5
2023-06-27 16:22:41,Please fix bug on app. I can't search any flight schedule since last week.,5
2023-06-27 12:57:24,"You know what would be great, being able to rate your flight after each trip. Can we do that please.",3
2023-06-27 09:35:11,Rarely works when trying to book flights,1
2023-06-26 21:52:11,Not showing nothing,1
2023-06-26 18:51:01,Very slow app. It just does not load airports while booking the flights. Have to restart it multiple times,1
2023-06-26 18:46:30,Searching flights feature is not working anymore. Cannot add departure location. Sad to see such a good app being completely useless.,1
2023-06-26 11:29:28,I can't search flights anymore without clearing my recent search history and restarting the app every time. This started happening after the latest update. Very frustrating,1
2023-06-25 22:57:25,"The last couple of weeks you can no longer search for flights. When you enter in your destination, nothing shows up. So you can't select a destination and therefore you can't search. So frustrated.",1
2023-06-25 07:39:56,"Since the last update, I can't search/book flights, trying to enter in city or airport code doesn't provide any results which renders the search/book section useless. Can only use website to book flights.",2
2023-06-24 14:43:08,prompt service,5
2023-06-24 10:02:56,"There's a bug with the flight status,the route option no longer works !! Please look into this as we don't always know the flight number !!",2
2023-06-23 21:08:28,Horrible. Full of bugs. Every now and then just stops search for cities. Drop down menu doesn't show up. Super slow too!,1
2023-06-23 14:37:39,"slow updates, works well!!",5
2023-06-23 11:38:45,"After the latest upgrade my app keeps crashing. The app opens, not able to press anything and crashes. Uninstalled, installed again and cleared cache.",1
2023-06-23 11:37:07,Was good but now keeps crashing,2
2023-06-23 11:29:36,Absolute garbage. Crashes constantly. Searches never work. How is this the app for a major airline? Just embarrassing.,1
2023-06-23 11:27:51,App crashes each time i try to open,1
2023-06-23 11:26:31,"Keeps crashing over and over, can't open the app.",1
2023-06-23 11:24:37,The app crashes so many times. You can't even book on the app. It's just horrible. You can't be a huge airline and not have a functioning app...,1
2023-06-23 11:21:08,Crashes all the time. Garbage.,1
2023-06-23 11:19:00,"The app crashes daily. Why??? Fix the issues, please. Useless wait times sent email to team and no response.",1
2023-06-23 11:17:05,Crashes right after opening,1
2023-06-23 11:16:43,"Just bugged when arrived at airport security. Uninstalled, reinstalled app did not help. I am unable to get the app to fully open and get my. e-boarding pass. And the cherry on the Sundae is a late 2h flight......bravo Air Canada...",1
2023-06-23 11:14:26,Keeps crashing. Will not open on Android,1
2023-06-23 11:07:10,"It's completely unusable. As of 2023-06-22, app loads for 2 seconds then crashes. Tried reinstalling, clearing cache etc. Im on Android V13.",1
2023-06-23 11:00:45,unable to open app at all,1
2023-06-23 10:57:10,App kept crashing. Couldn't load my boarding pass.,1
2023-06-23 10:57:04,The app won't launch,2
2023-06-23 10:56:50,I can no longer open the app as it crashes immediately. My phone then tells me it's crashing while doing a background task which is causing my phone to overheat. Had to uninstall and I have a flight today... Samsung Galaxy S23 Ultra,1
2023-06-23 10:54:35,Crashes as soon as I open the app. It was working fine before,1
2023-06-23 10:47:14,"The app keeps crashing. Cleared cache, cleared storage, restarted phone, uninstall, reinstall. The only thing that works is turning on airplane mode. But what good is that? I'm traveling now. What am I supposed to do???",1
2023-06-23 09:57:16,There is very little wrong with the App except that it doesn't allow flight bookings in any other currency than Canadian dollars.,4
2023-06-23 09:12:24,"It used to be good but in something changed recently that made the app unusable when searching for flights. You enter in your destination and it does not show any airport however if you misspell a city it will tell you it doesn't exist (just like it was before). Your only solution is to reinstall the app. After you close and reopen the app, you are back to having the missing airport issue.",1
2023-06-23 02:39:12,Allright,5
2023-06-22 22:44:19,Can't book flights because location doesn't work,1
2023-06-21 08:47:43,best and reliable airline ever!!,5
2023-06-20 08:23:09,Horrible app try to put city didt work,1
2023-06-19 16:28:29,"very limited abilities Can't book flights- attempt to enter departure airport code, and the keyboard shows DONE instead of Return. This clears the screen and you can't proceed. Samsung S21.",1
2023-06-19 10:56:21,"Don't recall this ever being so frustrating. 80% of the time you can't choose a city to depart when booking, it doesn't let you choose or change a seat, it's delayed for flight status changes unless you force close the app. Not great.",2
2023-06-19 09:19:56,The app freezes when I enter Toronto as my departure city. Is this a subtle signal from AC that they would prefer I fly from another city?,1
2023-06-18 19:03:32,There's a bug in the app when entering a destination in a flight search. Please fix.,2
2023-06-18 16:33:52,Will not recognize airport codes so will not load to book flight. Stop working early June after years of working fine.,2
2023-06-18 10:35:57,half of the time it doesn't work,2
2023-06-17 15:12:27,Stupid update cant search flights now,1
2023-06-16 18:44:26,App crashes all of the time with the latest update. Will have to wait until there is a fix as its a waste of time to try using it now.,1
2023-06-16 00:52:13,With the latest update cannot book flight. No departure city or airport shows up.,1
2023-06-15 16:35:42,Awful company,1
2023-06-15 16:21:09,Will not load flights,1
2023-06-15 09:56:51,Horrible once updated,1
2023-06-14 18:54:27,#love air canada #and #canada 🤔 2,5
2023-06-14 09:25:44,Aeroplan authentication limited to Chrome/Firefox/Samsung browser??,2
2023-06-14 01:15:06,Such a useless app.. I don't know who's dumb team developer of this app.. waste of time ..,1
2023-06-13 18:53:05,Just updated this a few minutes ago and I can't select a departure airport!!,1
2023-06-13 16:19:53,Unable to book flights through the app. When I try to search for destination it doesn't show any available cities from Toronto.,1
2023-06-13 13:28:56,"It doesn't work 90% of the time, so you need to use AC website. Very frustrating...",1
2023-06-13 11:22:44,I can not install app since May 31 2023,1
2023-06-13 00:11:24,"Crashes all the time lately. Doesn't save my searches or home airport in bookings like it used to. A few times I've not been able to complete booking because of an app error but the trips show up in ""my trips"" . Confusing to know if it booked or not so had to check my credit card bill to make sure before trying to rebook on the website . Also, can't use ecoupons or vouchers on the app so have to use the website instead.",2
2023-06-12 22:02:48,"Bad app and web site, very slow.",1
2023-06-12 21:00:58,It was working well till the new update. Now doesn't let me find airports to search and book flights. Please fix.,1
2023-06-12 13:31:22,I think the air Canada the best go air Canada go,5
2023-06-11 23:54:01,I love aeroplan,5
2023-06-11 18:00:28,This app does not work half the time. Have to keep reinstalling it to get it to work. Do not bother downloading it,1
2023-06-11 11:20:02,"When searching for flights, can no longer search airports, just gives a blank screen. Can never bring up redemption levels for redeeming points and if doing cash can never calculate the fair. Whatever the upgrade did, it made the app useless.",1
2023-06-10 17:02:11,Great App. Getting better every upgrade and update!!,5
2023-06-10 13:59:51,"Just like everything air Canada does this is a broken awful experience. Customer support won't even take my call to get this to work, instead they hang up on me. God how I wish the government would stop bailing this awful airline out.",1
2023-06-09 18:33:33,Can't enter city to search for flights. They must have broke something in the last update 🤬,1
2023-06-09 01:37:19,can easily navigate trips and flights and see all relevant information. The airport departure requirements panel is very good and has correct information for departure from Brisbane AUS. 3rd week as a new user. keep up the good work product team!,4
2023-06-08 19:24:03,Would not let digital,1
2023-06-08 18:39:17,"Flight search broke when upgrading to 5.34. Try to add destination city and it allows me to type in text, but doesn't show any destinations to choose from. So I can't set a destination and hence can't do a search.",1
2023-06-08 13:42:01,Very pleasant airline and awesome customer service oriented staff! 😀 👍🏿,5
2023-06-07 20:15:37,"The worst App in Playstore. What a POS. The best thing AC could do is Fire the IT team, throw this App in the garbage and start again.",1
2023-06-07 11:11:35,"It was 10:05 and my first time flying and I was 5 minutes late to my flight to Canada then to Greefe, but the air canada lane was closed 25 minutes earlier than the manager said they close at 10:30. They wouldnt reschedule my flight for another day, since they wouldnt give us the proof of purchasing the ticket. The travel agency and the the flight agency were just pointing fingers at each other and giving no answers. I dont ever wanna fly air canada again",1
2023-06-06 16:21:39,Simply does not work. Does not recognize password. Locks me out for too many attempts. I have given up resetting password.,4
2023-06-06 15:41:02,huge improvement,5
2023-06-06 14:40:06,Digital identification doesn't work!!,2
2023-06-06 09:22:22,Great and stable application!,5
2023-06-05 23:44:03,"Since the last update, the app can't find any airports when trying to book flights. Absolutely useless at this point.",1
2023-06-05 21:24:03,"You have Digital Identification (beta) now on the app but it never works, tried it at least 10 times and it fails after the ""selfie"" section every time...seems to be truly beta and buggy",4
2023-06-05 17:25:30,Very good and easy to use app. Would just like to see an option to receive a copy of the flight ticket info I make for others on my email in case I can't log into the app for the trip itinerary as I don't see an option to print a copy from the trip section of the app.,4
2023-06-05 11:04:49,Digital profile feature will not scan passport.,1
2023-06-04 09:20:31,perfect,5
2023-06-04 09:08:59,great app,5
2023-06-04 02:14:48,"Great app. Works seamlessly and is bug free when getting critical trip updates, maps and other information. I would, however, recommend you book tickets on their website to ease any first time users anxiety.",5
2023-06-03 11:41:24,Changed my 1 star 2019 rating to 4. Vastly improved over earlier versions. Many features are supported. Good work AC team!,4
2023-06-03 07:33:26,"Some services are tricky to locate in app. For example, wifi calling doesn't seem to activate all the time.",4
2023-06-03 05:16:45,"Digital ID too flawed, app kicks you out after asking for profile pictures while ""smiling"" to compare with passport picture. Well, when taking passport pictures, your always told Not to smile. Who's kidding who here?",2
2023-06-03 01:45:35,easy to use and keeps me informed,5
2023-06-02 16:35:11,App crash while retrieving boarding passes,3
2023-06-02 14:30:28,Fitting app for this 2nd tier airline lacking customer service. They would easily get 5 stars for nickel and diming customers. Avoid the airline and you'll save space on your phone for more deserving companies.,1
2023-06-02 11:29:18,"I really enjoy flying with Air Canada 🇨🇦 ,they keep me well informed on my travel plans.I will always travel with Air Canada 🇨🇦.",5
2023-06-02 03:41:23,worst service and company,1
2023-06-01 15:26:34,Excellent.,5
2023-06-01 11:57:23,Can't get my aeoplan card put on my Air Canada APP.,2
2023-05-31 19:47:08,"overall it's okay, but the fact that it takes up to 2 months before you get bonus points is frustrating. and then if they don't give them to you, after two months you've probably forgotten about. I'm not going to take so much time out of my life to follow through with points that I am entitled to. they should do a better job of giving you points in a timely manner",2
2023-05-30 21:27:44,It keeps crashing. I want to see only flights operated by Air Canada. This is not a filter option it is on the website. I have spent hours trying to book a flight. It is ridiculous. This is not a new issue. Please just fix it,1
2023-05-30 20:42:32,why do i still get flight notifications after my flight,2
2023-05-30 16:10:52,The flight status page is very buggy on Android. You can search by flight number without an issue but cannot search by route as the keyboard keeps jumping on and off,2
2023-05-30 08:29:00,"The app is literally the best thing that Air Canada has. it always works, has all the information you need, ties with your Aeroplan easily and tracks all your points. I love that saves me having to call AC and connect with the (mostly useless) customer service area.",5
2023-05-30 04:01:43,I was trying to correct my name since 1 year ago. They never respond to any email or request.,1
2023-05-29 17:55:12,Good 👍 Good support,4
2023-05-26 14:33:35,Bad app,1
2023-05-26 14:01:09,Good app it's very fast,4
2023-05-26 12:45:36,iip,4
2023-05-25 18:27:20,"Good app overall for its purpose. However, would be nice to see what the different tiers include when time to chose an option. I always have to look up the policy, making me leave the app.",4
2023-05-24 23:32:50,Horrible. Constantly crashing and unable to book flights. Everything is fine up to the final page where it doesn't load and unable to retrieve your price or points.,1
2023-05-24 03:19:24,excellent App. keep my well informed about my trip. Allows to check-in and use boarding pass. overall I love this App. keeps my trip very well organized.,5
2023-05-24 02:26:50,Excellent,5
2023-05-23 22:56:21,"Unreliable server. Spent 12 hrs on and off trying to book a ticket. Kept spinning and said ""error occurred"". Had to use a different app to get the ticket booked",1
2023-05-23 18:40:11,Work great,5
2023-05-23 18:23:19,Steps are easy to follow to link.,4
2023-05-22 22:20:45,"It stinks. It will not reconize My email, AeroPlan, number, Or password",1
2023-05-21 19:46:52,"It's all scrunched up. Overlaps economy, premium economy and business",1
2023-05-20 15:05:08,Too long too load,2
2023-05-18 08:56:34,"Wont let me sign up, just shows a generic error. Useless.",1
2023-05-17 21:26:24,Can't sign in w aeroplan,1
2023-05-17 20:28:49,Will not update any flights for me what so ever.,1
2023-05-17 02:07:24,Quiet very faster,5
2023-05-16 13:02:24,"Easier to booking a Flight, and pre checking. Less time at counter.",5
2023-05-16 10:38:36,"Hey Air Canada!!!! Westjet is about to go on strike or get locked out, you should probably make sure your app and website work!!!!! HELLO!!!!! Anybody home!!!! It won't finalize my booking, your about to loose over $5000!!!",1
2023-05-16 08:30:26,I have not downloaded it yet but its shows my review at 5 stars,1
2023-05-15 23:41:55,App states update by May 31 (you know about backward compatible api's right) and when I choose not to upgrade every search responds in an error. Poor experience and poor execution.,2
2023-05-15 12:22:22,easy to install and fast,5
2023-05-14 16:16:51,It says update but it wants me to add it to other devices...,3
2023-05-13 16:21:11,"Absolutely garbage app, even after the latest update it's still not working. Nothing loads, never get upcoming flight info. Boarding passes are available after you reach the flight destination. Also the prices of tickets now are ridiculous $500+ over other airlines no matter how far in advance. I can fly business class with the other airline for much cheaper. Getting robbed to fly within Canada 🇨🇦",1
2023-05-13 11:14:37,Always updates me for flight changes in a timely manner. Booking and check-ins done easily. Easy to navigate.,5
2023-05-13 07:46:19,Still a pos app with lots of bugs. Unintuitive and difficult to use. How can this app have 4.5 stars? Does air canada game their own reviews?,1
2023-05-13 06:40:19,Easy to use app.,5
2023-05-13 00:50:15,"I like the way it is structured, but it's giving all kinds of errors way too much. I don't see the option to book with ""instant"" eupgrade, and I have trouble deleting old trips. Edit after a few months. I can't update the app.",4
2023-05-12 17:35:19,"user friendly app, although multi destination route option should be included in this app.",5
2023-05-12 16:57:55,Great app once you learn how to use it,4
2023-05-12 13:07:38,"I'm trying myself to switch to aeroplan as my main points. Thing are getting better, but the app interface needs to be more user friendly when booking multiple people and you want to use priority rewards for some but cash for others. Long way to go but defibetly getting better. I'm a 100k member so very loyal to AC but I hate that it's easier to book family flights with other airlines.",3
2023-05-09 22:47:04,At the moment each time I search for a flight it says there are none available on any date that I choose. This has been an ongoing thing with this app for awhile. It use to work well. If I use a web browser and search same flight on Air Canada I can book a flight. The app doesn't needed to be updated as I checked already. I am using an Android phone that is currently up to date.,1
2023-05-08 22:30:25,good 👍,4
2023-05-08 18:48:43,Great for my wants... .eStore purchasing to increase my points for traveling.,4
2023-05-07 11:59:46,"I dont get why to book cars or vacations or buy points, you are directed to a browser and then bave to login all over again which is an annoying process with the code. Why buikd an app if it cant do most things",3
2023-05-07 07:21:29,i do always have the information handy.,5
2023-05-07 06:02:06,"I have a flight in 2 days, but it is still not showing up on the Flight Status tab, which claims to automatically show flights 3 days before departure. This worked for me last year.",3
2023-05-07 03:44:06,is good,3
2023-05-04 08:44:22,I find is problematic the hour of departure change and after came back at the last time,4
2023-05-03 21:13:25,"Overall good app. Beta, create digital profile, scanning chip did not work. My password is about 30days old so its not old. :)",4
2023-05-02 15:30:48,"really easy app to use. wish there was a way to do stuff (like seat selection) without having to be directed to the website, that's why I gave it 4 stars, but otherwise, solid app",4
2023-05-02 13:43:06,On flight good not used the app in a long time.,4
2023-05-02 09:44:13,"This is one of the nicest airline apps I have used, clean formatting, useful info, easy to enter flight details and it keeps them for the next time you open app. I don't understand the negative reviews, they must be having a bad day or trying to do something super complex. The app is for check in, check status, etc., otherwise I contact the airline or use the web.",5
2023-05-01 01:56:11,"Just downloaded and still browsing around. I noticed that I can link it with my Starbucks account but it doesn't seem to work (I did it several times, and triple checked that my info was correct). I looked online and found that other people have had the same issue.",3
2023-04-30 12:42:59,They are sneaky. When booking international flight on basic economy the app only tells you it's not refundable. Only after you have booked you find out that there is a checked bag fee of $75 each way! AC is more expensive than other airlines with this fee but air Canada works hard to hide it.,1
2023-04-29 17:05:11,Information all in one place,5
2023-04-28 18:26:59,"2 hrs round & round. Get to the end 2hrs partial load, would not complete. Could be phone 3yr old android os",1
2023-04-27 07:05:54,I'm able to check/change important information easily.,5
2023-04-26 21:20:14,Unclear of how to collect points,3
2023-04-22 15:04:39,"What's the point of having an Aeroplan account to earn points when it doesn't allow you to book a flight on the date that you want. But without the aeroplan points, on the same date, there are thousands of flights available...!!💰",1
2023-04-22 03:41:11,"The digital identity does not work. The app opens, you select the create digital identity, and the app then dies.",1
2023-04-21 17:53:17,Good 1,5
2023-04-19 11:29:59,good app,4
2023-04-19 10:49:30,"Garbage, thanks for wasting my time AC",1
2023-04-19 06:20:52,the boarding pass quick access is extremely good.,4
2023-04-18 22:47:41,Very visually appealing and easy to use.,5
2023-04-18 16:08:15,Home mapped datasAdded™®©,5
2023-04-17 06:41:21,"App constantly logs itself out and then requires second authentication process to relog back in. Almost impossible to use if one has zero access to internet data or wifi, even for something as simple as holding boarding passes.",2
2023-04-16 21:17:30,Air canada good apply to book freight .,5
2023-04-16 12:25:47,works fairly well.,5
2023-04-16 10:36:52,Works great and especially the boarding pass,5
2023-04-16 08:51:56,The new digital id feature does not want to scan my passport. I gave up after 10min. Otherwise good app.,3
2023-04-16 00:02:31,Air Canada has really stepped up their game.,5
2023-04-16 00:01:08,Extraordinary service,5
2023-04-15 11:33:52,"Booking flights is easy, check-in is simple, Aeroplan is well integrated",5
2023-04-15 01:16:09,App is Not working to book tickets,1
2023-04-14 17:23:23,App keeps glitching,2
2023-04-14 07:56:30,"really good app. every so often you'll find stuff that you need the website for, but for most things you'll need during travel it really comes in handy.",4
2023-04-10 23:54:43,Easy to view flights and book while using points.,5
2023-04-07 11:23:56,many times I miss my reward points,2
2023-04-04 16:03:05,So many keyboard glitches throughout this app but ESPECIALLY on the fight tracker page.,1
2023-04-04 14:57:06,Garbage airline with a trash app.,1
2023-04-02 20:49:05,They double prices once they know where your location,1
2023-04-02 17:15:06,"so much negativity out there , however to date this trip working well. AC there when needed",5
2023-04-02 09:40:11,Good,5
2023-04-01 20:50:13,"Great app, easy to navigate!",5
2023-04-01 19:07:43,"Classic bad UX that signs you out on an update. For the amount of money this company has been given by Canadian Taxpayers, this app should be world class. Very disappointing.",2
2023-04-01 13:14:30,Prices go up and down like a yoyo.,3
2023-03-30 16:30:47,"Will not let me sign in with Android running Chrome on the app .Spinning wheel forever. Deleted and reloaded. Cleared all cookies. Does not work. Don't bother. Junk. If you really want this on Android, you can choose ""desktop version"" from the app. Three dots top right hand. Foreign authors of this substandard app hired by AC are only concerned with iphone. I filed numerous tickets. I guess they don't care. Obvious. No problem. My American Airlines and United Airlines apps work perfectly.",1
2023-03-30 07:20:29,This app is hilariously awful. Have to use a browser outside of the app to do anything. Seems to be no improvement over the previous Aeroplan app. Good work!,1
2023-03-29 16:09:23,"Useless. Checked in through an email from AC, clicked 'view through app' then opened the app... no boarding passes??, no upcoming flights for me?? Tried again an hour later, still nothing for me on the app. Luckily I took a screenshot of my boarding pass because the app is the worst.",1
2023-03-26 20:36:18,You need to add multicities flights booking,3
2023-03-26 09:54:49,Need to be able to book multi city from app,3
2023-03-25 17:29:32,Non functional,1
2023-03-23 09:15:04,surprisingly good app,5
2023-03-23 05:00:13,great app,5
2023-03-23 01:10:55,"Would have been a great app for flight and points tracking but I keep bumping into several bugs in the app's latest version. The keyboard falters at different screens including flight status and while linking my Aeroplan account to Uber. From the Uber side, the website then gives an error even if somehow I'm able to log into Aeroplan and hence fails the account linking every single time I've tried (been over a month). I have lost many points because of this.",2
2023-03-22 11:57:34,Good,5
2023-03-22 10:42:13,way better then before with booking the seats. I do like this app. It would be great if we could directly book our seats through Air Canada when we book our flight with associated airlines like United Airlines instead of having to call for our seats. It would be so much easier and done right awway when booking the trip. Less stress and hassle! Keep up the good work on improvements!!,5
2023-03-21 13:36:06,"Air Canada canceled my flight 10 before it left. When I contacted them to resolve it, they said I could reschedule or cancel the flight, but regardless of what I did they said ""we simply must charge you $900 more. Whatever you choose to do, we are getting that money."" Now I am broke af. Contacting a lawyer when I get back from vacation.",1
2023-03-19 18:09:28,easy to use and informative,5
2023-03-19 18:05:14,"Bug in flight status, keyboard going crazy",1
2023-03-18 12:04:23,"Inaccurate departure time. It has changed, but the app still shows the old departure time it is off by an hour.",1
2023-03-17 09:41:43,"Using an Android Motorola phone unable to sign in. Re started phone, reinstalled the app no joy. Help!",1
2023-03-17 08:42:11,"I love the Air Canada app! it's very easy to use and super handy. I use it for everything from buying tickets to checking my flights, checking my aeroplan balance and so much more.",5
2023-03-17 05:34:14,Easiest way to keep track of upcoming flights.,5
2023-03-16 07:57:35,Once logged in cannot access aeroplan info. Also attempting to link family member on web app fails as it states that invite has expired. Invite appears expire as soon as sent. No 40 day period,1
2023-03-16 07:19:24,"Doesn't work. Go to the Aeroplan tab ""An error occurred that we didn't expect. User Profile. We're not able to retrieve your latest data."" Trying to use this app to set up Family Sharing because it doesn't work through the web browser! (Sent invite, link immediately says it's expired. Cancelled invite, tried to invite again 'this user has already been invited.') Gah.",1
2023-03-15 16:49:33,Doesn't auto brighten the screen for scanning reliably You get delay notifications after the delay has already happened,1
2023-03-15 06:30:55,Good,5
2023-03-14 10:34:57,"This app is horrendous! What are the programmed loading times for? Even on Air Canada's website - why am I waiting to simply log in? What is the searching/loading for? Either the servers are running in a dude's basement, or they programmed loading times to make it seem like serious backend is happening. Why do I need to constantly sign in to Aeroplan? Once should be enough. Trips, Boarding Pass, and other features are errored and the app fails.",1
2023-03-12 20:46:46,We hear a lot of negative things about the airlines...But wanted to give a big shout iut to all those people I talked to I getting my brother home. two wonderful ladies were authentic best of their jobs.. 4CZKPZ,4
2023-03-12 11:18:28,One of the better airlines app. Very convenient.,5
2023-03-11 16:27:23,"So taking my daughter to Korea via Air Canada for spring break. As we arrived at Toronto for our connection, the flight attendant told everyone needed to grab their checked luggage at baggage cause of border patrol. As we waited for ours that never came I asked 3 ppl for info and they all said I had to wait. It wasn't till the 4th person at information that told me my luggage was en route to seoul and I didn't need to go to baggage claim and making me miss my flight",1
2023-03-11 12:37:22,"I don't have idea this app or customer service, they not helpful' I want ask for to get refund my ticket or to rebook again, the same price ticket.!",2
2023-03-09 19:39:55,"Will not recognize travel agent bookings. Typically says ""something went wrong"" and / or ""unable to retrieve booking"". Wasted so much time with this. Very frustrating. Booking information is available on AC website. Been trying for months to get app to recognize bookings. Called, emailed... Just crickets from AC so far",2
2023-03-07 12:46:05,"Crashes constantly. Confusing errors. On occasion, the load screen after a booking cycles endlessly.",1
2023-03-07 08:52:27,easy to use,5
2023-03-06 18:50:21,great for all in-app stuff. hate all the features that send you to the to website,4
2023-03-06 15:45:55,Better than ever now,5
2023-03-05 22:25:49,"Overall an ok app, though I find it useful only to check Aeroplan points balance, boarding pass and sometimes flight status. It'd be nice if more features mimicking the website functionality are added. When will be multi-city booking be available?",3
2023-03-05 10:54:31,Cancelled my flight and it's been 24 hours since they informed me without rebooking me. Website and app have no updates on flight status and you can't manage the booking at all. Absolutely atrocious service to paying customers.,1
2023-03-04 16:05:47,Unable to sign in. Just kept twirling round and round!,1
2023-03-04 11:57:43,"Of all the apps I use, this is probably the WORST. Info is contradictory from 1 page to another. Yes, this app (as is the airline itself) is generally useless.",1
2023-03-03 16:54:27,"Very limited functionality in the app. Simply redirects you to the browser for everything, even sign in. The app is just for appearances. Might as well login directly in the browser and use it instead of installing this app.",1
2023-03-03 15:06:27,App never sends alerts about delays,1
2023-03-02 04:32:34,"What a chaotic mess! Awfull app! Almost impossible to navigate among all the ""points offers/ credit card offers"". No useful information!",1
2023-02-27 10:45:20,Best For Indians 🇨🇦❤️🇮🇳 Love Canada From India,5
2023-02-27 09:38:25,excellant,5
2023-02-27 05:09:59,No Multiple destinations options,3
2023-02-26 20:02:54,the most useless app and the most useless airline the app have too much adds and the airline have lost my baggage since the 10 of december till no the 27 of february almost 3months,1
2023-02-24 23:32:03,Great app...user friendly 👍,5
2023-02-24 17:01:37,"The app for the worst airline on earth. Total Disregard for passenger, loosing their luggage and canceling flight but not paying back. No customer service to answer and you can't do anything through the app or website... what a disgrace! Avoid Air Canada I'll pay double but fly with another airline. I don't have to pay more cause they're already more expensive and worst service possible",1
2023-02-24 12:04:48,it's great,5
2023-02-22 19:47:54,"One thing I don't like about this app is how misleading it is about the cost of using points. If you try to book a business class ticket, it routinely offers business class in mixed cabin, when *all* the legs are in economy. It's *completely* 100 percent misleading. The competition bureau should be on to Air Canada for it.",3
2023-02-22 18:21:54,works great,5
2023-02-22 14:51:08,Not working,1
2023-02-21 16:49:59,Cannot log in through chrome-beta.,1
2023-02-21 15:55:43,Generally useless app. Came to airport security and several minutes searched where the app hides the boarding pass. Oh it's that small arrow in the bottom of big screen with useless information. Ended up showing it from my email before finding that arrow. This should be the first dashboard screen thing. Boarding notification got via email and sms but not via app. So you can have it but it helps with nothing until UI and sync with crucial data are redesigned improved and WELL TESTED.,2
2023-02-21 01:44:39,No useable,1
2023-02-20 22:20:26,I just can't believe that is not possible to book multicity trips :O :(,2
2023-02-20 15:16:00,The app keeps telling me I need to be on the American version. But I can't find the information that tells me how to do that.,3
2023-02-17 17:23:04,"Horrible app, horrible interface, horrible design, does not understand what's important and what's not, no integrated logic. NEED TO REPLACE THE I.T. PEOPLE, HIRE NEW I.T. HEAD. This is not a new company, it's been in existence for many many years, and still like that! AMAZING!",1
2023-02-17 11:10:20,"a great app to book flights and track your progress to that end as well as upgrades, aeroplan etc",5
2023-02-15 19:18:51,Much improved but still with glitches,4
2023-02-14 23:00:33,"Unable to put promo code on app. Searched flights at the same time by computer and app shows different prices, discrepancy, terrible.",1
2023-02-13 20:09:53,Love the Air Canada app,5
2023-02-13 04:06:54,"Not able to sign up , any one facing this issue? No updates is this regard on website. Every time it's saying same error. We're sorry, something went wrong please try again later. God knows what's happening",1
2023-02-12 19:05:23,Worst app I have ever used. It is simply impossible to sign up either using the application or using the web version. I want to buy tickets and just can't do it because of the terrible service.,1
2023-02-12 16:13:55,"This is frustrating. I'm trying to sign up for an account, but It keeps saying that something went wrong. I tried Chrome, Edge and Safari browsers and it's the same. I will try again tomorrow snd if it doesn't work I'll just book with another airline.",1
2023-02-11 13:54:19,"The worst air line ever. They did not allow me to come to the flight checking .they have no free call toll number in mexico, they suggest me to book again and would not allow to check in again. I did not saw the low score of this air line app on Google. But now I understand why its so low. Air canada is the worst air company that I ever meet",1
2023-02-09 22:18:21,This App I cannot access for my points... So annoying... Please fix it... Dah...,1
2023-02-09 20:00:58,Broken App,1
2023-02-08 16:07:09,Just did the update and unable to enter text on flight search. The keyboard constantly flashes on and off. Clearly not my phone as i am able to submit this feedback. S20FE 5G. Currently unuseable.,1
2023-02-06 08:54:36,love the features and the airline,5
2023-02-05 18:41:54,love it!,5
2023-02-05 15:15:40,The last 3 flights I have booked through the app have been no problems including check-in,4
2023-02-05 12:10:44,"This terrible app! I can't even log in or register if I tried to!! I emailed customer service no answer yet! I emailed them the day I booked online then 3 times more since January 23,2023! My flight is coming up but still not able to log in or register for that matter! Terrible customer service!!",1
2023-02-05 08:42:16,"Whatever search I do, it says no flights are found,yet,the website works fine.",1
2023-02-03 09:26:58,The app is very helpful but it would have what been great to learn what steps to follow when you arrive at the airport. We felt a little lost and had to ask for help to navigate. A video or other FAQ 's could have helped that. (maybe it's there but I didn't see it easily),4
2023-02-03 08:59:49,"Pros: nice designs Cons: 1. Why I cannot check my baggage allowance via app? No information about baggage at all! 2. Information about baggage is unclear on the your web site, especially restrictions about check in baggage and how many I am allowed to bring. 3. Go to the My bookeings page --> Baggage allowance --> My profile 404 error page is shown after clicking on My profile button I wanted to come back to the My profile page after clarifying baggage data, but I couldn't, because of error",2
2023-02-02 13:10:19,"Glitches all the time, it's really annoying",1
2023-02-01 18:56:38,IN GOD WE TRUST,5
2023-01-31 11:13:26,frustrating,1
2023-01-30 22:45:13,App keeps crashing,1
2023-01-30 17:43:04,"I tried so many times to book my flight through this app but it never worked. Each time, no matter the date or destination I chose, it said that there were no flights found. Totally useless app.",1
2023-01-30 16:11:30,Works well for my needs. All information close at hand.,5
2023-01-30 05:17:33,App used to work fibe. Now anytime try and pull up details of reservation (by clicking the date box in reservation) app crashes. Android system reports that app has a bug in coding and that developer must fix.,1
2023-01-30 03:34:22,"Signs you out if you aren't on a connection for a while. To add insult to injury, I need to use email to confirm the code for login... But, every time I switch to go get the code the app resets and I need a new code. Almost stranded me if I didn't have United's app too. Thinking it's still better to get the paper tickets * Sigh* horrible programming.",1
2023-01-29 19:51:59,The issue I had was fixed! :D The app's been pretty good so far. It definitely feels more polished than apps from other big airlines. Edit: You can't manage flights without being taken to their website in the app to do it though which is a bit disappointing.,3
2023-01-28 14:58:16,"Will just crash on ( Google Pixel 3 XL, Android V10.0 ). Re-install did not help.",1
2023-01-28 14:08:32,Keep me updates and reminder of my next trip,4
2023-01-27 15:08:53,App doesn't work properly. I was charged twice for an upgrade and I never recieved the upgrade to business class. Called in and the phone operators were just as useless,1
2023-01-27 08:29:16,Aeroplan is a complete scam. Air Canada offers no user friendly service and no real explanation about how their points work. I now hate air Canada for wasting my time and trying to scam all my money.,1
2023-01-26 05:36:44,Keeps crushing,1
2023-01-25 18:45:58,"Man, I don't really write on comment section but this App is so horrible, can't check in, can't add boarding pass and it's freaking useless.. seriously whoever is your tech guys, fire them!",1
2023-01-24 16:32:16,Buggy as hell. Started glitching when I opened the keyboard. Immediate uninstall.,1
2023-01-23 08:30:39,"Worst airline, worst service, never book with them!",1
2023-01-22 18:25:14,Won't allow me to upload my booked trips to my profile (unexpected error) nor does it let me book any trips via the app. I can only use this app to collect points at the lcbo and uber... I can't use it for anything flight related.,1
2023-01-21 20:18:23,"Such a useless app, should be zero star. Reinstalled several times, still cannot add itineray or check in.",1
2023-01-20 09:15:25,I love the trip count down 😁,5
2023-01-16 15:18:04,"Can't sign in to Aeroplan. Been trying different things since April. Just keeps loading forever and never lets me in. Been kicked off the phone multiple times due to ""higher than normal call volume"" and spent over 2 hours on hold last week and was told to call back about it since the agent didn't know how to help (she was nice though). Can't email about it and Air Canada does not answer messages on Messenger. Will try calling again today...",1
2023-01-16 13:21:48,"Normally great, but for the past week a bug exists where I can't access my upcoming travel with the app or online. Would love for this to be fixed before I try checking in...",2
2023-01-16 08:56:35,"After a recent update, app consistently crashes when trying to view upcoming trips or flight status on my Samsung Galaxy S22. Tried uninstalling and reinstalling, but that did nothing. Was a decent app when it worked, I liked the ability to track the incoming plane.",1
2023-01-14 11:21:12,"works as expected, easy to navigate and has all the details you need. I'm actually kind of surprised at how well it works.",5
2023-01-14 10:45:37,"App is unusable, after logging in app crashes every time I click on my flight. Uninstall/reinstall does nothing",1
2023-01-13 01:04:39,Easy to use,5
2023-01-12 16:49:33,cant even sign in,1
2023-01-12 12:37:53,it's a good app,5
2023-01-11 15:50:14,lame,2
2023-01-11 10:46:22,Excellent app that informs you about scheduling and flight status,5
2023-01-11 09:20:26,Worst airline app. Never works properly and has the most confusing check in menu. You technically can not check in in this app,1
2023-01-10 19:32:18,difficult to use. Not friendly,1
2023-01-10 15:45:48,Great on my trips,5
2023-01-10 09:25:10,I have been trying numerous times to update the aeroplan app. No luck,1
2023-01-10 02:52:58,Good food. Purchased bigger seats so worth the money.😃,5
2023-01-10 01:04:22,"Why is there an undismissable starbucks ad on the homepage? Boarding passes aren't arranged chronologically, so for my first flight I kept having to renavigate back to the same boarding pass, because it also doesn't remember which pass you looked at last (and it's easy to accidentally swipe out off the boarding pass section). If you're not connected to airport wifi (which can be unreliable as you move through the building), it gives a very unhelpful, ""some happened"" error message.",1
2023-01-07 10:02:56,It doesn't have Deuce Bigalow 2 for movies and my flight was cancelled for Miami,1
2023-01-05 02:56:04,a great handy app if you fly regularly with Air Canada,5
2023-01-04 20:55:15,"Difficult to sign in. It sends a code to your email, then resets the page when you come back to put the code in. I can't use this app. Is there a way to track my flight online? I'm deleting this!!!! 😕😠",1
2023-01-04 20:24:47,Why there's no 'multi city' option like on web version of air canada?,1
2023-01-03 21:52:25,Good,5
2023-01-01 19:38:37,"good app, does what it's supposed to do",5
2022-12-30 09:02:45,Great app. I use it continuously while traveling,5
2022-12-29 19:01:45,Very good job,5
2022-12-29 14:15:23,Glitches all the time,1
2022-12-29 11:54:16,"It wasn't possible to check in on the app because a scanned photo of my passport was missing. I missed the option to take a picture of my passport like in other flight apps. The status of my flight wasn't updated automatically and I had to do explicit search for my flight to get the status. In summary, I had no use of this app.",1
2022-12-28 11:05:52,It's an easy to use app with all relevant information access readily available.,5
2022-12-28 02:38:12,Its keeps bugging when you search a flight status through the flight route. You can't enter the departure airport.,1
2022-12-27 21:33:24,"Unable to check in for flight on app, but can check in on website. Constantly logs me out or makes me change my password. It's a better use of your time to wait for two hours on hold than to use this app for anything meaningful related to your flight.",1
2022-12-25 14:57:54,Can't even log into the app!,1
2022-12-24 18:31:51,App is useless for anything other than boarding passes. Supposedly ha a self service portal for flight disruptions that is available on the app and website which doesn't work at all. Stay away from app and airline if you can.,1
2022-12-24 10:06:32,"Lousy air line never on time ,no service on fly ,without snacks,only,and they say best payments an all very expensive fares,do not give back cancelations money ,",1
2022-12-23 23:08:14,didn't vither telling me i would not ve able to make connecting flight until after it was too late,1
2022-12-23 15:34:00,awesome app without bugs on fold 3,5
2022-12-23 08:46:38,Cant even enter my route for my flight status!,1
2022-12-22 15:02:48,Every time I use app it says new version for download?,2
2022-12-21 10:08:42,I can find my update about my flight schedule,4
2022-12-20 23:02:08,The search engine is really slow...or nothing appears and just spins,1
2022-12-20 20:30:19,Would not download new version tryed like 10 times in 2 weeks Lost soo many points as would not bring up the app at lcbo.kept saying down load new version as the other one was doing fine,1
2022-12-20 12:55:20,I love it.,5
2022-12-20 07:18:38,Booking impossible 3,2
2022-12-19 18:24:42,I have reached Canada on 15 dec and still today I haven't received my bags. Very poor service is given by air Canada. My recommendation is to avoid to fly in air Canada.,1
2022-12-19 10:23:02,Can't even log in. The app gets stuck in a loop upon sign in. Totally useless. Deserves zero star and the developers should be fired.,1
2022-12-18 01:04:17,Was required to load the latest update and the app is not working properly when I tried to enter info to check arrivals and departures....Keyboard opens and closes repeatedly with no time to enter info....this is on a fairly new Samsung phone,1
2022-12-17 15:58:58,"Horrible customer service, horrible travel experience, all planes were delayed on my way from edmonton to halifax. They seem to never be able to be on time.",1
2022-12-14 08:21:34,"I'd like to see checked bag and allowances displayed on the app, please.",4
2022-12-13 12:18:21,Love using #Aeroplan to book flights!,4
2022-12-11 14:36:56,I've been trying for days to enter my user profile. It tells me over and over there's an error.,1
2022-12-10 04:48:35,I'm not sure what to say here cuz I'm still waiting to log into the air Canada app...2 hours later. Good work guys!,1
2022-12-09 07:42:38,app is easy to use and has all the info I need,5
2022-12-08 23:55:07,Constantly crashes and interface is terrible. I was booking my round trip and constantly says to try again. Such a fragile app and ita hard to navigate when you want to change the flights. Terrible.,1
2022-12-08 13:13:29,"Simple process and easy to use app. Check flight status, make changes, check in, upgrade etc.",5
2022-12-08 01:53:32,"Does the app have an issues calculating the earned points? I keep getting less earned points than calculated. Where do those missing points go? I have addressed this with merchants and they suggested I send my inquiry to Air Canada Aeroplan Customer Service Department, however no responses after many follow up attempts. The app for the most part is user-friendly and simple to navigate. Chrissy",4
2022-12-07 18:34:27,will not bring up my flight info,1
2022-12-07 07:27:13,Has terrible keyboard issues on the flight status page,1
2022-12-06 12:44:05,Always asking for update,1
2022-12-05 13:24:39,Terrible. Repeatedly will not load my account. Very frustrating.,2
2022-12-05 10:08:55,won't let use most of the functions.,3
2022-12-04 12:45:42,Very good app...,5
2022-12-04 12:01:11,The last update few days ago made the app a lot worse. The app is slow and doesn't have all of the information available online.,1
2022-12-04 08:19:34,Very user friendly,4
2022-12-04 07:56:09,"Continual issues even after update. Booking function and trip function will not work. The message ""unexpected error"" is continuous.",1
2022-12-03 20:19:02,"The app redirects you to the online website, but unable to login after multiple tries.",1
2022-12-03 18:32:03,Really tough to check in - why does it show me other people's info and not mine,1
2022-12-03 10:04:00,Extremely buggy,2
2022-12-02 23:19:16,Good,5
2022-12-02 20:00:32,"Just installed your update. Get ""Oops! Sorry the page you're looking for was not found. Try again later""",1
2022-12-02 18:36:34,"Great app after some bugs fixed. Can book flights easily, can see booked flights, overall working great!",4
2022-12-02 10:18:32,Can't sign in.,1
2022-12-02 09:36:58,"Boarding pass does not show upon app, get an error when i try and add. No access to a printer. Thanks Air Canada.",1
2022-12-02 08:01:22,App needed an update this morning. App repeatdly flashed an update message every time I tried to use it for my flight this morning. Very poor user experience.,1
2022-12-02 02:43:40,Is accurate and easy to use,5
2022-12-01 21:36:55,The latest update doesn't work. Doesn't allow me sign in. Previous version was OK,1
2022-12-01 20:27:01,The app has a lot if glitches everywhere and the app stability has gotten severille worse than the last time you guys updated. I'm basically just proposing to fix the app,1
2022-12-01 14:36:56,No longer have barcode I must now use physical card,1
2022-11-30 07:34:14,Terrible app. Doesn't update gate information when it changes.,1
2022-11-27 22:31:02,"I keep getting delay notifications for a flight I'm not on. I was on the previous days flight and now it's constantly updating me for today's flight with the same number. Last month I had constant notifications that my flight was canceled and that I was rebooked for a different flight when it wasn't actually the case, I think they changed the plane and that triggered an error in their system of the repeated canceling and rebooking. Last flight I checked into the app boarding pass was invalid.",2
2022-11-27 06:49:07,"Hi, I Have a Motorola G Power 2022 and I am never able to log into my account. Every time I enter my Aeroplan number and password, it just loads without entering the profile. Can I ask to have that verified?",1
2022-11-26 12:43:13,Waste app,1
2022-11-25 15:56:19,free beer from lcbo,5
2022-11-25 05:14:23,I'm spending money net and getting money who doesn't love that,5
2022-11-24 14:11:12,best app for flying,5
2022-11-22 04:40:48,I am happy Canada,5
2022-11-21 14:34:59,Login experience is frustrating. Screen reloads and blows data away if you navigate away like to get the verification number they require for password reset login. Load time would be tolerable if it was only once but on constant reset no go. Needs work,1
2022-11-20 21:11:20,"Seriously not worth the headache of signing up and linking accounts. Linking Uber account is a nightmare fails everytime and gives, ""Something went wrong try again"", but doesn't tell you what's going on. Points must take 24 hours or something to show which is concerning for tracking if you even got them in the first place and a breakdown of the purchase... if I could give a 0 I would. Tons to be desired for such a notable company.",1
2022-11-20 03:14:15,Great flight! Fast internet!,5
2022-11-18 18:56:23,"The WORST rewards program. points cannot be awarded if the web browser’s cookies are disabled or if items were in the cart before opening the estore link. THANK YOU, BYE!!!",1
2022-11-18 00:34:18,"Doesn't work at the best of times, I can't add reservations to the app. Everything gives me an unexpected error. Even 1 star is too generous. This is why I prefer WestJet and plan on using their services exclusively",1
2022-11-16 08:05:27,Horrible app. You can't even collect or redeem points using this app. You have to carry your physical card to collect points. This app is essentially useless. 0/5 and customer support put me on hold for an hour at 7 AM. Is one person taking calls for the entire country or something?,1
2022-11-16 07:09:19,Will not open. Useless.,1
2022-11-16 06:23:17,Great app. the only issue is log in to AC app is often difficult but once you are in it is good.,4
2022-11-16 03:45:37,Quite a nuisance. Request you to be at the airport FOUR hours earlier before an international flight. Then you stand in line for an hour as staff arrives only THREE hours at check-in counter. Seems coordination locking.,1
2022-11-15 10:29:16,Most of the time it works pretty good.,4
2022-11-13 17:26:04,Useless app,1
2022-11-13 11:09:21,works the way it should.,5
2022-11-12 14:57:16,Something wrong been trying to log in on the areoplan for a month and a half still no luck even after a Uninstaller reinstall!,1
2022-11-11 19:44:43,Still NO GOOD. 11/11/22. App is negligible in quality since pre 2019 update. Used to show gate and relevant info but not anymore. Please consider a valuable update that's beneficial,2
2022-11-09 13:59:17,nice cool,5
2022-11-09 13:30:09,I cannot log into the app. Whenever I try to do so all I get is a continuous circular login icon. I can log in to the website using Chrome just fine.,1
2022-11-08 19:19:45,Its a bit buggy and took a while to set up but it works most of the time.,2
2022-11-08 11:41:43,very high quality 👌,5
2022-11-06 20:11:12,"Easily the worst Airline app I've ever encountered. Extremely slow, crashes all the time, doesn't update, cant search for cash vs points easily on the same screen, can't use the eStore to make purchases as you don't get any points when going to Amazon, everything is overly expensive for no reason. If Westjet had built in TVs or if Transat flew more domestic, both would easily surpass Air Canada. I would gladly give up Aeroplan status for a functional app from an affordable airline. Pathetic.",1
2022-11-06 16:54:01,Awesome job,5
2022-11-05 17:54:29,"I have been using Areoplan for some time and the service of the website and app is a 0/5. When booking I was double booked, have not been able to get ahold of anyone and am forced to pay to cancel a second flight that was processed twice by the app. I understand it is busy times but at least add the additional option to dispute a transaction, especially due to the fault of an app or website error.",1
2022-11-03 12:26:58,good,5
2022-11-02 21:53:24,"Very lame and confusing app,it is not friendly you get headache to work with this app,you don't know what exactly is the purpose of it,as a traveller I need something straight forward and easy and fast to work with this is not that at all",1
2022-11-02 15:18:23,Verification code not working so app is useless for me.,1
2022-11-01 19:58:30,Won't load after I sign in. Just spins the plane,1
2022-10-31 17:03:05,"The app is not letting me login to the account. When i click on the aeroplan tab, it keeps going in circles and then eventually gives server not found. Pathetic.",1
2022-10-31 16:11:48,"Slow, unresponsive, poorly thought out",1
2022-10-30 06:28:00,"The app itself is mediocre, but it constantly unloggs my account ""for security"" as soon as I lose wifi, for example on a plane, or moving between wifi locations. On a plane is when having access to my flight and connections info would be most useful!",1
2022-10-29 20:23:00,"Why do I try, this app is a piece of junk",1
2022-10-28 23:23:19,"I cannot book through your garbage app. It asks me to enter payment details, but when I do, it says the app already has my information. Then asks me to replace or cancel. Either way the app freezes. I can go back but it still requires me to I put payment. So in other words it is impossible to book through your app. Congratulations",1
2022-10-28 23:06:31,Points for just about everywhere that takes the plan,5
2022-10-28 12:10:44,"it works just like website, can use website instead",4
2022-10-27 20:17:20,"While on the plane for the first leg of my journey, the app decided my session had expired and I needed to log in again. But my boarding passes were lost as they weren't properly stored locally. So I was unable to pass through security and get to my connecting flight. The boarding passes need to be safely stored locally on the device and not randomly deleted while they are in use!!",1
2022-10-27 20:06:54,22.09.20: The app automatically logged me out of my account and I cannot sign back in. I tried to reset my password (successfully) but I'm still unable to access my account EDIT 22.10.27: (replying to the dev comment) it still does not work,1
2022-10-27 18:00:53,Not just the app even the website gets stuck reloads on its own all the data just vanishes and i have to start from the beginning trying to book a flight for 3 days now its so frustrating long wait times over the phone much increased fares than what i am seeing on the app or website i am so frustrated and disappointed by the sercice the app the website everything is so unprofessional.,1
2022-10-27 13:28:58,I have rarely had a good experience with Air Canada. This app is no exception. On 5 flights bow it has been unable to log me in or doesn't recognize my booking number. When I use the website it works without issue. This app is terrible and even after reinstall still does not function properly. Take a look at Westjets app and maybe use it as a model for what it should be.,1
2022-10-27 11:28:58,This app assumes everything has to do with a flight. Whereas I'm trying to get my aeroplan points updater for a local hotel stay !!! Customer service is unavailable as it's all automated to AIR CANADA asking me about my flight itinerary options to speak to an agents for over 2mths now is just long telephone wait that disconnects after 4hrs !!! Thanks for wasting my time,1
2022-10-27 11:28:12,Sign in with one of the supported browsers??? Why cant you just use the default browser or the webview? I don't use any of the browser options given. These are not the only popular and secure browsers available to just give 3 options. Really bad UX choice.,1
2022-10-27 00:42:43,The new update doesn't recognize any bookings it will always say error this flight doesn't exist,1
2022-10-25 23:31:14,"The mobile app is completly useless! Slow processing to the next page, seat selection doesn't work, keep getting booking and payment error! Credit payment gets processed, but then nothing shows up on seat booking! Now I am on a call for 1 hour to get a hold of an agent. Air Canada! You need to step up and update your mobile application quality!",1
2022-10-22 18:03:24,good,5
2022-10-20 15:03:54,Great service,5
2022-10-19 16:15:58,Most unhelpful with refund policy!!,1
2022-10-19 04:13:53,"Aeroplan is the worst customer service I have ever encountered. The app and website for managing tickets doesn't work. In the AirCanada service by phone the ticket price is 15 X (1500%) more expensive than the website price. I've been trying to rebook my tickets for days (hours on hold for a phone call). Using Aeroplan I paid more for it and had a much lower service. If I had opted for Cash Bach on my credit card, I would have bought tickets (AirCanada) for a much lower price (I have numbers)",1
2022-10-17 15:49:58,"All it's good for is harvesting your personal information to share with their ""partners"" ...and keeping track of your Air Canada loyalty points. There's nothing useful for actually flying, like checking in, gate info, flight times, etc. Otherwise, you're better off just using the AC website.",1
2022-10-17 14:02:04,"it's alright, had to google what the abbriviations were",3
2022-10-17 11:47:48,Awful,1
2022-10-16 20:25:34,How do I get a card?? Is there a app i can use cuz I signed up in the spring time and I haven't gotten a card in the mail or anything,1
2022-10-16 15:56:50,Does not update Boarding Pass in real time.,1
2022-10-16 09:08:11,The Air Canada App keeps you up to date on any changes to your travel plans.,4
2022-10-15 23:08:52,"In general it works well. It allows you to purchase tickets, view your bookings, check-in and print boarding passes, as well as request upgrades and make certain changes.",5
2022-10-15 16:37:45,"Cannot get to Aeroplan. I can open the Air Canada portion of the app, but not the Aeroplan.",1
2022-10-15 15:40:13,"Is not very user friendly. Hard to find certain features from main page, such as upcoming trips. (And currently won't accept inputing one.) Also, does not appear to have a FAQ / help section; must contact AC every time for help.",3
2022-10-14 19:47:22,great app,5
2022-10-14 15:10:26,Doesn't accept an email account,1
2022-10-14 14:27:36,"I fly twice per month. Every time I try to check in your app says ""something went wrong"". For the past 6 months. I'm unable to pick my seat or apply my checked luggage. For a company this large that has taken Canadian tax payer dollars over and over, it is completely unacceptable that your app does not function properly. Absolutely disgusting.",1
2022-10-14 11:25:13,"App logs me out every time...why I have to login everytime I close the app and come back after couple of days , and that I have to put some 2 factor authentication when I try to log , I understand it's for security but why everytime on same device",1
2022-10-13 16:42:22,"Installed the app and have been unable to sign in. I enter my account number and password and the app keeps cycling but never loads. On Oct 12, 2022 I donloaded and reinstalled the app from the Google Play App Store - the version available was 5.27.2 - Sep 21, 2022 as before. The results are the same - I can enter my flight booking number, but cannot sign in to the Aeroplan information",2
2022-10-12 23:56:29,Does not work,1
2022-10-12 23:25:42,"While I can login in my computer, but this app does not let me login using the same email address/Aeroplan number and password. UPDATE: As of mid October it's working. Air Canada contacted me and confirmed that the issue was fixed on Oct 5.",4
2022-10-12 20:17:05,It works great with all the information you need in an easily accessible and discoverable way,5
2022-10-11 14:01:57,"Using the app is a comple nightmare. Somehow, my login credentials are not recognized on the mobile app as well as the chrome browser on my phone. I have to use my laptop to login. I was able to login using the app at some point, but now, I can no longer login with the app. I thought it was a password issue, so I reset my password twice. Despite putting the right credentials on the app and mobile chrome browser, I get an error saying ""There are errors in your form, please try again"".(Fixed now)",5
2022-10-11 01:35:00,excellent service,5
2022-10-11 01:15:00,"Easy, makes travel simple and hassle free",5
2022-10-11 01:01:35,Couldn't pull up my lounge passes and prevented me from entering the lounge.,1
2022-10-10 20:35:20,"Hello, I have been using the app for years just fine and suddenly it's not letting me sign in. It has been about 4 days or so. The error says ""Looks like we are not working at 100% now, but you can continue as a guest or try again {SYS001}"". Would you be able to help me with this issue please?",4
2022-10-10 08:50:15,There is nothing good about this app to mention other than wasting your time on it you can't logged in for more than 1 minutes and logged you out can't even use it it takes you to browser to navigate. Sucks.,1
2022-10-10 06:39:53,"Will not allow sign in to Aeroplan, I can log in with exactly the same credentials on my laptop but not on the app. Frustrating to say the least. Still no fix to the on going issue of trying to log into your Aeroplan account. It's been about a month or so with NO action or movement to address the issue. Tried to log into account today with a new error message. Yet it all works fine on my laptop.",1
2022-10-09 11:22:05,"I just came back from vacation on Rouge. YUL-LAS/PHX-YUL both on A319 aircraft. For both in flight experiences, for both me and my wife neither the app nor my phone ever redirected me to the URL for the in-flight entertainment system. We had to guess the URL (go-go whatever) to be able to access the system. The app should clearly be able to intercept the browser (chrome) and redirect automatically like hotels and airports do. Can someone from AC respond and advise? Also app signs out too much",2
2022-10-08 23:32:06,so easy to use,5
2022-10-08 17:59:18,This is totally useless on Android...it takes you to the website and tells you your check in information is wrong. Truly useless! Can't Air Canada find someone competent to fix this lousy app. Don't download it.,1
2022-10-08 12:23:11,Pretty quirky,2
2022-10-08 09:21:56,"It's completely useless. I did the checkin, but on the airport I could start it. It did not connect to retrieve the boarding pass. I had to go to the counter and have one printed. I uninstalled it right away.",1
2022-10-08 07:24:21,"Terrible, did not recognize my confirmation number but the website did. They are both terrible.",1
2022-10-06 08:13:56,"The app is showing different info to manage my booking on the browser login. My business booking is showing as premium economy. Air canada, by phone, and trailfinders have confirmed business has been booked bur the app is wrong, and told me to report it here for fixing.",2
2022-10-05 17:46:42,App now crashes when I select a business class award flight.,2
2022-10-05 04:08:13,"Overall, useless. The app is a sales pitch. It holds points for you to redeem.",2
2022-10-04 21:32:15,Doesn't update with gate changes,3
2022-10-03 21:15:41,Unable to log in using the app. Truly poor development. You need help,1
2022-10-02 18:02:43,"Logs you out for no reason then won't let you log in without emailing a code, which expires before the email arrives.",1
2022-09-30 23:11:41,Customer friendly devices,5
2022-09-30 16:37:56,"Log in system does not work. I have reset my password, reinstalled the app, logged in on the website rebooted my device and nothing has helped. There is zero tech support and air Canada and Aeroplan cannot help. The person I spoke to on the phone was rude as hell and wildly dismissive.",1
2022-09-30 10:27:08,Extremely frustrated that I cannot log in to my account. An error message continues to appear although all information is correct.,1
2022-09-30 08:52:00,The app won't let me login to my account. It has made me change my password 3 times and everytime it says I can't use my old password.,1
2022-09-29 16:22:10,easy to use and connected to your flights!,4
2022-09-29 11:43:41,"Aeroplan feature doesn't work. Can't sign in as it says there is an ""error on the form"". Tried two password resets but that did nothing. Tried with both my user name and Aeroplan number and that did nothing. Emails for assistance via the ""contact us"" go unanswered",1
2022-09-28 22:03:36,"I got logged out between connections. Tried 3 times to reset the password and all attempts failed. Everytime I try to log in, it's says ""there are errors in your form"". I have no problem logging in on a computer, but the app is not working at all.",1
2022-09-28 16:25:01,"The latest redesign has rendered the app useless. It is not possible to sign in (a red message: ""There is an error in the form"" appears. Since you can't log in you can't do anything the app advertises as a feature (retrieve trips, see boarding passes or book flights, or check Aeroplan status). You can't even change seats if you manually add a flight. The only thing the app does now is show promotions. It does nothing but cause frustration for gate agents and passengers alike. v5.27.2 on Android",1
2022-09-27 22:23:54,The app is good but recently I can not sign in.,3
2022-09-27 16:50:53,"Was signed out last week and cannot sign in. Message states, ""There are errors in your form, please try again.""",1
2022-09-27 12:20:44,Wow. This app works weeks and days before the flights but 2h before your flight logs you out then won't let you log back in,1
2022-09-26 14:27:41,"--update Did not see it, but it is available as a slide out from the main screen. Had to look through 5 tabs to find a boarding pass instead of being 1 press away from starting screen.",5
2022-09-26 13:14:23,Cannot Login on Pixel Phone - I've tried uninstall / reinstall with no success. The same credentials successfully log me in via chrome on my windows laptop. Update: a developer contact contacted me to advise they are researching the issue- the fix is to reinstall Chrome on your Android phone. I did that and now can login. Revising rating from 1 to 3 stars,3
2022-09-25 20:19:24,"More availability would be nice, especially on flights from Australia, but overall, is pretty good.",3
2022-09-25 17:44:38,App is good. But forgot password doesn't work from app. Makes it a big failure.,1
2022-09-24 21:13:01,"Too many issues with the app. I would occasionally get logged out, but could log back in with little trouble. This used to work until 5 days ago, and I now get login errors. Still can't login on app, but Website login works fine.",1
2022-09-24 14:48:06,"App suddenly will not log me in. Message ""There are errors in your form..."" keeps appearing. Was stranded at an airport when this started.",2
2022-09-24 00:46:02,Horrible airline and service. App sucks just like the airline. Worst airline ever!,1
2022-09-23 21:41:20,"Unable to login to my account using the app. I can log in from the phone's browser and a desktop browser but the app won't let me login. It just gives me ""There are errors in your form, please try again"" as the error message. Pretty useless now.",1
2022-09-23 18:15:08,"App logged me out of my Aeroplan account and I cannot login from my phone. Error says ""there are errors in your form, please try again"".",1
2022-09-23 05:18:05,"doesn't work, I'm trying to open the app to check in and it dosen't work.",1
2022-09-22 21:46:13,"The app will randomly sign you out and you will lose access to your boarding passes. The only way to regain your boarding passes and other details is if you have a network connection. If you don't, your screwed. So be sure to take a screenshot or save boarding pass to wallet.",1
2022-09-22 13:05:34,"First, the app doesn't work correctly while checking in. All I get are error messages. Even after checking in at the airport, nothing but error. And then it doesn't even update the itinerary when the flights get changed. Probably worst airline app I've used",1
2022-09-22 07:50:41,Very frustrating and useless. The app logged me out of my aeroplan account and I could never sign again to retrieve my accumulated points...,1
2022-09-21 15:46:46,Cannot log in with credentials.,1
2022-09-21 14:45:20,Can't login - logged me out and can't login anymore.,1
2022-09-21 11:28:43,It's a great app and I love the update. I use it for work however and I don't like that it keeps logging me out. Is there a way to minimize this feature?,3
2022-09-21 05:36:42,good app. needs to have filters for companion pass flights and ways to tie star allience pkgs to the app filters,4
2022-09-21 05:07:55,"When working the app has a lot of useful functions but right now it will not allow a sign in to my account for AC or Aeroplan from my android phone. Thus, I cannot use it to retrieve my trips, see my boarding passes or book flights rendering the app useless. On a recent trip I had to resign in multiple times. When you go to get your boarding pass and it asks for you to sign in again it delays the line and angers the staff and others while you fumble with your phone.",3
2022-09-19 22:52:30,"Keeps logging out and having to do 2FA. then once I log in, I have to restart the app a few times for information to load prio",3
2022-09-19 14:40:01,This app is one of the worst app I saw in a long time. First it log you out from your account every 5 minutes and you need to log in again. Then there's so much log out that they lock your account for 30 minutes between flight connections when you need it the most. The information on the flights are outdated and not updated when there is changes or delays to your flights. The gates can be wrong from time to time... all in all a useless app that do more wrong than right. Use the website.,1
2022-09-19 12:11:28,Not able to sign in,1
2022-09-19 11:09:36,App is constantly signing you out. Usually right at a security checkpoint.,1
2022-09-19 01:40:15,"This app has improved so well. I actually like using it. I was able to book a rental car through aeroplan all on my phone. So smooth , flight info is easy to see and view. Big thumbs up. In comparison, the westjet app still wont work on my phone. That is garbage.",5
2022-09-18 07:10:24,Just flat out doesnt log in to aeroplan,1
2022-09-17 18:20:53,"The app is asking me to log in every single time. Having to get the code in my email to log in. Trip details disappear, the app is slow and sloppy between the app and the web. What happened in the latest update??",2
2022-09-17 14:38:18,App logs you out about every hour and deletes your boarding info so you have to find your flight reference number and get them back with after you wait for the extremely long loading screen for login,1
2022-09-17 14:26:10,all good missing 50 points from LCBO on wine from Greace.missing even more points every time I go to LCBO the app does not work 50 percent of the time. How do I get back the points?,4
2022-09-17 13:31:23,"I initially posted a poor review for this app due to a perceived lack of functionality. I am updating my review from 1 star to a 4 star, only because I wished the Aeroplan functionality was separable from the Air Canada app",4
2022-09-16 23:18:35,I like,5
2022-09-16 20:35:58,"Useless. My first flight was delayed so I missed the connecting flight. Air canada personnel promised that connecting flight will be rebooked automatically. Now I am at connecting airport, and app still offers me to go to the old gate. There is no way to contact the service center or initiate rebooking. Same with returning flight, it doesn't allow to do check-in.",1
2022-09-16 13:46:21,"The app no longer allows me to login. As of 3 days ago my account was logged out on all of my devices. I get an error saying ""there are errors in your form, try again"". I have tried uninstalling the app and reinstalling, changing my password, using other devices all with no luck. It is not an issue with my account as I can login on the website. Support told me their was no known issues and than after troubleshooting told me updates were happening 2 days ago...",1
2022-09-16 00:59:20,The previous so was better,2
2022-09-15 19:29:03,"No longer functional, I can't even login to check on my flights or book future flights on the mobile app. It keeps saying there's an error in form. But the same credentials work on the laptop page. What the hell happened? Did united buy out their development team?",1
2022-09-15 09:07:03,Useless. Signed in on spouses account and now unable to change to my account/switch users,1
2022-09-14 21:33:17,"Not even a real app. This essentially redirects you to your browser. It times out and forces you to log back in after 30 minutes, and wants you to enter 2fa every time. If you don't have service, you can't access your itinerary, and boarding pass. Avoid this app and avoid Air Canada (horrible service in general)",1
2022-09-14 21:29:42,App worked great for last year but now it keeps signing me out in my android phone. I have to resign in and my boarding passes and existing reservations get wiped,1
2022-09-14 14:16:43,Easy to navigate,5
2022-09-14 12:32:36,"It makes easy to book a flight, check in online for my flight and its status right from my cell phone.",5
2022-09-14 07:38:33,"Any app that promises to keep your boarding pass for you should be there when you need it, not log you out and make the supposedly ""saved offline"" boarding passes suddenly unavailable at the most inopportune time. Avoid travel nightmares like mine along with this garbage app and instead get yourself a good old fashioned paper boarding pass.",1
2022-09-12 14:54:02,One word - Pathetic!,1
2022-09-12 02:05:16,Not traveling enough to make use of,1
2022-09-11 20:41:21,"Overall, good app, but it keeps giving me push notifications for the wrong flight. Given me a scare a few times now thinking I'm missing my flight",4
2022-09-09 08:39:24,works very well,4
2022-09-07 23:00:13,This is app great and they have good customer service support team,5
2022-09-07 15:14:59,Tried to book a flight. put my card info in and when I went to verify my cc the app crashed and I'm unsure if it went through or not...Im assuming not because it didn't charge my card. But guess I can't use the app to book..,1
2022-09-05 17:10:20,Great app. Used it numerous times for important flight info. Accurate ETD. Great airline. At least first class. Wish that I could use the airline more.,5
2022-09-05 13:41:42,Too many updates never ready when you needed,1
2022-09-05 09:05:03,functions well.,5
2022-09-04 17:39:43,Air Canada charging to prebook seats. Do you employ only criminals?,1
2022-09-03 20:30:54,Much better now but still have bugs.,4
2022-09-03 13:56:10,Apparently fixing the app (which doesn't work at all currently) is not a priority,1
2022-09-03 10:26:08,I love using this app when travelling. Especially for following flights for planned trips; in case there are any changes. for getting updates and using Aeroplan.,5
2022-09-02 14:46:45,I am unable to add reservation codes for my other bookings or update my account. This is frustrating as I want to make sure I'm getting my points for the extra flights. Also the app doesn't allow you to compare prices for other days if you are flexible about travel dates. Disappointing.,3
2022-09-02 12:26:57,AWESOME,5
2022-09-01 18:26:17,Eh. Worse app. Never updated. Slow as maple syrup. Better off using browser,1
2022-08-31 15:11:57,I just updated this app and it now crashes consistently. So disappointed.,1
2022-08-30 15:40:08,"It really works well, used it multiple times for check-in and at the gate for boarding. Good job AC",5
2022-08-29 19:10:35,"app is slow and not helpful, had a terrible time using this while running into issues with the airlines",1
2022-08-29 09:42:51,The aeroplan points are not updated as earned.,3
2022-08-28 21:01:35,I need the Aeroplan points collector app....,1
2022-08-28 12:09:49,functional and seamless,5
2022-08-27 10:27:57,"This app is completely useless. Prior to the redesign it had some flaws, but all around worked ok and easy to use. Booking were automatically loaded if you booked through flight pass, check-in was easy, all boarding passes were displayed and your main screen was a countdown to your next flight. Now there not even a point of taking space up on your phone with this usless app.",3
2022-08-26 10:19:21,"Really amazing app you can easily check your flight status without going to their official website. Moreover, interface of the app is quite wonderful you can use this app for getting latest update for you upcoming flight.",5
2022-08-26 04:06:03,"App not responding . I couldn't even start searching for flights, disappointed.",1
2022-08-25 03:45:29,"Works smoothly. I was able to check in, check flight status, and show my boarding pass all on the app no problem. Check in process is extremely long and cumbersome, but that is a process problem, not an app problem. It works, and it works well.",5
2022-08-25 00:52:50,I really like the previous interface. It was a big upgrade from the old app and yet the new interface had some welcome user friendly UI additions. What I don't understand is why some useful features were taken away such as integrating itinerary into the Calendar app and being able to change payment/personal info in the app rather than getting redirected to a browser.,5
2022-08-24 19:36:28,"Can't sign in without certain browsers, which I have none of.. not willing to download new browsers just to sign into this app",1
2022-08-24 19:04:53,It was good until I had to check in for myself and my guest. My guest was able to get her ticket/boarding pass sent to her by email & text but I was not able to have my ticket/boarding pass emailed to me. I tried a few times to see if i did something wrong but it never gave me the option like it did for my guest. Seems like I have to wait until I arrive at the airport now. SMH.,3
2022-08-23 21:28:01,Sofar so good,5
2022-08-23 17:53:44,"Garbage app. Cant check in, keeps crashing.",1
2022-08-23 16:19:35,Bring back the fin numbers,1
2022-08-22 19:43:41,Cannot log on using the app but able to on my PC. Useless to me. And no support to help me with this. Air Canada could learn a thing or two from WestJet. Their app is flawless. I'll never book with air Canada again. If there's a more useless app than this one I haven't found it yet.,1
2022-08-22 18:25:28,"Air Canada: not easy, not on time, not intuitive, not worth it. I've had 40 flights this year. The 4 worst ones were all Air Canada. Even their free flights aren't with it. The buddy pass doesn't work online, and customer ""service"" will jerk you around for 4 hours before hanging up.",1
2022-08-21 09:59:14,My points won't even connect when I use my card. It doesn't give me the points when I check my app.,1
2022-08-20 15:11:08,This app stop giving aircraft number information from last week on my android phone,4
2022-08-19 22:28:14,"Never updates, doesn't show baggage claim properly",1
2022-08-19 18:49:04,Don't know what's happened but lately it either keeps crashing or can't even open at all.,1
2022-08-18 19:51:43,It did not show that there would be a charge for changing my elderly mother's seat to be beside me so I could help her with her carry-on luggage. After waiting over an hour when I called customer service I was told that if I explained the situation at the airport they can waive the cost. At the airport they said there's nothing they can do. Poor service overall. Will avoid Air Canada in the future whenever possible.,2
2022-08-18 17:30:23,Uninstalled. It's just unusable. Crashes every time.,1
2022-08-18 11:22:20,Cannot check in online . Keeps asking for travel documents that I don't have and are not required. Will try my best not to fly Air Canada but might have to due to monopoly of certain routes.,1
2022-08-17 22:16:03,Will the Aeroplan portion of the app ever work again to show us out points balance?,3
2022-08-17 16:00:12,"Aeroplan not connected, my miles or points are not accurate",1
2022-08-15 21:28:22,"Why bother with the app when the flights are always delayed, gates at YYZ change constantly, and when your luggage is ""delayed"" there is no help available. Flown 2 other airlines recently from YYZ to MSP and DFW without delays or issues.",1
2022-08-15 17:38:13,Not enough points,4
2022-08-14 05:13:17,"Useless. Can't find my booking reference (""error occurred"") so I can't check in. Can't show my boarding pass for the flight which I checked in online from a browser. Why do i need this app that doesn't show a boarding pass? Uninstalling.",1
2022-08-12 18:09:15,2022 has presented many unique challenges but AC has been pretty good considering,4
2022-08-12 15:29:26,For EU travellers only. Does not accept Canada postal code for completing Covid form,1
2022-08-12 14:56:26,"Hello, i am also noticing that when i go into flight details i cant see seat number and it is totally blank. From website i cam see. Another issue when i select points missing from app it says page unavailable. It could be link is broken. Please address these issues",3
2022-08-12 11:07:17,"Great app, serves its purpose",5
2022-08-12 10:13:05,Overall pretty good but sometimes very slow to load; not all functionalities available,3
2022-08-12 09:59:45,"The ""contact us"" link does nothing, I would think it would take you to a ph # or email address or something. The app is telling me one of my flights has been cancelled but doesn't say which one. I received no email or text though. The flights are still listed for sale under the same flight number at the same times.",3
2022-08-11 21:35:03,I don't want to download a browser of your choice to be able to login. I would like to use whatever browser my phone has...,1
2022-08-11 19:36:41,"I can't refresh the Aeroplan points. The last time it can retrieve is from back in March. It says ""We're not able to receive the latest information"". It's been doing this for weeks. I don't have this problem on the website. I also cleared the app cache.",2
2022-08-11 04:28:55,"Does not work, especially the aeroplan section of pay with points. Useless app. August 2022, Aeroplan features still do not work....cannot pay for a ticket using points, cannot access lounge passes, really useless app. Developer does not respond to email.",1
2022-08-10 22:15:29,"Similar experience to other users that you cannot search for flights using your aeroplan points - it errors out and says that Air Canada has been notified. If you're using it to book paid fare flights, it works just fine.",2
2022-08-10 15:55:00,Where us the red aeroplan to scan? 😡😡,2
2022-08-10 10:26:23,Aeroplan won't open! I reinstalled the app and still a sh#tshow. Useless. Do better AC!,1
2022-08-09 23:25:43,"The App is good for booked flight info only, not for flight booking - It does not provide options to choose multi cities and nos of persons",2
2022-08-09 22:02:29,Air Canada needs to update their app in a major way. Does not reflect point balances and errors consistent pop up when looking at travel or booking with points. I've had to use the website every single time I need to do anything related to Aero Plan. I've been consisntnely 35-75k for 5 years now and am seriously considering moving to WJ due to issues with Air Canada and Aeroplan. Disappointing.,1
2022-08-09 20:33:56,"App crashes every time I need to pull out my boarding pass. And when it's actually time to board my flight, the boarding pass was no longer available through the app. What a joke!",1
2022-08-08 02:47:49,"Disgusting food I recently flew from Halifax to Delhi and returned, I opted Hindu meal. Being Hindu I never ever had that kind of food in my whole life. Couldn't even identify what kind of food was it. Taste was gross. Returned all the food everytime I got.. Had few drinks to settle my hunger. On top of it my flight schedule revised 5 times.",1
2022-08-08 02:14:11,Easy to use!,5
2022-08-07 13:41:52,"There is no scannable card on this app and it diverts me in circles to get one. Also, I never get sent a card when I request one...",2
2022-08-06 15:39:00,Very good and helpful.,4
2022-08-05 18:45:59,Worst airline in the world.,1
2022-08-05 15:47:14,"It was easy to use until I was on board. I used this app to select my seat and show the boarding pass. However, after boarding, I could not see the boarding pass on the app and it says ""seat selection is no longer available"". I get it but show the boarding pass! I don't know where my seat is! So basically I was stuck in the isle because I can't find my seat. This is ridiculous. I found my seat information in a text message eventually.",1
2022-08-05 15:42:36,Shouldn't require my full address just to collect points,1
2022-08-05 15:33:48,Terrible app. I've tried uploading my vaccine card at least 20 times with no luck. My partners uploaded immediately (same phone taking a picture in the same place). I now have 20 photos of my vaccine card and have to show up earlier to the airport to battle crowds and hopefully not miss my flight. Im going to avoid flying AC in the future because of this BS,1
2022-08-02 16:00:17,Not that user friendly. Not intuitive,3
2022-08-02 14:42:55,very easy to use 😁😁,5
2022-08-02 12:54:34,Non functioning...will not accept Booking reference for 10 days. Have uninstalled and will use Trip Case,1
2022-08-01 22:38:05,"Once our flight was cancelled the app never showed accurate information, we stopped looking at it. It struggled with just basic exception case of a cancellation, so what is the point? They need to invest in IT; the ""app"" is just a shell that navigates to their website.",1
2022-08-01 13:10:03,Air Canada stranded me in Montreal for two days due to staffing issues and have denied compensation and reimbursement. Avoid Air Canada at all costs!!,1
2022-08-01 12:20:17,"Once I figured out to go directly to the boarding pass, the app is easy to use",5
2022-07-30 23:31:02,"Other than the fact that dealing with Air Canada is like having a stomach ulcer, the app is unintuitive and slow and whoever designed it doesn't understand app design but just crammed a website into a phone screen",1
2022-07-29 13:40:26,"Don't bother downloading this app until they actually fix the persistent issues. Save yourself frustration and wasted time and use the website. The new air canada version of the aeroplan app has never once properly loaded my current points balance, it always shows an error message and I can't search flights with the option to use points as I get another error message too. Considering this is literally a points based app it's not only frustrating but a waste of time.",1
2022-07-29 11:50:54,"terrible app. Anything Air Canada touches turns to (insert poo emoji here). Pointless error messages with no option to do anything about it. Can't get hold of a human to address concerns. I've been swiping away thinking I was collecting points all this time, only to find out nothing has been registered since April 2022.",1
2022-07-27 11:46:47,"This application represents of how poor my experience with Air Canada has been. This app is slow and slugish just as their flight service. The UI design is poorfly thought out where the flight info and boarding info are in separate pages where in reality, it all should be in the one. Save yourself the hassle, don't fly air canada.",2
2022-07-27 09:49:18,"You can definitely see a lot of improvements on this App! I encountered page freeze and delayed response occasionally, But it's much better and user friendlier than some!",4
2022-07-27 09:33:27,I cannot add my booked flight to the app. I've tried multiple times over a 3-week period and it never worked.,1
2022-07-27 01:03:08,"Air Canada's service sucks, baggage claim was terrible, flight attendents were rude, and not enough staff. DO NOT FLY AIR CANADA.",1
2022-07-26 18:24:17,"Absolute dogwater app with UX so bad I can only wonder how special the people who made it are. For some reason I need to add reservations manually after signing in to see their status, and after I checked in online, the boarding pass doesn't appear in the app. You really need to be a special kind of person to make an app this laughably bad.",1
2022-07-26 07:21:32,Worst developer,1
2022-07-23 20:31:35,App won't open,1
2022-07-22 16:49:27,"Please add ""Save to Google Wallet"" button!",4
2022-07-21 11:25:13,Delayed flight information not updated timely. App continued to reflect the flight was on time well after the scheduled departure time---the plane hadn't even arrived at the airport yet. Unable to utilize app for check-in process or boarding pass. Could not utilize app to reschedule missed connections due to the 4 hour flight delay or change seat assignments.,1
2022-07-21 09:13:58,Air Canada app have very good UI and app is smooth. Never faced any issue and works upto the marks. Good work.,5
2022-07-20 12:24:54,"easy to navigate, gets you the info you need when you can't get an agent on the phone.",5
2022-07-20 09:07:22,How do I scan for points? I can't find a qr code to do so.,1
2022-07-20 07:01:46,good app,5
2022-07-19 12:01:04,No one to answer the question,4
2022-07-19 11:10:57,"This is one of the most frustrating travel apps I've ever used. I downloaded it so I would be notified of last minute flight changes but the app notification that my flight was going to be delayed by 3 hrs. didn't arrive until a few minutes AFTER the delayed flight finally departed. What good is that?! Air Canada's email notifications seem to be more reliable than their app notifications. The check in process and boarding passes on the app worked fine for me, on the bright side.",2
2022-07-18 11:40:48,What good is an app to book flights if it won't let me? I can't get my payment to process. Either I get an error processing or when I try to add another method of payment it lists it as invalid! AMEX is a 15 digit card! Not 16! So stop telling me it's invalid! Horrible horrible functionality.,1
2022-07-17 10:28:31,"App will not open, keeps crashing",1
2022-07-17 01:31:07,"Forces you to use one of only 3 supported web browsers to sign in, so you're out of luck if you use one like Microsoft Edge. Out of dozens of apps on my phone, this is the only one with such a requirement.",1
2022-07-16 14:29:34,Crashed all the time.,1
2022-07-16 14:28:02,"Constantly crashes upon initial load. It worked ok for about 2 months then it just started crashing, nothing but the initial logo and the boom it's crashes. I've forced stopped, cleared cache and storage, uninstalled & reinstalled and nothing helps.",1
2022-07-16 14:22:38,App is crashing a lot for no apparent reason. Did not have this issue before,1
2022-07-16 14:22:04,"Worked fine until I got to check in, and then repeatedly crashed and I was unable to access my boarding pass for my flight.",1
2022-07-16 14:18:14,Keeps crashing after logged in,1
2022-07-16 14:07:24,App crashes similar to other users after starting the app,1
2022-07-16 12:56:03,"The issue I take is more so with Aeroplan and a specific of how refunds work. I had a change of itinerary and had to cancel a flight and change it. I opted into Aeroplan points with the assumption it would work like Westjet (because why wouldn't it? It's 2022 and Westjet is a much smaller and simpler airline/ app ) and be an almost immediate deposit so I could go on and change the flight. I was wrong, apparently it's actually up to 4 weeks to receive POINTS??",2
2022-07-16 09:42:12,"Can't even sign anywhere, just keeps loading",1
2022-07-15 07:17:29,Glitches a lot,1
2022-07-14 15:06:38,This app has not been able to connect to aeroplan multiple times. That means waiting on hold for an hour for them the reset your password. It didn't even work the second time. So I need to call to book anything with my points? Or scrap the app and use the browser.,1
2022-07-13 23:36:27,"You can't change date for a one way trip at all! I tried to search one way trip, it returned no result on the date I selected. When I tried to select a different date, it always add the date as my return date. Can't believe design of the app.",2
2022-07-13 22:49:55,Aeroplan is awful.. what are you guys doing,1
2022-07-12 16:36:27,"Can't even sign in. It just goes in circles and never gets to the sign in screen. I can only see the home page. When you click on something else, it goes back to the home screen/sign in. Terrible app.",1
2022-07-12 12:41:27,I keep getting notifications that the app is copying my clipboard on my S22U. Could you please explain what's exactly reading from there? It s33ms like a security issue,3
2022-07-11 19:48:18,Works great! Easy to use.,5
2022-07-11 10:17:30,"This is an absolute waste of time to install or use. Nothing works, flights, trips,checkin , . Not sure why they even have an app, what an embarrassment to this company!!!!!!",1
2022-07-10 19:44:42,Awful app. App wants you to reconfirm a flight that has changed. You go to reconfirm and then it says something went wrong to call for assistance. But airline too busy to accept call.,1
2022-07-10 18:41:33,App won't even let me add reservations since July 7. Unacceptable,1
2022-07-09 20:53:49,sometimes slow and don't show all my trips,5
2022-07-09 14:49:35,Can I have someone else contact me please I have been trying g for days and I have 3 flights coming up with issues I called and been on hold for hours,2
2022-07-08 20:37:32,Great app. Easy to use.,5
2022-07-08 11:26:10,"Edit: it indeed does work again, however the issue impacted my ability to check-in for my flights and perform eUpgrade requests as I typically would when on the go. --------------- What a useless app, it's completely unstable. It won't stay open for more than 2 seconds on my Pixel 3A XL before crashing. Granted, it used to work okay, albeit a bit slow, but the functionality was there. Some good features, but a lot of good they do me when the app crashes everytime I open it. Please fix this!",4
2022-07-08 07:25:51,easy to use,5
2022-07-07 22:37:23,Responded quickly to a crashing issue - thanks.,4
2022-07-07 17:31:59,"Air Canada is just terrible in general. Suppose you booked a flight, but you're stuck in limbo (""A problem occurred with your session but a request was sent to create your booking. To verify that your booking is confirmed, call Air Canada Reservations""). So you think maybe I can cancel this reservation for the app. Your heart soars when the app can find the reservation. But no, you can't cancel the reservation from the app. And the wait time is 3 hours when you try to call. Avoid Air Canada.",1
2022-07-07 13:31:32,"After last update (5.25) it keeps dying, at this moment is useless It is fixed now, thanks a lot , now is working as expected, great job",4
2022-07-07 12:56:52,"This app is handy for tracking flight information, checking into flights and storing boarding passes. It also comes in handy for tracking Aeroplan activity. I'm also pleased that their team was quick to fix a problem that basically rendered the app useless. Original: The July 6 update has killed it on Android. It just keeps crashing a few seconds after opening it.",4
2022-07-07 12:49:47,"Update: they fixed the problem pretty quick. The only problem now is that my ""trips"" section won't auto populate which is a pain because there's quite a few in there. I am a SE100K million miler. I rely heavily on this app and today it told me to update before July 7. It Uninstalled my app and the said the app is not compatible with my device. I have a very new Galaxy Note 20+ Ultra. And the app doesn't work?!?!? I am obviously a loyal customer, but even I am getting pushed to the limit.",3
2022-07-07 12:36:18,App no longer compatible with my android version 12. App now fixed.,1
2022-07-07 12:35:39,Update- it stopped coming crashing. So far so good Keeps crashing,4
2022-07-07 07:58:00,very efficient,5
2022-07-07 01:56:54,It is impossible to switch to my wife's account using this app.,1
2022-07-07 00:54:23,All of a sudden in the middle of my trip they stopped supporting my Samsung S20. No warning. It wouldn't be so bad had Air Canada's phone support not gone down while there website went down too. What a disaster.,1
2022-07-06 23:43:35,When seats are booked as Economy I am not able to upgrade to Premium Economy or Business class seats. Only seats map is available within Economy cabin.,1
2022-07-06 16:37:26,Device no longer compatible?,1
2022-07-06 16:37:24,Apps keeps crashing every 1 minute after update,1
2022-07-06 16:28:51,Crashes non stop,1
2022-07-06 16:28:12,App keeps crashing,1
2022-07-06 16:26:54,It's keep down since this morning. Can not log in.,1
2022-07-06 16:23:18,"This morning the app wouldn't even let me download the apparently mandatory update. Once it finally did, it now crashes everytime I open the app so how can I use it?",1
2022-07-06 16:19:54,"Junk, keeps failing, and this is on the latest Galaxy device with the latest Android. Was this even tested? Guess I'll be doing check-in at the airport.",1
2022-07-06 16:13:18,Keeps quitting unexpectedly with the new update,1
2022-07-06 16:12:53,Crashes when I try to open a QR code,1
2022-07-06 16:04:11,"July 6th, 2022, update broke the app on my Samsung s20 phone. App stays open for like 3 seconds, and then closes automatically. I tried uninstalling it, restarting my phone, and re-installing. It does the same thing. Fix this.",1
2022-07-06 16:03:04,App crashes in 3 seconds you open the app.,1
2022-07-06 14:52:22,"Constantly crashes: the app insisted that it be updated within 24 hours or it would be unusable, and now it won't stay working long enough to bring up boarding passes. Typical Air Canada quality.",1
2022-07-06 14:28:38,App worked fine up until today and now it crashes as soon as it opens every single time. Seems like the latest update broke the up.,1
2022-07-06 14:18:29,This app is horrible it doesn't even stay open. I can't even use the app to scan the barcode it keeps closing. I tried uninstalling the app and reinstalling it nothing is helping.,1
2022-07-06 14:07:16,"App constantly crashes, despite updating, clearing cache and storage.",1
2022-07-06 11:14:15,"I received an alert on my android smartphone that there is a new version of this app, so I uninstalled the prior version but now I am being told there is no app compatible with my android device (where I have v 14). Can you please look into this as something has clearly gone wrong with the update?",5
2022-07-06 09:54:04,This app looks like can NOT be installed on Samsung S10 with Android 12 ??????,1
2022-07-06 09:41:33,can not install on laptop or android phone disappointing app,1
2022-07-06 07:55:31,not available on samsung s21 despite running android 12!!!!!,1
2022-07-06 06:45:42,"App demands for an update to be used after working fine for me for a long time, but in google play store it now says Its not compatible with my device?! A 3 year old Samsung S phone? I uninstalled it, and updated my phone and now it wont even show up anymore in google play store. Right before my trip too. Perfect timing.",1
2022-07-06 02:31:42,"Did the app get hacked? First, when opening the app I received a message that I needed to update the app by July 7 for an update from July 5. That is crazy especially as I'm overseas with limited internet. The app no longer works and there is no update available in the Google store When I search and find a link for it, I receive a message that my device isn't supported. I have a Pixel withe latest production Android version.",1
2022-07-06 01:21:41,"The ""new version app"" says it can't install on my Samsung devices!! Fumbling attempt at improvement that now means I have no AC app in my hand held. C'mon folks!! How about some testing of the basics before screwing things up for all of us who pay fares that pay your salaries!!",1
2022-07-06 01:05:55,"I can't believe ASUS Zenfone 8 (released 2020) is not eligible for the app. Does Air Canada expect everyone using only Samsung, google pixel, sony and other android phone that are well-known for the western countries?",1
2022-07-05 15:55:25,"I can see my booking info for me and my family on the aeroplan site, yet there are ZERO points. This is after I'd entered the aeroplan info when booking. For air Canada types if you're reading this, a customer should NOT have to spend an hour on the phone trying to figure out where their points are when the flight was booked with AC....create a bridge where the points are transferred automatically since automatically you have my travel itenerary. Such a clusterf*#k of an organization.",1
2022-07-04 18:43:38,"Won't let me add my trip, just comes up with an error message.",1
2022-07-04 15:11:05,Not working,1
2022-07-04 14:53:54,It doesn't appear to give you your boarding pass or track your actual flight information. I'm not sure what the point of this app is since it doesn't appear to make the travel experience easier.,1
2022-07-04 04:13:00,fantastic app,5
2022-07-03 22:11:37,Very unstable,1
2022-07-02 21:20:37,Service seems alright but they refuse to support mobile Firefox which is really annoying. I bet they wouldn't support desktop Firefox either.,3
2022-07-02 19:45:22,"App needs a way to find the location of checked baggage, as other airline apps. Same for providing the ability to chat online with an agent.",2
2022-07-02 19:08:38,Bro this airline sucks. Late every time. Almost made me miss my connecting flights. Always rude hostesses. They lose your bags. And they don't show up for you to check in until 2 hours before. Worst country ever with the descendant of Mr Castro himself ruling with an iron fist makes sense that they would have the worst airline ever. No manners. No organization. No self pride. Will never use air Canada again,1
2022-07-02 18:56:36,I wanted to see flight status for a friend's flight and couldn't do that.,5
2022-07-01 17:57:48,Terrible app,1
2022-07-01 10:53:02,"Amazing app. Very well designed, fast, reliable, user friendly. Just incredible. Kudos to the entire software team",5
2022-07-01 08:01:00,"From my experience, one of the better airline apps.",5
2022-06-30 14:54:33,This app has been a utter failure since closing the Aeroplan app. Haven't been able to log in since 2021. Wasted hours on the phone with zero response. Sent emails with no response. No one cares that your points are held hostage for months on end due to the fact you cannot login in. Just a spinning wheel on every browser or device app. Update. no response from email from 2 months ago. On the phone and on hold for over 2 hours just to speak to someone. Customer service is horrible and non existen,1
2022-06-29 19:59:58,The app has started displaying my status incorrectly. Including my virtual membership card.,2
2022-06-29 19:26:24,"Create account, sign in, verify account, sign in, verify account, sign in, verify account... useless",1
2022-06-29 19:10:30,If your booking reference gets updated wether it be cancelled or delayed you won't get a notification from the app and the app also won't update your itenerary,1
2022-06-29 17:39:37,"This is, by far, the worst app I've ever had the displeasure of using. It takes ages to load, I've spent half an hour just trying to check in. Half the time the flights I put on just disappear. My latest attempt came back saying I couldn't assign a seat and my boarding pass couldn't be issued. As soon as I'm home I will be deleting this piece of garbage and I'm never flying with Canada sir again!",1
2022-06-28 19:49:01,Beyond frustrated. IMPOSSIBLE to change flight. Impossible to speak to an actual human. Impossible to use the website or app due to bugs.,1
2022-06-28 17:10:17,Log in problems.,1
2022-06-28 11:50:09,New Motorola G phone and I can no longer log into my app. My old phone was the Motorola One Vision and I had no issues.,1
2022-06-27 21:15:18,not as easy as going on the computer but still very simple and convenient !,4
2022-06-25 18:13:57,"Terrible app. Essentially a total waste of your time and memory space. Definitely not worth the enormous frustration for the miniscule slow limited unreliable functionality. Truly, wouldn't bother with this app unless you enjoy being stimied at every turn trying to perform basic functions. I can only assume the overall rating isn't lower is because Air Canada ""buys"" ratings. Possibly only thing worse than app is AC customer service. On hold as I write this review. 3 hours 20 minutes and counting",1
2022-06-25 15:46:05,"fast, efficient booking and boarding.",5
2022-06-25 13:55:24,Won't update,1
2022-06-25 12:22:45,"Excellent app. Travel hub is great. I only wish one could check in via this app if the journey starts with one of the Alliance partners. Now you have to do the check-in for the full journey via the partner site, meaning no boarding pass in the app, etc.",5
2022-06-24 12:09:28,I got to update my trip and be update daily.,5
2022-06-24 11:45:43,"You can't even find no vacation on this app, the only thing it allows you to do is book just flights and get online boarding passes. Please fix this app where you can buy and manage your vacation package. Plus please make this app friendly for everyone to easily use. PLEASE GUYS YOU GUYS ARE A BIG COMPANY LET'S GET IT TOGETHER.",1
2022-06-24 09:34:03,"The app is total garbage. Any reviews over a 1 rating is a fake review. That's my two cent, and if you have any sense you'll delete this app RIGHT AWAY!",1
2022-06-23 15:44:23,"My trip is there one minute then gone the next time I check it, very poor unreliable and getting boarding passes is something went wrong sorry for the trouble, this is pathetic!",2
2022-06-23 06:11:51,Trash app trash company. Air Canada is so useless in every way they make me ashamed of being Canadian. I could go into detail but I would need 5000 characters or more. If possible they deserve a negative 5 star review. How many fake reviews were needed to get to over 4 stars? Google needs to look into this stuff.,1
2022-06-23 06:00:20,works great.,5
2022-06-22 22:46:11,"Worst air travel company ever, shame",1
2022-06-22 05:16:35,Easy,5
2022-06-22 02:57:38,I bough my ticket through the app everything went well later at 3am got an email saying cannot confirm payment. My card got charged already and I have to go to the airport to pay even tho I already payed,1
2022-06-22 01:58:55,"Nothing bad, good app to spend points",5
2022-06-21 22:35:23,I just wanted to rate something from Air Canada 1 star.,1
2022-06-21 20:34:27,"Can't login to both app and website - very frustrating! The basic functionalities are unusable. And this is not the only time, AC and Aeroplan's website has always been buggy.",1
2022-06-20 22:34:00,"Frustrated with flight search. It always says tickets are sold out, which is not the case when use the web. Wondering what's wrong with the major Canadian airline mobile app with this sort of vital glitch.",1
2022-06-20 22:10:16,"App needs work. I booked online and added my trip just fine. Checked into my flight just fine. When you check in it shows you your boarding pass and I was glad I screenshoted it because I couldn't figure out how to access my boarding pass later on. Gate info was often incorrect and didn't match the boards at the airport, gave me a nonexistent gate in Calgary. 24 hours after my flight I get notifications for my flight boarding. App needs to be more user friendly and needs more accurate info",3
2022-06-20 21:06:01,Cannot get boarding passes on this app. Unable to use the app for customer service when flights are delayed. Currently at the Toronto Airport with the last leg of my flight delayed 2+ hours . The app thinks my flight is complete!! A complete waste of space on my phone and useless. Would be -2 stars if that were an option,1
2022-06-20 17:39:16,"Extremely convenient, real time updates and haven't experienced any glitches",5
2022-06-20 16:09:28,"Should be able to open a boarding pass QR code full screen on a phone. The QR code takes only 1 / 8 the of the screen, airport security scanner had a difficult time reading it (even with the phone brightness turned up to the max)",3
2022-06-19 19:07:23,"Absolute dogshit app, dogshit company. After I checked in, I was unable to upload my vaccination information. As in the button simply does not exist. I was also unable to choose my seating. I am, however able to upgrade my seat. My app shows the only available seats to be ""preferred"" which costs more, yet when viewing seating availability for the same flight from a friends app this is not the case.",1
2022-06-19 15:24:11,Pretty much sucks. Checkin would not accept proof of vax (tried all of the suggested methods.) Finally gave up and completed the check in process. Was notified that i had completed the process and then it disappeared.,1
2022-06-19 08:26:38,"This app totally sucks. Once you have downloaded the app and are creating an Aeroplan account the final step is to trap a ""Create Account"" button in a new email. You are then sent a confirmation code to your email, NOT by text, requiring you to exit email and start all over. ""Lame""!",1
2022-06-18 17:06:23,App hasn't been working for weeks.,1
2022-06-18 12:55:20,Can't do much in the app before it closes on you. Very frustrating,1
2022-06-17 20:58:33,Beyond my expectations,5
2022-06-16 19:12:56,Bad customer service my flight canceled and I don't get no help,1
2022-06-16 13:21:01,The worst and the most rubbish app I ever seen,1
2022-06-14 11:35:13,"Meh. There are better apps for airlines. Too many ""fly here"" or ""get this deal"" but when it comes to finding flights and figuring out adorablity it's not very intuitive, pretty slow, and the are no prices listed till you you select dates. You're better off using the website for now at least there you can see other flight options.",2
2022-06-14 09:13:53,"This app can be so incredibly inaccurate for already booked travel. For my most recent travel it at times had me flying on an ~50 seat plane between Vancouver and Tokyo! If wait-listed for an upgrade, seat selection does not work as it offers seats in both classes and then refuses to accept any changes. It sometimes shows trips that I have not booked at all (just booking references, not details). The details section currently has the wrong class for my next trip. I don't dare book using the app!",2
2022-06-13 14:58:04,I can't even get signed on from my phone. I have to sign on from my laptop which totally defeats the purpose of having it in the first place. I uninstalled the app because it's useless,1
2022-06-13 12:14:02,fast and efficient,4
2022-06-13 05:04:09,fooling the users showing one way cost 1st for a return ticket. better use Google flights. clean and super fast.,1
2022-06-12 22:40:03,Unfortunately you can't book flights with the app. Just error messages.,1
2022-06-11 19:07:02,Can't search any flights. I always get an error message.,1
2022-06-10 11:52:18,well done improvements. Great to finally have my Aeroplan fully integrated into the mobile app.,5
2022-06-10 08:20:52,I have tried for weeks to add a new trip and it keeps coming up error. Very frustrating!,1
2022-06-09 07:34:07,"WORST AIRLINE EVER. CHOOSE ANYTHING BUT AIR CANADA. IT TOOK 3 HOURS TO FIND MY LUGGAGE IN TORONTO AND THEN SEVERAL MISSED FLIGHTS AND DELAYS AND I REACHED NEW YORK ON JUNE 3RD AND TODAY JUNE 9TH AND MY LUGGAGES ARE STILL MISSING. I AM BEING FORCED TO GIVE 1 STAR. IF I HAD THE OPTION TO GIVE NEGATIVE 10, THAT WOULD BE MY FIRST CHOICE. @AIR CANADA, YOU CHOSE THE MOST INEFFICIENT RACE ON THE PLANET (INDIANS) TO RUN THIS S--- SHOW. THERE IS A JOKE IN INDIAN WHEN SOMEONE INVITES AN INDIAN- i",1
2022-06-09 00:31:01,Very poor doesn't work. Waste of time.,1
2022-06-08 22:25:00,"Who releases an app, then requires users to go to external website to sign in? Using secure web apps appear to prevent successfull app sign in. So that means AC/Aeroplan app is using alot of trackers and cookies!!! I guess its time to uninstall and just use desktop online as required. Can't leave zero stars.",1
2022-06-08 09:01:25,"I can't book any flights thru the app at all keeps coming up with an error message and is getting very frustrating considering it use to be very simple and easy to use. Please fix this issue. Edit, still to this day I can't book any flights thru this app at all and keeps coming up with an error message and saying the problem is being worked on which has now been well over a year.",1
2022-06-08 08:06:56,It would be nice to be able to download Aeroplan card to Google Pay !!,2
2022-06-08 04:43:12,Excellent,5
2022-06-07 21:21:19,"I've uninstalled and reinstalled the app a couple times, but the flight alerts never work. Also checked notification permissions and they are allowed so not sure if something is broken and needs to be fixed",2
2022-06-07 02:16:48,Never works when u want to scan card at a store,1
2022-06-07 00:18:48,Good,5
2022-06-06 23:05:13,Worst app. Doesn't save my seat selection.,1
2022-06-06 11:17:02,This app has been unhelpful and is showing error messages. I travel for work and have found it significantly easier with WestJet in areas of customer service and general user experience regarding online bookings and digital trip management. My experience with Air Canada and Aeroplan has been frustrating.,1
2022-06-06 10:39:30,Usually the app works great but for this trip it would not load my trip. I got an error message which I usually do when entering my booking number and my trip would appear but this time it didn't.,4
2022-06-05 13:19:17,June 3 update fixed the bugs. Updated review. Thanks AC,5
2022-06-05 12:14:47,If at all possible....I'd rather fly A ir Canada..love the service..from the pilots cabin on down...,5
2022-06-05 03:32:35,"it's been a long while the app can't retrieve my information, it's basically useless",1
2022-06-04 22:46:59,Issue with changes not being shown on app. This was back in March 2022. Had to call and confirm my info a coupledays before departure. Though customer service overthe phone was friendly and very helpful.,3
2022-06-04 22:46:56,Love ❤️,5
2022-06-03 14:30:48,Best of all the airline apps,5
2022-06-03 13:18:32,Experience was just average.,3
2022-06-02 17:07:12,Shows my flight however I can not login it's just spins and spins. Fix this!,1
2022-06-02 12:08:12,"The app is ok, but the airline sucks, if you like delayed flights everytime you fly, choose aircanada, they won't disappoint you if you like that",2
2022-06-02 08:30:28,"friendly, easy and informative",5
2022-06-01 21:34:06,Full of glitches. Can never see flights. Upgrades if you are lucky. Don't bother calling the priority contact they aren't in any better position to figure out what's going on. Poor customer service at best. Get it together Air Canada.,1
2022-06-01 14:14:11,"Miserable app. It's buggy, you add flights but the details are unavailable....and then they disappear",1
2022-05-31 15:05:58,"As others have mentioned, over the past month or so the app has issues with upcoming trips. Sometimes it shows trips correctly; sometimes it shows one or two, and then some phantom upcoming trips: and other times it shows nothing correctly. Have uninstalled and reinstalled - signed out and in many times. Nothing works. Amazing this bug has not yet been fixed.",2
2022-05-31 12:29:28,Easy to use,5
2022-05-30 23:26:45,Fantastic app! They have come a long way since the merger with the Aeroplan app. Best airline app out there!,5
2022-05-30 13:28:25,"Total junk. Difficult to use, not intuitive. Then, trying to force me to update app at a store checkout just to access the aeroplan card? Really?! Good thing I took a screen capture beforehand. Did I mention it was total junk?",1
2022-05-30 08:11:35,this app is very informative and up-to-date,5
2022-05-30 02:32:45,"I just got this app and when I go to look at the details of my up coming trip, it doesn't always show them, it's hit or miss. I haven't tried checking in yet or using it for my ticket, I'll keep you posted on how that goes. So far the app could use some improvements.",3
2022-05-29 13:08:56,I think the bug fix created more bugs. It repeats itself to the point I had to just do on the laptop. Android user.,1
2022-05-28 17:48:02,"Absolute garbage app, if you're going to force us to use it, how about make it work",1
2022-05-28 13:23:04,App needs improvement. Not user friendly.,2
2022-05-28 09:42:46,Excellent,5
2022-05-28 07:22:19,"Honestly, this app is piss poor. It technically works, but could be so much better. There is a lot of functionality which is just redirecting to mobile site instead of an actual app integration. The website worked fine on a laptop so they just need to redesign the app itself honestly and get rid of the website integrations. Air Canada - hire a few developers and get it together. There is a lot of potential to be so much better.",2
2022-05-27 21:53:29,Every feature is not working,1
2022-05-27 14:13:07,Login does not support Edge when it's issue the same as Google Chrome,1
2022-05-27 14:00:11,It didn't work! This app is useless!,1
2022-05-26 11:16:39,Can't get Aeroplan number,1
2022-05-25 16:47:02,"Cannot sign in to aeroplan to import info. All other functions seem to work, however app closed randomly on me twice. Only been using it for 1 week",1
2022-05-25 16:34:28,Giving one star because zero is not an option. Automated customer support continuously redirects away from the issues. I just want to input my missing flights but the bug has been there for weeks. Wouldn't have bothered to make this rating but the app kept requesting 5 stars,1
2022-05-25 15:51:14,"App used to be great but has recently become very glitchy, not loading pages well, missing reservations etc. Very frustrating to use.",1
2022-05-25 14:56:51,"Lots of bugs. Upcoming flights not always shown in trips, I have 5 upcoming trips the information for only one shows up. Keep getting notifications for flights i am not booked on. In practicular it is the next day flight at the same time as the one just completed. Difficulty to change flights. App times out but so the the web page. I fly weekly these are my issues.",2
2022-05-25 14:10:04,Will not allow you to create an account. You fill all the details in and press create account and a pop up message just states something has gone wrong try again. No matter how may times you try the same happens.,1
2022-05-25 12:21:55,What a nightware dealing with air canada for anything. The app & the website are both terrible,1
2022-05-25 11:39:47,App hangs during spinner. App is terrible at showing current and history of flights. Errors popup without an ability to continue. Every other airline app I use (4) doesn't have the problems that the Air Canada app has.,2
2022-05-24 23:43:08,It was easy to use.,5
2022-05-24 11:37:37,Poor - how does one obtain a new card,1
2022-05-23 20:18:09,App won't let me type in the airport I want to travel to .. therefore I cant book a flight,1
2022-05-21 20:45:51,"Updates are not timely. Basically, no one knows what they're doing Air Canda treats their passengers like mushrooms; keep them in the dark and feed them a steady stream of manure. Air Canada's not happy til your not happy.",1
2022-05-21 09:42:24,"I can't describe how frustrating it is to attempt to this this app. The amount of time wasted trying to book flights and/or seats is stupid. Do better, because with what flights cost you'd think the app would actually function. Trips don't show up...all you get is a trip will be avaliable shortly. Try and select seats and no conformation button. I might as well switch to west jet at this point and save myself the headache and time.",1
2022-05-21 09:36:26,I'm only giving it a one star for now. New to the site so I may need some training. Two step verification is stupid. I get the number well after the time limit? What's up with that. And trying add missing Aeroplan points Ugh.,1
2022-05-21 07:12:21,7. U NM gift in9,5
2022-05-19 14:32:50,Worst app when it comes to air travel. Too basic and not many options,1
2022-05-19 07:43:53,Toujours plein de bugs,1
2022-05-18 07:37:08,Very unreliable. Long waits to access booked flight,1
2022-05-17 22:36:48,Have to close and open the app to get my flights to load and wont let me upload my Covid-19 health documents.,1
2022-05-17 18:53:52,Now that air Canada has joined the evil and corrupt WEF and Canadian government they have just not been the same I will not be using their app or their services. They should also not force digital IDs among the people.,1
2022-05-17 10:23:52,"This is the worst app I have ever encountered. It's slow or totally unresponsive. You sign in, you enter accounts to link to your card and proceed to submit and are either told to sign in again and loose all the data you entered or be told that the site cannot be accessed at that time and to try again later. Who has time for this. This site is in need of a total overhaul.",1
2022-05-16 16:24:27,App hasn't worked for almost a year. Everytime I try to add a trip it says there's an error and they've been contacted. Been trying since last year this time to add various trips and still not fixed. App is useless.,1
2022-05-16 16:15:01,Rather poor updates/notifications,2
2022-05-16 15:24:02,It's kinda ok,2
2022-05-16 10:50:29,"For about the last 4 weeks, this app has become useless. The information for current trips only updates about once every 5 times you open the app. The boarding passes only show original information, and do not reflect seat changes or flight changes. It's impossible to do the most basic things. This app used to be great! Now it's being uninstalled.",1
2022-05-14 18:35:01,The flights that I booked no longer appear correctly even if I am connected to my account and even if it shows correctly on the website,1
2022-05-14 18:15:03,"Overall it has many handy features, but occasionally frustrates me when trying to book and I have to use the website for multiple stop tickets.",4
2022-05-14 13:37:39,احب السفر معكم لانكم الافضل I love to travel with you because you are the best J'aime voyager avec toi parce que tu es le meilleur,5
2022-05-14 11:44:46,Used to work better now cant even see my trips since a month,2
2022-05-13 07:23:42,"I never had a problem with this app until a month ago. Now everytime I go to look at my flights a different one is missing and just says ""upcoming trip"". It is infuriating.",1
2022-05-12 20:56:11,Will not download.... just says pending... I have been trying for a few days...,1
2022-05-12 13:35:08,Very nice,5
2022-05-12 12:37:51,"This app works well, always has the gates right, allows me to plan for delays by watching the incoming aircraft. Can't ask for much more.",5
2022-05-12 11:30:51,Your aroplane isn't connected to your trips. You got to show your aroplane card at the desk if not you won't get your points.,2
2022-05-12 10:28:53,Great app,5
2022-05-12 10:23:59,"Slow, barely responsive.",1
2022-05-12 10:06:21,"Frustrating to upload health documents, always takes you to beginning and you have to start over. It took me over 3 hours just to check in, upload documents... Nit good.",2
2022-05-12 09:38:06,A nice and simple interface to the Air Canada and Aeroplan services.,5
2022-05-11 18:46:11,"This App is terrible. If AC expects us to manage our own flights they need to improve the stability of the app(and browser). The app crashes a lot. When it doesn't crash the functionality is inconsistent, and the 'real-time' ( ie. gate changes) information is consistently incorrect. I speak from experience as I fly with them every month for 5 years now. DO BETTER",1
2022-05-10 18:09:10,Trips doesn't show my trips just says will be available shortly,1
2022-05-09 22:07:51,Can no longer store altitude card. Otherwise nice update.,4
2022-05-09 09:01:28,I can only guess Air Canada wanted this app to be as glitchy and customer unfriendly as the rest of the operation.,2
2022-05-08 18:02:54,Very easy to navigate.,5
2022-05-08 07:04:35,very easy to use. Easy to track flights,5
2022-05-07 19:18:52,Easy to use.,5
2022-05-07 16:14:24,"it's still very slow in some operations, but handy to use.",4
2022-05-06 09:13:25,Sign in doesn't work at all. It is a basic feature that needs to be fixed. How do I use the app otherwise? Am trying to link to Uber and am pretty disappointed ☹️,1
2022-05-05 21:24:19,Very slow and update takes forever,1
2022-05-04 21:27:34,"Not able to pull in trips booked, instead it's showing your trips will be available shortly. I have to go to the website to retrieve my bookings.",1
2022-05-04 17:12:06,"Just downloaded and i cannot sign in, unreposnsive",1
2022-05-04 11:03:26,Useless. Using the same booking reference I used to check in on my laptop and the app keeps giving errors when I use it for the add boarding passes option on the app. Keeps saying reference not foud and if i try again gives another meaningless error. Tried to sign in to my Aeroplan account from the app and that also gave an error.,1
2022-05-03 16:56:58,"Try two phones, keyboard won't come up more than half a time. More than half the time, the saved trips show no contents.",2
2022-05-03 14:40:24,"Since I received the app, everything is lot better to get my flights information.",5
2022-05-03 01:53:45,"FAQs within the app say you should be able to add your Aeroplanto your mobile wallet, but on my Android at least (P6 Pro), it isn't possible.",2
2022-05-02 13:03:01,"WOOOWWWWW! Utter waste of time! I have several airline apps as I travel a lot. This one is useless! After 20 minutes, AI still could not get past the ID verification screen. I called the support # on my Aeroplan card, which would not give me a real person. It kept saying I had to log in with the app. Catch 22, anyone? The password restrictions are also ridiculous. It is a travel rewards app, not a bank. Get over yourselves!",1
2022-05-02 06:38:35,EXCELLENT,5
2022-05-01 07:21:02,Very good,5
2022-04-30 14:48:55,easy and clear to use!,5
2022-04-30 13:30:38,Easy to use! Great for check in time.,5
2022-04-29 21:56:11,Perfect,5
2022-04-29 20:24:34,"Maybe you should look into a new app developer. So much problem using this app the rescheduling is all wrong, I was trying to reschedule for August and it's giving me schedule for Dec. Once more the option your giving me I can't select. NEGATIVE 5 STARS.",1
2022-04-29 19:47:22,"Glitches all day ever since the so call update,",1
2022-04-29 18:12:53,Worst app ever,3
2022-04-29 13:26:34,"The latest update seems to have broken just about everything in the app. Can't see waitlist, periodically no information on my bookings is available at all.",2
2022-04-29 12:50:18,"App was on a good roll until late April update, now it doesn't fully load my upcoming trips, it seems to only show 2 or so, the rest are ""will appear shortly""",3
2022-04-29 10:56:17,Very user friendly,5
2022-04-29 02:27:02,Perfect and easy to use,5
2022-04-28 23:24:58,"Even AC staff reps suggest to not use the app. Too buggy... shows, for example, that I have upgrade credits and turns out I don't. Difficult to change profile stuff - works best through the site on a browser, and on a desktop.",2
2022-04-28 23:13:40,Continuing my 1 star review with this update. It's still the worst points app I've ever used for Areoplan. Can't even find a store on it to spend the points. Going to be switching credit cards if this is the way they treat people.,1
2022-04-28 21:51:33,"Can't log in, icon just spins and spins",1
2022-04-28 19:23:34,Great,5
2022-04-28 15:49:18,Great,5
2022-04-28 15:27:21,"This app is so dumb! I try to sign and it asks for a verification code sent via email. Okay, no problem. But when I try to go to my email on my phone, the app resets and I need to enter my email and password again. In other words: I HAVE NO WAY TO ACCESS MY ACCOUNT",2
2022-04-28 13:47:25,"Great app, sometimes its a bit hard to find what you want but still great visibility and easy to use ( could make it easier for standby early and e upgrades)",5
2022-04-28 13:24:25,AC does a lot of things well with this app. I use it all the time. No problems and highly useful.,5
2022-04-28 12:17:03,"The App rarely works without issue. When I recently booked a flight on Aeroplan points, the app said the booking ""could not be processed at that time"" or some similar message, I pressed the book icon again, same result, after the spinning arrow did about 5 mins of spinning. It turns out it booked BOTH itineraries. Now the onus is on ME to try and get the points back.",1
2022-04-28 09:26:18,Good,5
2022-04-28 08:14:57,Good app but some bugs hopefully fixed with update. Constantly have to log in. Could be a bit more comprehensive.,4
2022-04-28 07:33:07,Very intuitive and fast. Lots of good info and functions. Well done !,5
2022-04-28 06:39:59,Good,5
2022-04-28 03:03:10,Very nice app,5
2022-04-28 01:49:41,Good use,5
2022-04-27 23:49:27,Can't login with email on Altitude profile.,5
2022-04-27 22:57:44,Good app improve really well. Makes booking flights with points a lot easier now,5
2022-04-26 13:36:58,convenient and simple to use and coordinate Air Canada info in one place.,5
2022-04-26 04:18:45,Cannot login to the app,1
2022-04-25 21:24:30,I can't sign on. Completely useless and I have Chrome,1
2022-04-25 05:43:25,Great app,5
2022-04-23 06:52:04,great app. has all the information you could need and keeps you informed on the status of any trip.,5
2022-04-22 15:34:16,in the past 5 years I've utilize Air canada services I've not had a problem. good service always on time and professional in updating changes ...love flying with them!,5
2022-04-21 12:41:34,Installed the app twice but unable to run the app.,1
2022-04-21 04:30:09,"I cant even use aeroplan card on this. It's been months, I'm sure air Canada can afford a decent programmer",1
2022-04-20 20:04:50,Aeroplan points aren't updating in the app. Visible online though.,2
2022-04-20 15:47:42,Unable to open this app.,1
2022-04-20 12:35:56,"Tried repeatedly to sign in with no success, you already have all my info, why is this so hard?",1
2022-04-20 07:45:31,Cannot save profile...don't see my points...cannot add additional person (profile),3
2022-04-19 13:54:33,It won't open,1
2022-04-19 08:22:35,Keeps on giving me error messages. I have installed and uninstalled more than 5x and I am still unable to open my flight info... What gives???,1
2022-04-18 14:39:09,Cannot sign in while on a trip in Cuba,1
2022-04-17 21:24:19,Difficult to get into my profile page,1
2022-04-15 17:17:05,"Wouldn't open. I uninstalled and reinstalled, but the problem persists.",1
2022-04-15 10:32:41,"After the last update, one of my trips disappeared, and I can't add it anymore. There is always an error message 🙄",2
2022-04-14 20:02:08,"App has worked flawlessly for me. Can easily check in, pay for additional luggage, and upload proof of vaccination. No effort required!",5
2022-04-14 18:50:23,Good... will wait and see if it works!🤔,3
2022-04-13 08:40:36,Unable to sign in (pop-up screen is completely unresponsive) rendering the app completely pointless,1
2022-04-12 22:08:05,Can't log in. It only lets you log in through chrome or my Samsung web browser. Neither link works. I downloaded the app to use the e-card wallet function to collect points and for my flights. I literally can't use the app.,1
2022-04-12 11:56:12,"It's impossible to add flights nor reservations, nothing seems to work",1
2022-04-11 19:59:15,This came in handy use it when ur ready to travel,5
2022-04-11 15:16:32,an absolute joke... was there any testing done?,1
2022-04-11 14:15:24,"App won't open on my phone. Tried restarting, updating and reloading. Nothing works!",1
2022-04-11 12:19:35,"Downloaded the app, tried for Aeroplan, verification code took forever to arrive, could not find Aeroplan anywhere on the app, could only see Air Canada. Deleted the app. Developer response: Thank you for your feedback. There are Aeroplan related features throughout the app, for example: In the 'Book' tab, you can book with Aeroplan points. You can also sign in and learn about everything Aeroplan has to offer by selecting the dedicated 'Aeroplan' tab from the navigation bar at the bottom of the screen. This is my reply to the developer's reply: Yes, I could see those options. I wanted to actually contact Aeroplan. I have been trying to get a replacement card for months. I would like to be able to see my account in the app. I would like to see a contact point, even if it's a bot. No such luck.",1
2022-04-11 10:04:12,Wasn't showing all my info just apology and nothing. I removed to reinstall and it's not even reloading it. They need to fix these bugs,2
2022-04-10 18:46:15,App no longer works on Android 7. Keeps crashing on startup. Appreciate the feedback that someone is working to fix the problem.,3
2022-04-10 10:57:27,Your prices are an unfunny joke. Carrier surcharge? Literally every other outlet beats your prices. Doing Canada bad. Bye!,2
2022-04-09 22:11:55,THE BEST AIRLINES EVER!!!SPACIOUS... COMFORTABLE...THE AIR HOSTESSES ARE WELL TRAINED AND MANNERLY!!!,5
2022-04-09 19:59:46,Not having any luck so far,4
2022-04-09 18:43:22,"Updated the app on 2 Android devices: S10, when I tap on ""login"" nothing happens! A51, when I tap on ""login"" I am prompted to select Chrome or Samsung Internet but when I select either one, nothing happens!",1
2022-04-09 16:07:58,"Like many people have already mentioned, the ""Sign in"" feature is completely unresponsive. Please fix it so we can use the app. Update: So I discovered that if you have Brave or DuckDuckGo as your default browser, you can't sign into the app. But if you change your default browser to Chrome, then sign into the app, and then change your default browser back, everything seems to work.",4
2022-04-09 14:28:48,This app won't even open on tablet....,1
2022-04-09 07:27:56,"The best travel, booking, and info app out there, of course especially if you fly Aircanada! This provides alot of info and I can easily search for flights! It's simple yet stylish! Go Aircanada!",5
2022-04-08 23:16:39,"Can't sign in anymore as it doesn't allow you to do so, terrible update",1
2022-04-08 14:15:28,"App is dead, no fix in a timely manner. It won't load, hangs as soon as the main screen appears. Current v5.23.2. Air Canada stated in January they had fixes coming in v5.24. It's now April and still no update. I guess this is on par for the quality of service AC provides.",1
2022-04-08 08:07:09,App not installing.,1
2022-04-07 17:22:28,Cannot sign in,1
2022-04-07 09:00:44,The app will not even allow me to sign in! The sign in button or the Aeroplan button do nothing when tapped.,1
2022-04-05 18:32:45,Not a good app for air canada,1
2022-04-05 15:33:16,air canada service beyond awesome,5
2022-04-05 11:49:09,Original review: Cannot sign in to Aeroplan. Links to a browser do not open and there is no other method to sign in. 0/5 Update: Above problem fixed by setting Chrome as default browser temporarily. Links still didn't open to other browsers but setting Chrome default auto opened on sign in,4
2022-04-03 18:17:09,App keep stopping,1
2022-04-03 12:25:54,"It never works, I have downloaded and re-installed 6 times. I hope their planes work better than their app. It's just doesn't fly!!",1
2022-04-02 20:12:44,good service,5
2022-04-02 16:23:45,I downloaded the most recent update and now it won't open - message states that it keeps stopping. It was fine before this latest update. What a pain.,1
2022-04-02 09:40:33,"I'm using a Huawei P20, EML-L09. The Air Canada app does not work on my phone. The flight status functionality does not work, but works on other phones I've tested. Also I am never able to check in with the app. I've only had this problem with the app since using this new phone. I am a flight attendant and use this app every single day so it's become very frustrating not to be able to use its functions. Please advise! Thank you so much.",1
2022-04-02 08:50:33,Hope you have time to call customer assistance and wait in the queue to login. The two factor authentication takes HOURS to send the code which is only good for 5 minutes. Classic Air Canada - they aren't happy until you're not happy.,1
2022-03-31 17:08:54,Can't sign in. The sign in button does nothing. Fire your developer,1
2022-03-31 03:33:03,Don't waste your time in this app is the junk,1
2022-03-31 00:58:39,Your stupid app keeps deleting my booking and giving me error codes everytime I try to readd it. fix THE BUGS jfc,1
2022-03-29 22:37:12,"Sux !!! Previous app was great...this one fails everytime I try to open it... uninstalled and then re-insalled, and the same...now how do I use Air Canada and the Aeroplan...not impressed...",1
2022-03-29 17:43:23,Amazing up to date app. Love using it.,5
2022-03-29 10:21:41,"Love the way everything is available to you as soon as you open the app, very easy to use.",5
2022-03-28 21:15:06,Horrible. The app was at one time working but then would not update. I uninstalled and have now reinstalled numerous times and now I cannot get any of trips loaded as it comes up with an error.,1
2022-03-28 19:09:11,"not able to sign in. When clicking on sign in button, nothing is happening.",1
2022-03-26 18:40:23,Accidentally signed out of areoplan now sign in buttons do not work at all.,1
2022-03-26 12:37:59,"App no longer functions properly. Trips do not load nor can I load boarding passes manually. Cannot search flights either. Error message says ""An error occurred that we didn't expect. We have automatically been notified and hope to address this issue shortly"". I fly frequently - app stopped working 6 weeks ago. Uninstalling app and downloading again doesn't fix application issues.",1
2022-03-25 18:35:34,"Clunky, not very responsive and after 90 minutes of trying to get the app to install , the app still has trouble connecting to Air Canada's servers. If connecting during regular business hours is a challenge maybe a banner ad suggesting a better time frame could play instead of the airplane buffering icon. It is so disappointing to have so much difficulty on the Android platform while the iOS platform seems to have less hiccups.",1
2022-03-25 10:58:50,App keeps failing.,1
2022-03-25 10:19:42,Doesn't work,1
2022-03-24 17:41:24,Can't sign into Aeroplan missed rewards doesn't work,1
2022-03-24 11:39:16,my areoplane needed to be renrwed?? as I don't fly all that much. A new account was set up before i left canada and worked for our departures but now i can't access the damn account again now we are to return in a week. How the hell am i to get my tickets!#$$@@%%,1
2022-03-24 08:32:41,excellent,5
2022-03-23 21:02:38,"Awesome crew and terrific flying through awful turbulence. Food was pretty good too, but the flight attendants were top notch! Great service and will fly again!",5
2022-03-23 13:09:41,Won't even open after I installed it on my Samsung note. Delete,1
2022-03-22 08:23:03,Very good service. Have sufficient leg room.,4
2022-03-22 02:32:47,Brutal! Just will not stay open,1
2022-03-21 21:43:51,I can not sign in 🤨,1
2022-03-21 19:45:47,Will not open,1
2022-03-21 12:42:20,Wont let me sign into aeroplan on the app. Thats kinda the point of the app.,1
2022-03-19 22:48:00,Would rather use with Star Alliance (Asiana Miles). Aeroplan has deleted all my previous points. While if I go through Star Alliance (Asiana Airlines) Their point doesn't expire.,1
2022-03-19 16:53:53,"It doesn't work, downloaded it 3 different times can't even open it, waste of time",1
2022-03-19 11:07:13,My itinerary on App is wrong. Does not tally that I have in my email address which is correct. Air Canada changed the flight via email. The same change is NOT showing in the mobile application. The Application seems to be having buggs.,2
2022-03-18 23:47:08,Keep having to reload as it keeps hanging on my samsung 10+,1
2022-03-18 13:12:08,"poor design, not user friendly, boarding passes not easily accessible",1
2022-03-17 12:00:32,Can't apply promo codes,2
2022-03-17 09:57:12,"Provide my trip details, such as schedule changed, check-in time and what I need to notice before start the trip.",5
2022-03-17 09:33:10,"Recently it became impossible to sign into the app. It presents the ability to open a browser to sign in, from within the app, but nothing happens when you tap the link. It doesn't open a browser, thus you cannot sign in. Tried removing app, no change.",1
2022-03-17 08:56:10,Unabke to download app on wifi or data.,1
2022-03-17 05:46:08,it's a bit daft but I love the countdown of days to flight,5
2022-03-16 15:00:51,Useless,1
2022-03-14 14:17:20,Can't Even Login,1
2022-03-14 13:12:31,Can't even login. Worthless app.,1
2022-03-14 09:14:57,Unusable since the latest update on earlier versions on Android - crashes on startup continuously - even after complete uninstall and reinstall.,1
2022-03-14 01:03:44,"I can't sign in. Button for sign in and Aeroplan aren't responsive. I'm not the only one apparently, please try to fix that. I have a Huawei P20 Pro",1
2022-03-13 19:42:44,Doesn't works !,1
2022-03-13 14:15:27,Down loads but refuses to open notifies me constantly that it's app is not working!,1
2022-03-13 11:58:44,"Why do i need to download another browser, just to sign in to aeroplan section. Whats the point of signing in the app then?",1
2022-03-10 16:52:04,good work,5
2022-03-09 13:44:28,Can't login. The button (along with the Aeroplan tab) is completely unresponsive. Have cleared cache and also yried a full reinstall. Disappointing,1
2022-03-09 12:12:09,Unable to sign in the mobile app. Tried installing almost 3 times but no luck in signing in the app.,1
2022-03-07 23:45:06,Stops all the time,1
2022-03-07 13:52:29,Awesome,5
2022-03-06 16:45:28,Can't search for flights..errors out. Reservations added to the app are not there the next day... Usually less than half of my reservations actually stick and can be displayed in the Trips tab.,1
2022-03-05 19:55:23,Worst flight experience it was worst nightmare for my mother to fly with air canada stay on Ontario she was left alone to board flight she can't walk no wheel chair some one harassed her she was crying on the phone but one gentle police officer helped her with wheel chair and safely board her on flight I will not recommend to any one to fly with air canada.,1
2022-03-05 19:04:07,Can't load Aeroplan. The app has a sign in button but it does not respond when clicked. such a useless app.,1
2022-03-05 14:11:22,so easy to book a flight with the app,5
2022-03-05 13:01:34,Can't even open the app. Loading bugs.,1
2022-03-05 11:08:07,Can't sign in. Update reinstall multiple times but still can t click on sign in....,1
2022-03-04 19:12:13,Keeps closing,2
2022-03-04 14:08:41,Abysmal,1
2022-03-04 09:46:00,App not working,2
2022-03-03 02:37:45,"i lost my baggage in air Canada flight which I took from Montreal at 28.02.2022 to Toronto to New delhi, and reached new delhi on 01.03.2022,but unfortunately I didn't received my luggage in New delhi airport. And I raise the complain for the same.  My baggage tag no. Is 839840. But unfortunately after reaching home I'm trying to contact the number they provided me but no one is answering and even no mail response from them.",1
2022-03-02 15:52:54,"Changing my rating as the flight pass issue was resolved; I will change it again once I have tested it. I eagerly await the restoration of the calendar function, and I hope you restore the ability to choose which alerts to receive.",4
2022-03-02 08:35:24,When it works it works great but when it doesn't it is a major headache. Twice this week I have had to reload my trips back on because they just disappeared. This morning received and eupgrade and when I tried to pick the seats it would only allow me to pick one for myself but not my husband's seat. Had to log into Air Canada on my laptop to do it. Very inconvenient if this happens while enroute and do not have access to my laptop.,3
2022-03-01 22:26:23,preety good,5
2022-03-01 13:16:22,Never works!,1
2022-03-01 06:56:53,Very buggy app,1
2022-02-28 18:34:25,"App does not open on an andriod phone . . . Poor service , no one gets back to you.",1
2022-02-27 16:47:43,does not work....keep stoping,1
2022-02-27 10:52:48,"As others say, app keeps stopping and won't allow access. After trying all short of replacing device have had to resign myself to accepting WJ as Canada's airline (???).",1
2022-02-26 19:29:18,"Worked great until the last update (which was suppose to fix bugs). I can't even open it after the update. Keeps crashing. Please revert back to older version that at least worked. Maybe instead as saying that the new version fixed bugs, it should say added new bugs making the app completely useless",1
2022-02-24 22:05:40,Stinks Garbage And more,1
2022-02-24 16:12:30,"No matter what I do, I cannot seem to login. The sign in button is disabled. Gave all the permission the app asked still no luck. Tried to get help. Got a generic option. Filled it up but never heard back. I have a pixel 5 phone if that helps",1
2022-02-24 13:22:27,Great! All information in one place!,5
2022-02-24 06:33:35,useful app,4
2022-02-24 06:04:42,keeps on restarting I can't use it ...it was fine 4 weeks ago when I had to use it at the airport but since a few days it keeps on restarting...,1
2022-02-23 17:58:43,I have promblevgetting into my acount,5
2022-02-23 09:25:33,👌🏻,5
2022-02-22 11:19:51,Never opens always frozen,1
2022-02-21 21:44:38,Literally Unusable,1
2022-02-21 18:05:03,App does not open. App stopped. No star,1
2022-02-21 10:27:56,This is a great app. I get real time information that helps me plan my day and not waste time at the airport.,5
2022-02-21 05:57:42,"Convient for the most part. However, I cannot change my. Reservation through the app It says they can't find a flight, but I know for a fact there is a flight that day. thus I always have to call an agent, it's annoying.",3
2022-02-20 23:35:09,App startup time needs to be worked on and well as the aeroplan miles tab having the barcode popup right away would make this much more useable.,3
2022-02-20 23:30:13,good service,5
2022-02-20 11:44:17,"Love this app! Easy to navigate, make purchases from and includes very informative and timely information. It very occasionally crashes, but then so do all apps crash at some point or another. Nothing too concerning😊 Thank you Air Canada for this app I use constantly!",5
2022-02-19 12:06:59,App suddenly stopped working! Won't even open! Tried uninstalling/reinstall but nothing changed. Piece of garbage! But not a big surprise coming from AC! Wanted to give zero stars but had to pick one in order to post!,1
2022-02-18 23:27:02,Keeps shutting down. Can't get to aeroplan card.,2
2022-02-18 21:42:53,Impossible to do check in online 😠,1
2022-02-18 18:07:54,Crashing when it's not even open.,1
2022-02-17 00:22:58,easy to use and navigatethrough,5
2022-02-16 19:43:37,Trash. Cannot even sign in. The button doesn't work! Neither does the Aeroplan tab. Cannot book flights. What's the point of this app?? Using a pixel 6 with latest Android.,1
2022-02-16 18:34:47,"App needs some serious help... Can't login, can't book, can check-in... Don't bother with app just use website, it's a little less frustrating",1
2022-02-16 10:15:20,Perfect...,5
2022-02-13 09:33:58,Keeps crashing.,1
2022-02-12 11:30:39,"Great app, no issues/crashes until now",5
2022-02-11 23:47:26,"Indian citizen need transit for international connections through Canada, an information that Air canada doesn't mention anywhere on it's website while booking ticket. It has a tool which asks for nationality to check for required documents, but doesn't have any mention of transit visa. Plus you get only air credits upon cancellation. Poor experience!",1
2022-02-11 23:26:17,Great app and easy to navigate,5
2022-02-11 17:05:43,"Bloated slow and difficult. I want a quick and easy way to collect points, not ads for vacations during a pandemic, and a sign up process that involves having to charge my life story (I need to share my gender just to get points)???",1
2022-02-11 13:06:46,Bloody shite app !! Wont accept phone number !! Rubbish got rid,1
2022-02-11 11:38:09,best airline,5
2022-02-10 21:25:44,"Garbage. Cannot even buy flights due to 'unexpected error' and no clue to the incorrect field. Terrible app design, you'd think taking people's money would be their top priority. (Spoiler alert, it is, they're just terrible at it)",1
2022-02-10 14:59:38,"The app sucks. Aeroplan is a hassle just to sign in on. Apparently I do not know my own postal code, according to the app.",1
2022-02-09 18:20:58,Still so many bugs every time I try to book a flight... I have to go to the web page. Why can't I see if I can upgrade using ecredits before I book?,3
2022-02-04 21:58:06,"App errors out when booking a flight. I got 3 charges in the process. Please fix the issue. This can ruin anyone's overrall experience. Now comes the hassle of calling customer service explaining this app sucks and glitched out while booking. Thanks, just what I need.",1
2022-02-03 10:08:39,Best app I see,4
2022-01-29 11:55:03,great app. It has improved over time.,4
2022-01-28 15:26:01,Easy to use...love it,5
2022-01-27 10:48:55,seems to work well and do all that's necessary.,4
2022-01-26 13:17:35,Hard to use,2
2022-01-25 09:33:05,Please update Aeroplan to be able to be accessed through Google Pay wallet to scan for points.,1
2022-01-22 22:42:46,This mobile app does not allow uploading of files for missing flights and uncredited points.,1
2022-01-22 15:47:03,"Overall ok, but some features need improvement. Renewing an existing credit card, for example",4
2022-01-22 03:45:48,Worst travel service ever experienced,1
2022-01-21 19:04:18,aeroplan estore is hard to navigate,4
2022-01-21 08:23:08,Please add EUR & GBP currencies like on your main website. How could you forget these essential things on your app?,2
2022-01-20 06:17:23,Do not see where to book vacations?,3
2022-01-16 23:48:47,Good,5
2022-01-16 21:19:37,"Have been trying to update my aeroplan rewards. Nothing. I received an alert my flight is departing earlier but, it doesn't show on the app.",1
2022-01-16 06:24:58,Easy to use. Informative and important,5
2022-01-13 16:42:46,Won't let me sign in to Aeroplan on Android 11 phone. Works fine on Android 10 tablet.,2
2022-01-13 09:57:14,"ap was pure joy to use, flight updates to your phone auto rebooking for delayed flights totally awsome",5
2022-01-13 06:44:17,Not bad. Useful functions,4
2022-01-12 18:30:22,"It's not working, I'm not able to use the verification code, it's not arriving in 5 minutes, when I receive it it's expired so I'm unable to use my account at all!",1
2022-01-11 12:48:38,The app no longer shows a points expiry date. It does not seem possible to view or edit profile details. It appears you need to use a computer and the website for full functionality. Perhaps it's a work in progress?,3
2022-01-10 20:09:01,You can nothing do on this app you can just book your ticket no manage booking,2
2022-01-10 16:43:11,I can't add my future trips in the app.,1
2022-01-09 18:18:02,The app now recognized my booking automatically. What a fabulous feature. It also popped up my boarding pass automatically. Total genius!,5
2022-01-08 22:32:35,"Excellent flights from Winnipeg to Phoenix, via Calgary, this week",5
2022-01-08 11:55:43,"very easy app to use, all information is clear",4
2022-01-07 18:01:35,Crashes on opening. Google pixel 3,1
2022-01-07 16:11:50,Good,3
2022-01-06 14:00:35,"App is completely useless keeps giving an error code and saying we will fix the issue shortly when searching for flights, adding reservations an using your points to book but never does. I've deleted the app and reinstalled it 3 times still gives the same outcome not sure what happened with the new creators for the app but please go back to the old AC before the aeroplan app update that one actually worked!!!",1
2022-01-05 11:27:15,awesome,5
2022-01-04 15:10:56,"I just want Aeroplan for the points, not the whole Air Canada site.",2
2022-01-04 09:30:10,App is decent but aeroplan points not showing up. Have made atleast 20 purchases at LCBO and none have registered.,2
2022-01-04 01:58:53,High time to update what had been a very negative review back in 2019. Happy to say that this app is now incredibly useful especially with the aeroplan integration. Kudos to the Air Canada team!,5
2022-01-02 22:09:04,"Convenient but faulty. The Check In and Boarding Pass options are very handy. But I've encountered some problems that their team should fix -if the flight gets rescheduled, the option to check in pops up again unnecessarily -i didnt get boarding notices via the app notifications for my 3 connected flights as they happened (though requested text messages did come through). But a full day after my flights they started popping up at 630pm with clearly the wrong date in the notification",3
2022-01-01 22:13:39,"easy, clean, amazing",5
2022-01-01 22:12:30,I really like the full amount of information it gives you,5
2022-01-01 17:50:02,Quicker than the new AC website which takes 2 minutes to load any page and refreshes and redirects so many times. The annoying thing is that the Y segment of mxed cabin flights is not identified when you search business class on the app.,3
2021-12-29 17:41:33,No card in mail yet,5
2021-12-29 10:45:10,I would prefer an Aeroplan points app that I could easily access for scanning in store. Unfortunately this app is for Air Canada flights primarily with Aeroplan access added as a feature - and that feature tends to be buggy,1
2021-12-28 20:07:25,"Terrible customer service at the Vancouver International Airport. They asked us to be here three hours before our flight, and still many people lost their flights because Air Canada would only have TWO AGENTS checking in over 200 passengers flying to the USA! It is the Holidays! Don't they have specialized people/ technology in Human Resources ready to plan for this, to have more agents available, to provide an optimal customer service? I don't understand.",2
2021-12-28 10:28:18,local flights from our city to halifax have been discontinued,3
2021-12-27 20:18:18,GOOD,5
2021-12-25 15:02:33,awesome experience all included in one app,5
2021-12-25 14:45:10,Good service in these tough times,4
2021-12-25 11:23:34,I like chicken nuggets.,4
2021-12-25 06:12:53,excellent app,5
2021-12-25 01:36:53,"Very good app, and it could improve with links to connecting flights. Also, some of us will greatly benefit from having information on regulations in airports of connecting flights.",3
2021-12-22 15:56:38,Just gives errors when adding flights. Tried to contact Air Canada but would have to wait a week on the phone,1
2021-12-22 12:45:17,To use att LCBO,5
2021-12-22 11:53:09,Not sure why opening screen keeps telling me to download New Aeroplan but when going to playstore app is already installed?,4
2021-12-22 08:54:07,This app is garbage. It does not work on laptops with Windows 11!,1
2021-12-21 22:59:55,"This update is not useful at all, couldn't watch anything on my flight!!!",1
2021-12-21 21:12:01,"I booked a flight from Toronto to Calgary by using this app. while they deducted my money from the account I didn’t get any reference number or mail or anything at all. when i called them they said nothing got booked from my card and they can't help me getting my money back. while I do enjoy the features of collecting points and stuff while using uber, Starbucks or from other stuff but this experience will definitely make me away from booking tickets through this app in future. i got my back tho",3
2021-12-19 14:33:22,Wont let me show trips,1
2021-12-18 13:24:42,"Bad app. We tried checking in and weren't able to upload our vaccination proof, it's really buggy and useless.",1
2021-12-17 05:04:42,The App is pretty good. Need to explore more of its functions.,4
2021-12-14 21:11:05,Won't install app,1
2021-12-14 20:46:55,Where is the setting for French? Can't find a French app either.,1
2021-12-12 18:51:49,"Always erroring out on aeroplan updates, why is that? Why can't you fix this issue?",2
2021-12-12 00:06:58,Impossible to attach a proof of vaccination document. The app gets restarted and loses all the progress,1
2021-12-11 15:39:47,Very good app,5
2021-12-11 03:30:44,Makes check-in pretty simple. However for seat selection they messed up and my selection 24hours before my flight was not recorded and only learned this 5 hours before the flight where our seats were already taken. (we received the confirmation email too) Make sure to always double check. The app isn't reliable enough clearly.,2
2021-12-11 00:57:42,"A waste of time!!! Don't bother. I couldn't complete my flight check-in because I couldn't upload any of the necessary documents. Traveling is stressful enough as it is, this doesn't help nor does it streamline the process. I'm annoyed and disappointed.",1
2021-12-10 13:50:20,"Is not updating from main database, I have changed my booking 36 hours ago but still not showing the changes, completed useless because I'll not be able to check-in or do changes of seats",1
2021-12-09 18:18:09,App crashes. It's slow and janky. Doesn't remember your bookings if you don't book through Air Canada directly.,2
2021-12-09 14:28:17,"Helpful, nice service",3
2021-12-09 07:20:33,"Literally nothing works , can't even add my profile info ,totally useless",1
2021-12-08 20:58:34,Great,4
2021-12-08 15:21:23,Errors: the only reason I got the app was to check the gate # for my connecting flights. It always comes up with error no matter what flight or number I input. Don't download.,1
2021-12-07 23:38:06,easier than I thought to book etc.,4
2021-12-07 08:54:31,"A quick update on my booking , changes, or availability",4
2021-12-06 15:35:28,Highly-polished and easy to use.,5
2021-12-05 04:53:20,TOO SLOW,2
2021-12-01 20:49:10,Shockingly poor,1
2021-12-01 17:23:06,"2 stars due to white text on white background makes it unreadable. It's possible it's related to the Android system having dark mode enabled. However, I am unable to book a flight with the app due to the text and background being the same color.",2
2021-12-01 15:19:16,Slow and decrepid,3
2021-11-30 18:40:24,"Slow!!! GARBAGE so I just wanted aeroplan app, they killed it and now just opens a web page..whoopee..I can open a web page..Uninstalled",2
2021-11-29 10:08:27,Good app works great easy to navigate if you can read lol,4
2021-11-29 01:41:35,"Tried to get on , keeps saying credentials not recognized. Then when I tried to get in again it said I was automatically locked out of my account for 40 minutes. Terrible app and scary.",1
2021-11-27 00:20:04,Awful Where is the flight timetable,1
2021-11-23 16:57:39,"In preparation for my flight to the US, I was trying to upload my test documents to the app. I tried both on the mobile app and their website - in both cases it would not accept the document upload nor the QR code scan. Other airline apps don't seem to have this problem (Delta, United, Alaska).",2
2021-11-23 16:09:35,Had multiple faults: during a booking app gets suspended and then does double and triple bookings. To cancel extra trips isn't very easy either,1
2021-11-23 15:44:17,"I like the app, easy to maneuver.",5
2021-11-20 13:45:23,Very messy app. Hard to find boarding pass. Doesn't automatically add aeroplan points. No barcode for scanning points at stores like LCBO (they cant scan the qr code). Terrible terrible app. I hate it.,1
2021-11-20 03:21:27,Good luck,5
2021-11-19 15:58:00,Horrible I still can't get into my account after many attempts and several lockouts,1
2021-11-19 06:19:30,Works very well with all the information and options you need to plan and book flights ✈,5
2021-11-18 20:19:49,Best app,5
2021-11-18 10:36:28,very good,5
2021-11-18 07:47:57,Just install app got an error in 2020. now 2021 working better no problems,4
2021-11-17 23:31:07,Brutal. If they didn't have the market cornered I'd never use them.,1
2021-11-17 21:45:16,Excellent services...☆☆☆☆☆,5
2021-11-17 18:40:01,Excellent,5
2021-11-17 16:41:38,Aeroplan has been wonderful when I used my points to fly free,5
2021-11-17 15:10:26,Very difficult,1
2021-11-17 14:50:52,"If I can give it zero stars I would.. can't access my points or aeroplan since the app was merged with air canada and no points earned for flights with air canada and other star alliance members since ""the new aeroplan""... im sure I am one of many unhappy customers. Thanks for rewarding your loyal customers this way. Horrible.",3
2021-11-17 11:09:21,The update makes the important things right on the from tpage and it links pretty seamlessly so that's awesome:) the navigation is better too!,5
2021-11-17 07:57:14,Very very good,5
2021-11-16 21:46:30,Good stuff 👏🏻,5
2021-11-16 21:21:06,It is terrible. I cannot check in for my D/H flights without putting in inaccurate data.,1
2021-11-16 19:29:26,"Seems to be informative and stable, good start. I like it.",4
2021-11-16 19:04:04,Awesome,5
2021-11-16 16:37:51,Terrible.,1
2021-11-16 16:25:59,Great 👍,5
2021-11-14 23:31:45,Who created this App..... five year Olds??? I keep trying to book a flight and it asks for my visa number then I get a prompt saying that my visa number is on file and to delete it. It just keeps me in an endless loop and I can not book a damn flight!!! Can anyone help me??,1
2021-11-14 09:38:24,Never works properly,1
2021-11-13 21:00:18,"very intuitive, great resource for all flight info",5
2021-11-10 20:06:21,Bad as hard to use,1
2021-11-09 17:52:01,The Air Canada app is easy to use and very clean,5
2021-11-04 22:05:41,"I havent flown since 2017. My aerolan points of 30,000 plus was cancelled. Can i buy them back? I think at that time it was more than 300 canadian dollars to buy the points back. I have been a member since 1995, wilp obly fly with aeroplan and air canada and their affiliates.",5
2021-11-03 11:25:48,Unfortunately with the recent update most of the app does not. Can't see points or Aeroplan. Can't.book flights. Basically useless,1
2021-11-02 20:11:20,always I can not reserve the seats with in 24 hours,1
2021-11-01 14:14:57,"My flight have problem from them, and I try to ask them to help me but they didn't help me. What about my money! I already paid!!! And the problem is from them not me!!!!! How can I do? I try to context them a mamy ways(fb, ig, call, app) they can posts on social almost everyday but don't answer me!!",1
2021-10-30 22:33:07,it works,5
2021-10-30 10:10:05,"It does not inform gate changes, even does not send text messages for gate changes",1
2021-10-28 14:55:53,still bugy and needs improvements,3
2021-10-27 18:16:20,App keeps crashing when I try to connect my aeroplan.,2
2021-10-26 16:54:38,Works well,5
2021-10-25 20:41:24,App not working. Keeps saying retry and that it has been sent to fix.,1
2021-10-25 13:21:16,Fly AC regurly. Flights are reliable. But their web booking is hard to use and makes mistakes.,3
2021-10-24 04:45:49,Very nice app,5
2021-10-23 12:45:51,Doesnt tell you the day west jet has flights. So after punching in your info theres a good chamce you will have to redo everything since theres not a flight that day and they won't tell you before,1
2021-10-21 18:28:06,"Text are all over the place and misaligned, had to check on a browser instead",3
2021-10-21 17:13:11,"App works smooth. Easy to book flights and online check-in. Boarding passes are available easily and does not disappear until the journey is complete. Aeroplan details are available on fingertips. Overall, a good app for airline use.",5
2021-10-19 02:04:26,Laborious!,1
2021-10-17 13:12:43,its amazing,5
2021-10-17 09:59:27,"Searching for flights works well however managing a booking needs improvements, the issue - If someone else books your flight such as a company, it's all most impossible to add/change the booking to incorporate your aeroplan number. You then can't take advantage of the benefits associated if you have status such as cheaper seats or extra luggage allowance, you can only do so at check in but then it's often too late to choose the seat you want, frustrating!",2
2021-10-17 09:53:36,"Aeroplan - worst mile program there is. They removed over 100,000 points I earned and would not give them back. The points aren't worth using for flights as the cost without them isn't much more when compared to using Aeroplan points and paying for the excessive ""taxes"" and fees they charge on top of them. I use Aventura now and find their program much better for gathering points for flights and rewards.",1
2021-10-14 21:19:01,"Nice app, I like it",5
2021-10-12 16:07:42,Freezes all the time,2
2021-10-11 22:56:21,It has trouble looking up reservation code and retrieving my boarding pass,1
2021-10-08 08:26:10,Update repeeateedly fails,1
2021-10-08 07:46:10,"This app has great functionality. The problem is that every time I get within 4 days of a booked trip, the app crashes on opening. I can't use the app at all at the time when I need it most. This has been happening since the refresh of the app. This happens on both of my Android phones and to friends with Android phones.",3
2021-10-08 07:21:27,I love this app was able to keep track of my flight time and changes. Still learning how to navigate it,5
2021-10-07 19:21:12,"The app won't update on my phone previously the aeroplan function had issues, junk.",1
2021-10-06 19:29:22,Good app great support,5
2021-10-05 10:10:27,"What a terrible, terrible app! It pales in comparison to almost every other airline app. It lacks so much functionality, features, and contains plenty of bugs. You might as well just visit the website on a browser... unless, of course, you wish to waste waste your valuable time attempting to use this app.",1
2021-10-04 19:27:13,All i wanted to do was book a flight. So upgraded and ended up in a loop of upgrade to open back to upgrade etc. Not good enough when the completion is on the doorstep!,1
2021-10-02 13:51:38,"While the intent of this app is admirable, it simply will not update Aeroplan activity and never automatically updates trips - it is the same on two devices. None of my emails or comments have received a response, so I can report that there is zero support. UPDATE:. This review prompted a response from AC, providing a different email address to which I submitted my issue. A fix was provided within three minutes, so I have increased my rating - thank you!",5
2021-10-01 04:28:57,Glitchy,1
2021-09-27 23:22:14,"Worked well,",4
2021-09-27 07:32:41,"awesome way of checking your trips , and booking new flights",5
2021-09-26 17:34:22,I'm experiencing the same problem as a lot of other people since the last update it is not syncing with my aeroplan account and does not update or allow me to book a flight with points. Very frustrating. I bet this doesn't happen with their IOS app.,2
2021-09-24 19:52:55,My points and trips wont show up. App doesnt work and hasnt for months,1
2021-09-20 08:24:02,Won't update,1
2021-09-18 13:30:14,"fair to midlan, looks better than it smells",3
2021-09-18 11:27:45,excellent functionality,5
2021-09-16 23:24:26,Everytime I try to book with points it says it has encountered an error.,1
2021-09-16 11:07:56,Poorly designed app that Air Canada hasn't trained its employees on. Embarrassing.,1
2021-09-15 22:08:09,"I've been trying to access my flight information for the past 3 weeks, I deleted app and reinstall 4 times, now with less than.10hrs before my flight same error ""we're sorry an error accur we didn't expect"" this is frustrating!!!!",1
2021-09-15 17:59:14,the best service,5
2021-09-15 12:20:53,"App need improve , alway crash",3
2021-09-15 05:22:56,"Experiencing the app very pleasant to work with. More could be integrated, then in some cases being redirected to the website. This is not necessary, just nice to have.",5
2021-09-14 20:44:27,the app functions as intended,5
2021-09-13 11:45:38,super,5
2021-09-11 13:58:04,"All good until I attempted to upgrade my ticket in the bidding area. I was given a ""buy it now"" option for 1250 and a choice of payment or 125000 points. I selected points, even though I only had 80000, thinking the system would either allow me to top up points with a payment or deny the transaction altogether, allowing me to go back and do a payment for the full amount. I'm now locked out of area. I called support who said the upgrade is 3000+ unless I can get back in there but I get error.",2
2021-09-11 03:08:43,... Google chrome is required for sign in?????,1
2021-09-10 15:07:46,Why do I need to install Google Chrome to use it?,1
2021-09-09 19:58:19,Do not waste your time or effort with this app. I installed this app and the problems began. I have an aeroplan # but it wouldn't let me sign in or change my password. So I tried to create a new account but it wouldn't let me saying I already had an account - go back and sign in. It was a circle of frustration. Living up to the Air Canada motto 'we aren't happy until you are unhappy!' Why do companies roll out such useless applications?,1
2021-09-08 21:23:03,Works very well and easy to use,5
2021-09-08 01:12:04,Using a Chromebook and your app tells me Chrome is required?!? It's built in FFS. I click your prompt to download Chrome which points to an incompatible version?!? What a complete farce. Fix this garbage.,1
2021-09-06 11:46:46,Doesn't open,2
2021-09-05 19:44:38,"Horrendous. I have been a customer for close to ten years and you never once asked for proof of my date of birth. I signed up through my credit card and last time that I checked, my date of birth is on my credit card application along with any other information USED TO SIGN UP FOR AEROPLAN. I have no problem proving my date of birth except your website is so broken that it doesn't prompt me to upload any proof once my information is changed. Never again.",1
2021-09-04 10:42:50,"There are better, but this is a solid app. Like most it ""expects"" you to know how to find what you want.....fatal flaw. The most used travel items are hidden/difficult to find and once found you need to have ALL you data in front of you, which if we had that we wouldn't need the app. This is the flaw of most airlines apps so get used to it. I am traveling 200 days a year but only recently go to Canada.",3
2021-09-03 06:49:46,Great app!,5
2021-09-03 02:33:59,Free to fly updated,5
2021-08-31 21:01:53,easy to use and enjoying up-to-date information.,5
2021-08-31 18:18:17,It's getting better but with multiple flights and boarding passes the app becomes not reliable,2
2021-08-31 15:11:01,Am revising from a 2 star to a 5 star. Much improved - more ability to access and search information and navigate. Fully integrated with Aeroplan. Big step forward all around.,5
2021-08-27 19:26:14,Can't even log in,1
2021-08-27 17:26:57,"I figured I'd post my experience here as well. Air Canada does not honor promises made on purchasing. For the third time in the row, I've paid extra money for a seat that also has priority boarding as a benefit. For the third time in a row that has not been honoured. I think I will have to move my, on average, six flights a month to WestJet or similar.",1
2021-08-27 16:49:16,Made me update while showing a bar code. At the airport.,1
2021-08-27 09:02:09,works good most of the time,3
2021-08-25 09:39:41,"Was useless before COVID lockdowns, and remain the same now. Can't book, change, or anything else. Just for getting booking status updates",1
2021-08-24 14:13:55,"It took me several hours to book the flight, and even though it shows how many aeroplan points you'll receive for the purchase, it still has not been updated to my aeroplan card. It also does not give any work around of how to add the points nor it never state if it will be added at some point in the future. It has been several days and I still don't know. Now I'm thinking that getting the aeroplan card was a big waste of my time, just useless.",1
2021-08-24 13:32:05,"Great app to navigate everything Air Canada and Aeroplan, just need to fix the occasional app freeze and glitches...otherwise, well put together!",4
2021-08-22 23:55:41,Way too complicated!,2
2021-08-21 12:56:56,Too bad nothing will open except the main page. What a waste of signing up,1
2021-08-21 12:20:59,Half the time it doesn't work cannot get in Aeroplan at all,1
2021-08-20 23:23:10,Garbage airline. Just sat on hold for 2 hours and 16 minutes and got hung up on. Terrible customer service.,1
2021-08-20 21:24:56,"Worse customer service in the airline industry, Air Canada is a garbage company i don't how you guys still in business. I can't wait to see you guys go fully bankrupt and paid the price of the terrible services you've been offer. Please don't do business with air Canada. Go with southwest,Jetblue,Delta.",1
2021-08-20 08:16:13,Updated Review: App is much improved from its first release!,4
2021-08-19 20:41:45,Why is it not available on Microsoft tablets and computers? Very inconvient!,1
2021-08-19 16:23:03,"Always wants me to re download it, super annoying, lots of bugs to fix but once im in it works fine.",2
2021-08-19 10:24:06,Cannot book flights nor add reservations,1
2021-08-19 07:14:32,Crashing immediately after opening on Galaxy S9+,1
2021-08-18 10:40:01,It will not update to the correct Aeroplan points I have. I've tried contacting Aeroplan several times but it is impossible to speak to anyone!,1
2021-08-16 23:46:17,Disappointed. They only scam people,1
2021-08-15 17:21:55,Works decently after updates. Boarding passes were easy to find.,4
2021-08-15 14:35:51,Front end for website. Useless,1
2021-08-14 05:36:59,Nice,5
2021-08-12 18:33:52,"Impossible to login, the system sent me 2 code and both were wrong, the unique solution is calling them which means that l need to spend 2 hours like always happen when we call an airline.",1
2021-08-09 23:08:24,This app offers the worst user experience ever. As a long time aeroplan user I was excited to see what AC would do to maintain or improve the experience but Instead it fosters nothing but resent. Finding and booking flights rarely works and when it does it is extremely slow and frustrating. Dear AC: Now is the time to grab the travel market. At the very least Offer a functional app.,1
2021-08-09 18:30:39,Terrible . I could not sign in . I need details of points earned . Could not find them . Was promised a promo of 7000 points for on line bill payment .did not get it,1
2021-08-09 17:25:42,"This is one of worst app I have seen for official airline. The website is very confusing and very complicated .The website has extremely bad follow of sequence and functionalities. Unstable and does not look, it is designed by experts.It is not simple and it is not user-friendly at all.It makes booking for simple flight a hard work. I would suggest to the developer of this site to do more search and view other airline booking app. Booking for flight should be as easy as 1-2-3.",1
2021-08-06 22:27:44,"Update seems to be not in the best shape.....first, it deleted all my.flights from previous version. Second, I am unable to add it to the application now ('error we didn't quite expect).",2
2021-07-31 15:04:43,What a stupid approach to require customers to install Google Chrome to use the app. What a poor and disconnected management !,1
2021-07-31 11:27:27,This is an invasion of privacy. I should not have to sign in to watch entertainment. Everyone should send a complaint to Canada's Privacy Commissioner!,1
2021-07-28 10:12:48,I wish it could be a download app,4
2021-07-26 02:38:59,It needs Chrome to be able to sign in? What's the point of an app? What year is it that an app is still browser locked?,1
2021-07-23 12:23:36,very useful when on the go.,5
2021-07-22 15:40:59,tells me I cannot log in as I need Google Chrome ... I have Google Chrome. I am using a Pixelbook.,1
2021-07-22 11:47:56,Not able to upload Covid 19 test results evan though I have updated my app as per instructions,4
2021-07-20 11:41:07,It all works very well. Cheers. L.,5
2021-07-19 23:16:27,"App design without common sense.. i want to select one way ticket. I selected date and there is no flight available so i have to choose another date. But when i aam selecting another date, it is automatically considering that date as return date. What's this?",1
2021-07-19 18:51:00,"I used to be a fan of the Air Canada app but now it is just terrible. The app won't let me check in even though I received notification that I could (had to do it via browser), it won't link to my Aeroplan account when I try to use the link provided in the app, and I wasn't able to search for flights using the app. I would give it zero stars if I could.",1
2021-07-17 12:40:04,good deals,5
2021-07-16 11:05:20,"I WANT TO GIVE THEM ZERO STAR, BECAUSE I CANNOT LOG IN FOR MANY TIME THEY TOLD ME CHANGE COOKIES SOMETHING MINE IS FINE!! ALSO THE WEB SITE TOOO SLOW. OMG.. I AM GIVE UP TO USE YOUR WEB SITE!!!",1
2021-07-15 23:01:58,Did not recognize that I have a boarding pass,3
2021-07-11 20:25:08,"Update: Paid an extra $80 to book a flight. Coincidentally, the app didn't work until the price went up. Have no idea why the US is ok with this monopoly. Air Canada provides the worst online/app experience . Can't check in through the app. Can't log in or link to app online. American Airlines and Westjet (that only provides non-stop service to my city seasonally) have online services that work seamlessly. I am an application developer and I would be embarrassed to release this product.",1
2021-07-09 21:42:30,Easy to use.,4
2021-07-06 07:55:19,"Bad company More than twenty messages to replace the date or refund the price of a ticket that was canceled due to Corona virus and an amount of not a little $1,400 public theft",1
2021-06-28 10:14:37,Very good,1
2021-06-27 09:19:26,"Trying to select seats in this app has become an exercise in futility. The seat selection never matches the seat map when reviewing my selection, so you can never be sure where you will be seated.",2
2021-06-24 08:46:37,Great Great,4
2021-06-23 11:58:13,"Quality. X, , X. P. o, x, x,, X. X. ,:(8po. SA s as Aap s sa. ,",5
2021-06-16 13:35:43,Can't even book. Always shown error.,1
2021-06-15 07:58:52,Sick of updates every month. So annoying for nothing,1
2021-06-12 19:33:59,Doesn't work,1
2021-06-11 10:53:30,never book air canada as they only play with emotions of people firstly book flights then extend ban till 31st july .. worst airline,1
2021-06-10 08:24:30,I love this app. It makes all my traveling so easy!,5
2021-06-10 03:15:40,best app in the world,5
2021-06-09 16:18:46,Keep getting error message when trying to book. Appsl is up to date.,2
2021-06-07 16:18:17,Fantastic,5
2021-06-07 12:07:28,Unable to add or edit additional passengers on app.,2
2021-06-05 12:33:28,Flight info updated quickly,5
2021-06-03 20:28:28,A really great app that zeems to work very well,5
2021-06-02 13:16:50,"Clean airplane, on time, friendly staff and crew, great services and entertainment.",5
2021-06-02 11:06:18,Yyuy tEgo ynIm. K,3
2021-06-02 10:35:24,Great app!,5
2021-06-02 09:38:00,Message pop up to update for newer version which is not available on the play store. Wake up Mr. Developer.,1
2021-06-02 06:06:37,What a joke. I also gave it one star just to allow me to post it,1
2021-06-02 05:18:37,"Keeps saying theres an update, then wont update",3
2021-06-02 04:27:20,It 's nice app,4
2021-06-02 03:46:00,very easy to use. highly recommended downloading it for both Air Canada and Aeroplan,5
2021-06-02 01:05:36,What is wrong with this app..its saying there is an update but it's not working,1
2021-06-01 23:08:13,It keeps saying I need to update and when I click to update/download it keeps going back to the app and the error repeats itself!!,2
2021-06-01 18:46:14,Way better than westjet.,5
2021-06-01 18:42:50,Easy to book and track information,5
2021-06-01 17:10:12,"When I'm in the app it keeps telling me to update to the new version. But when I get to the app store, it doesn't have an option to update the app. Terrible experience.",1
2021-06-01 14:07:30,Functions correctly.,5
2021-06-01 13:29:56,Use it every month to travel,5
2021-06-01 11:56:41,It says download the new updates. Once selected it gives me 2 options uninstall and open. An infinite loop.,1
2021-06-01 10:45:36,Easy to use.,5
2021-06-01 10:43:55,Excellent information and special offers,5
2021-05-30 22:05:18,Annoyingly bad. So many silly issues,1
2021-05-30 02:31:33,"The new app isn't an improvement over the old one. It forces the user to install Google Chrome (an incredibly poor idea to force your customers to use Chrome). Also, it isn't as intuitive. The only reason I didn't give it one star is because it at least integrates Aeroplan.",2
2021-05-27 23:18:19,"Can't add Starbucks card, can't link to credit card, need to sign into Aeroplan every time it opens any web link. Terrible system... Nothing works.",1
2021-05-27 23:15:43,"I have no other option ...most of time I have to come from air canada only..three years back...I was coming from India ...when I did not find the place for my beg ...one flight attendant shown me the place by finger...I was not able to lock or shut the uppercase..when I requested flight attendandant to help, he told me I am not your servant ....I told him that you are here to help me ...so well built flight attendant replied me to fix that problem by myself only....worst experience up till now",1
2021-05-19 10:34:59,"Latest version of the app (v 5.0.1, 2019-11-15) force closes immediately after opening app. App is currently unusable. Using a Pixel 2XL on Android 10. Please fix the app.",5
2021-05-17 12:33:21,The app just keeps crashing on launch screen.,1
2021-05-16 14:03:26,Can't open it,1
2021-05-14 03:06:25,fraudulent airlines,1
2021-05-12 12:12:01,Finally I don't need 2 separate apps for air Canada and Aeroplan. Very smooth and haven't had any issue thus far.,5
2021-05-09 23:16:24,I would like to see any Air Canada credit and it's expiry displayed somewhere in the app. My American Airlines app has that and I find it useful to know how much and when it has to be used by.,4
2021-05-09 13:20:13,its good but it could be fantastic..,4
2021-05-07 10:16:16,"Last three updates and the aeroplan section does not update to latest points balance. Last balance update shown was Jan 2021. Gives option to retry to connect, but it fails. Just says ""error trying to update balance. Click to retry"". Fails on all my samsung devices.",2
2021-05-03 13:28:57,Never works...always loading,1
2021-04-26 22:14:11,Doesn't work glitchy and customer service is terrible,1
2021-04-24 09:12:08,Shame on Air Canada and aeroplan for making it so hard to use the app.,1
2021-04-22 18:25:20,Booking and tracking my flight is awesome,5
2021-04-13 09:47:44,very user friendly,5
2021-04-13 09:36:22,Clean responsive UI that's just works,5
2021-04-12 07:42:10,Getting better than it was. But still not giving the same informations as if you connec to the real web page.,2
2021-04-11 12:54:16,Great app. However how about in the next update we have the ability to import the number into Google Pay to save like this have in Apple Pay and iPhone,3
2021-04-02 13:59:19,Trash app. Aeroplan section is useless. Can't log in easily and logs you out constantly. Very very poorly built. Avoid it unless you need more stress in your life.,1
2021-04-01 09:21:40,What's the point of having this app when taking me to a browser?,1
2021-03-26 06:33:13,Horrible . It has not been working for almost 2 weeks now. What is wrong with the IT department?,1
2021-03-25 19:46:07,Horrible app.,1
2021-03-24 07:34:28,"I've had this app for a while and am a frequent traveler, but all of a sudden it has been asking me for my password EVERY TIME I use the app. Has this been happening to anyone else? Any solves? I've tried everything I can think of. This was not happening before and has only started in the last 2 months or so.",3
2021-03-20 13:10:40,"The Air Canada app provides all the information you need. It's actually two apps in one, as the Aeroplan app, I only wish locating missed miles was simple to find.",5
2021-03-14 21:11:43,fairly responsive and matter updates real time,5
2021-03-13 12:58:31,"It is a mess, complicated and not user friendly at all. The Aeroplan section is even worst and impossible to activate ""Family Sharing""! When are these companies going to understand that ""Less is more"".... No longer adds Amazon miles earned! This App is still a mess.... Why is there no ""contact us"" for Aeroplan members? No way to get any questions answered, unless you want to spend a whole lot of time waiting in line on the phone, no thx!",1
2021-03-10 08:14:38,"Since the merger between Aeroplan and the Air Canada App, I can't even log in to my Aeroplan Account to check my balance. I keep getting ""page cannot be found"" when I try to agree to the consent page. This app sucks!",1
2021-03-08 01:06:22,"Easy to use, effective and efficient. I'm ready for the next trip!",5
2021-03-02 09:54:15,Awesum,5
2021-03-02 06:41:05,Slow. Generally a terrible app. Destroyed the aeroplan portion,1
2021-02-28 12:36:21,Would like to be able to see scheduled flights more than three days before to plan for covid screening and have required info such as flight number and scheduled departure times,1
2021-02-26 13:34:29,Well structured and reliable. Very useful for my regular travel needs.,5
2021-02-23 08:51:10,Much easier to use that the old app,5
2021-02-21 09:37:18,Attempted to install it. This app could not even get off the ground before it crashed.,1
2021-02-18 10:29:25,Do not update! You will be required to get Google Chrome with the update. You can't even sign in without it. The app was already mediocre to begin with. It wouldn't even autofill your frequent flyer number. Now it's just garbage,1
2021-02-17 19:35:20,"Thanks for responding to the review. Star rating revised accordingly. I like the app, no issues there. Fast, clean, well thought out. Rating is being held back because of Chrome. Many other of my secure apps do not require it to log in, and I don't like keeping apps on my device that I don't use. Nevertheless, because I fly with Air Canada, a lower rating would be unfair due to the Chrome inconvenience alone.",3
2021-02-16 12:47:02,"Following the last update (8-feb-21) I can't open anything on the app, when trying to book a flight, I get an error has occurred pop up. So I booked online, now when trying to add my trip to the app, I put in the res no. and name but I get the same error. Looking back in the review comments others are having issues following the update and AC has responded, indicating that the bug is only on Android tablets, but I'm using a new Andriod phone.",1
2021-02-15 11:15:06,"very good app, keeping you updated on not only flight but covid information",4
2021-02-12 12:29:27,Good,5
2021-02-12 04:13:43,Why do I need google chrome for this app to work?? This new update ruined it even more,1
2021-02-11 21:13:31,Good.,5
2021-02-11 11:25:30,Garbage. Why do I have to use google chrome to sign in? Not impressed.,1
2021-02-11 05:55:46,The app won't download.,2
2021-02-10 06:16:54,Good app,5
2021-02-10 03:52:36,Bad app got even worse. Why do I need to install Chrome to login? Uninstalled.,1
2021-02-09 22:06:34,"Cannot even log in after latest update in February 2021. This stupid app requires Google Chrome to be installed. I have Chromebook with integrated Chrome browser and cannot even install Google Chrome from Play Store. Other apps recognize Chrome browser on Chromebook to sign in, but Air Canada developers did not think of it. The old version was working. Now, I have to uninstall this app and use website.",1
2021-02-09 21:47:18,"Its just like air canada, a let down. Don't trust that your aeroplan points were collected.",1
2021-02-09 15:50:56,November 2019 version I'm unable to see my reservation and it's not responding when I'm re-inputting my reservation.,5
2021-02-09 10:21:18,Very good interface. Easy to understand and navigate.,5
2021-02-09 10:03:20,Muy buena app,5
2021-02-08 19:44:53,It takes times to get use to. It seems too complicated..,3
2021-02-08 19:36:23,Require google chrome - i don't use google chrome. So useless - my personal privacy is more important. Please make an app that everyone can use. Thank you.,1
2021-02-08 18:41:30,Google Chrome is required to sign in to aeroplan in latest update. ? Removing app.,1
2021-02-08 17:40:51,"Installed the app Feb 10, 2021, 5 days after latest update which promised a seemless Aeroplan experience. Lol. Everytime I click on Aeroplan, the app closes. Waste of time.",1
2021-02-08 17:01:41,Keeps on stopping,1
2021-02-08 16:56:00,Terrible,1
2021-02-08 16:26:24,Great,5
2021-02-08 14:26:42,"Very good and informative app. Used it to change my seat, know prices for extra bag etc",5
2021-02-08 14:06:10,Forcing users to download Google Chrome in order to sign in is a big NO.,1
2021-02-08 13:51:47,Great 👍,5
2021-02-08 13:39:26,"Worst! Basic app basic features. Can't even see your booking it change seats, tickets, etc...seriously AC please look at DELTA airlines app that is the best by far!! Literally I was coming to the gate and the delta app told me I was going to miss my connection and gave me options to choose another flight for FREE in the app before I even got out of the chair! Follow up. Has changed dramatically. Now this is a proper full function travel app!",5
2021-02-08 12:30:23,"From 3 to 4 stars for new version. This rating reflects the app, not the company itself",4
2021-02-08 12:20:27,perfeito,5
2021-02-08 10:56:10,Why google chrome mandatory with the new update? Uninstalled.,2
2021-02-06 17:23:27,Not sure why I need Google chrome to log into my aeroplan account,3
2021-02-05 10:05:19,"I am unable to use any of the functions on this app, ie. Add reservations, book flights, and even find my Aeroplan number! Big thumbs down if they don't fix this soon!!! 👎👎",1
2021-01-29 17:32:52,Very good service,5
2021-01-24 17:52:01,Cannot see points expiry on the AC app. A digital card that can't be scanned by retailers. Absolutely useless. Whoever designs these apps is out of touch with functionality and design.,1
2021-01-24 15:28:42,Good,5
2021-01-10 13:51:38,Just does not work. I have uninstalled and installed several times.,2
2021-01-10 09:32:47,Horrible. Impossible to book a flight simply,1
2021-01-09 16:38:09,"I was extremely frustrated trying to find the expiry date for my points thru the web. Thought I would give this app a try, hoping the app would offer a smoother access to my profile/status. I was wrong. No expiry date revealed. Correct me if I am wrong.",1
2021-01-08 21:26:00,Ads,1
2021-01-08 07:04:16,"Really like the look of this, but so many more steps to shopping through aeroplan. Not difficult, just more time.",3
2021-01-07 17:46:15,Great !,5
2021-01-07 13:49:34,"This app is not accessible with dark mode users. MANY data timeouts. Currently useless for me as a user right NOW, no idea how this rushed through to production. The product owners should be embarrassed. Stop hiring 3rd party agencies based on upper management relationships and instead hire based on reputation and good proven work.",1
2020-12-29 08:01:50,4f 3 2×,3
2020-12-25 13:07:50,excellent app,1
2020-12-24 13:05:02,Great for booking/monitoring travel needs!,5
2020-12-24 10:15:35,My app keeps closing.. I updated it.. Even after that.. It doesn't automatically synced with my details. It asks for loading details.. What's the point of using app then.,1
2020-12-22 00:59:25,Important app when travel with air canada.,5
2020-12-21 22:44:26,Slow response for both Android and Microsoft versions. Continually getting error messages. Aeroplan users appear to be an afterthought. As an aeroplan member I wish this was a better app.,1
2020-12-21 15:47:25,Since this new update I cannot access the estore to use my points.,1
2020-12-21 15:33:06,Horrible. Trying to redeem points is just a broken link. Very frustrating and useless app.,1
2020-12-21 15:01:30,"Another fail by air canada. Tried on many occasions to access amazon estore for aeroplan points thru their website which proved impossible. It only allow you to buy gift cards, obviously. So thought I would give this app a try. App won't allow me to access estores. Everytime I search amazon, there is error. Gave up on aeroplan. Cashing in my points then chucking my aeroplan card.",1
2020-12-20 12:03:51,Still can't find out where I can log out,1
2020-12-19 01:32:08,Bad! R,1
2020-12-18 19:34:58,Nice app looking for a a vibe+ring option for upcoming boarding with some option like an alarm where I can snooze! Some airports are large and sometimes time during jetlag escapes me and would be great if the app reminded me of the next boarding time coming up.,4
2020-12-14 05:38:53,Won't run on my tablet,1
2020-12-13 16:52:13,Can't go on Gift cards anymore. Woh the hell wants to here about Air Canada I will get rid of my aeroplane and never get another one again,1
2020-12-13 09:37:29,"No official notice from Aeroplan developers that their app is no longer working and suddenly forced user to find out themselves, that AC now integrated with Aeroplan? What kind of business strategy is that??! Smh",1
2020-12-11 10:15:19,not useful... aside from showing flight details every other feature is an external link requiring you to login again. What's the point of the app? it doesn't replace any of the Aeroplan app functions it's just an app with a bunch of web links.,1
2020-12-10 05:49:13,Aeroplan info did not show up as the new app update demostration promissed. Best i could do with the bottom right Aeroplan button is to find my aeroplan number and copy it to clipboard. Needs work please.,1
2020-12-09 18:03:53,A much better app than previous versions.,4
2020-12-09 01:28:44,"It's this meant to replace the Aeroplan app that doesn't even launch currently? All I want to do is show my card to the cashier. This app has my number, but doesn't seem to have a scannable bar code for some reason. I guess I'll show it to them next time and see what happens. I don't want them having to touch my phone though, or put it on the counter, for obvious health reasons.",1
2020-12-08 22:09:12,Garbage app. The old Aeroplan app was so much better. This new app is unworkable.,1
2020-12-07 21:59:45,I don't like this app it doesn't show me what I can get with my point I don't fly any where,2
2020-12-07 20:40:00,App keeps crashing when trying to launch,1
2020-12-04 15:15:36,"Looked at booking a trip with points. 50 flights available, cant sort or filter flights. Thats such a basic feature to have. App seems to have been designed by people who never actually used apps before",1
2020-12-04 11:18:34,Can't load card on phone to show bar code.,1
2020-12-04 06:43:02,Why can I not use 2 different accounts in app or Download app 2 times for 2 different accounts ?,2
2020-12-04 02:09:07,Thanks for helping the client with the real acc passport. Again this week lost more. More email accounts after the so called security and paying for sex accounts. Never would happen under my account or company that I for sure. Especially the ones that hurt children.,2
2020-11-29 23:01:14,Love the new app and Aeroplan program.,5
2020-11-25 21:56:48,Terrible limited flexibility,1
2020-11-25 12:07:47,Disappointing services,1
2020-11-23 14:12:23,I can't speak for booking flights but the Aeroplan portion of the app is very Problematic forcing me to use the only slightly better website.,1
2020-11-22 20:15:12,You guys REALLY need to do something about UI design. It's so damn counter-intuitive.,3
2020-11-22 18:13:04,Feature Suggestion: I would like to see an option to filter out certain aircraft types when searching for flights.,3
2020-11-22 16:54:10,The ticketing agent copied full name in both first and last name fields while issuing air ticket and now I am not able to claim my missing aeroplan miles even when I have my boarding pass and ticket proof that i actually travelled with a partner airline. There is no easy way to claim missing miles. I keep getting automated rejection from the aeroplan website system. They should allow for travel proof attachments in name mismatch cases. Very disappointed.,1
2020-11-21 12:16:34,"Absolute trash, won't let me log in. Had to download this garbage since old app is gone",1
2020-11-19 09:55:13,Does not let me look up flights using my miles.Also Toronto to Las Vegas quickest flight 8hours. Give me a break. Can't choose direct flights. This is a total rip off. So much for passenger loyalty.Even if i use my miles flights are almost the same price if i don't use my miles.,1
2020-11-18 00:36:26,The Aeroplan digital card does not show the barcode anymore. Can this be fixed so we don't have to carry the physical card. Thank you,2
2020-11-15 07:14:54,This app is discontinued. Delete. Use air Canada app,1
2020-11-14 20:03:57,I cant get my aeroplan to move over to this app,1
2020-11-13 21:02:58,"A new all time low AC. Why allow us to update Aeroplan app to finally get it to open and tell us its no longer being used?? ""Get the Air Canada App""... which I already have and was so impressed with a month ago, now its broken too!! A simple test reward search froze & crashed the app 7 times or of seven. You don't even want this thing to work do you?",1
2020-11-12 19:12:05,Absolute disaster in software programming. The AC APP is not working the way it should. Shoddy software planning for a major transitional merger of AC & AEROPLAN. A/C customers beware when trying to use this APP. Suggestion to A/C: FIX IT!!,1
2020-11-12 13:43:04,"Good app but needs virtual card, bar code thing.",4
2020-11-12 12:40:10,Nice App,5
2020-11-12 11:14:30,Cannot find the expiry date of my Airoplane points.,2
2020-11-11 21:31:44,"Atrociously slow and limited functionality app, made worse by the awful airline it pairs with. Would recommend looking elsewhere for travel arrangements.",1
2020-11-10 17:39:50,Horrible app and transfer of UI. I doubt Devops put in any work into this. I am not even sure if I can use points to book hotels anymore,1
2020-11-10 14:28:06,Garbage app! I tried to add my missing aeroplan points and I filled up the information needed but it keeps saying I was not on that flight. Update your useless system!,1
2020-11-09 21:35:54,Where is Aeroplan's fixed milage? Can't find it anywhere,1
2020-11-09 17:25:35,Almost perfect. Wish I redeam and transfer points,5
2020-11-09 06:25:56,Where's my aeroplan points? I can't redeem it to Hotels reward anymore!!!,1
2020-11-08 02:16:42,Messed up,1
2020-11-07 06:55:11,As usual by air Canada. Releasing untested software. How does this pass Google store controls? Error codes again 🤦,2
2020-11-05 01:55:05,It's easy to use,5
2020-11-04 17:29:55,Pos,4
2020-11-03 04:07:52,"Cannot even log in. Their website is constantly down and so I was directed to use the app, but that's broken too🤷‍♀️. Tried booking a flight on 2 separate days through the app but it won't let me, so I guess I have to use a different airline. Like, it's the 21st century, I should be able to book my flight without having to call an agent.",1
2020-10-21 14:29:37,My trip canceled by aircanada so I get anther ticket same day different route but the charge my Extera US 300 not fear...,1
2020-10-21 06:05:36,Efficient,5
2020-10-20 18:06:07,Updated: Finally got in. Not much there for Aeroplan at this point. ____________________________ I can't even get into this app. I installed it because the Aeroplan app is being retired. I was able to use my credentials to get through the initial login but the first verification email for 2FA took about 15 minutes to get to me (you have to supposedly enter it within 5 minutes) so that didn't work. I pressed the link to resend the verification code (now about 3 times) but have received nothing.,3
2020-10-20 14:23:28,The worst!,1
2020-10-20 13:54:33,Just perfect,5
2020-10-15 05:27:55,Very disappointed with this app I've been using the same VISA/DEBIT card for 3 years now. paying my baggage fees and suddenly 3 weeks ago cant pay anymore. Payment declined message???? PLEASE FIX . I've been trying to call customer service !!!!!! Well good luck to anyone who tries I keep getting bounced around .,1
2020-10-08 15:22:50,International Business that blocks all out of Country inquiries. LOL in a NOT so funny sort of way 🙃,1
2020-10-04 06:27:22,I like the new update but still waiting for the one who'd let us see a list of our previous flights!,4
2020-10-02 10:45:19,Poor customer service,1
2020-09-28 07:17:51,"Worked fine from Canada. Now that I'm in Europe and trying to check in the system on my android phone keeps crashing. It won't stay ""open"". I've tried force stop and reopening....to no avail.",2
2020-09-28 01:47:37,"Easy to use. Not always best price. Online update about your flight , gate change for example . Convenient electronic boarding pass.",5
2020-09-10 23:18:38,"Unbelievably poor integration of payment methods, making the app completely useless. My credit card was recently replaced and I was unable to edit the expiry date stored in the Aeroplan section or even delete the entry completely to start over. Because of that, the card is completely useless on this app and I'm unable to purchase tickets as it's not possible to have duplicate cards with the same number. Note that Aeroplan says that they don't store the credit card info in their app so this is COMPLETELY on the AirCanada side of things.",1
2020-09-03 16:10:32,"Since couple of days app is not working, constant error message. Contacted web support no answer or help, very poor customer service",1
2020-09-01 14:32:42,FANTASTIC,5
2020-08-29 15:41:30,The Air Canada app created its own calendar in my Calendar app and I cannot get rid of it. I've tried deleting all calendar data and many other things but this phantom Air Canada calendar persists. I guess i'm going to have to reset my phone which is going to take hours to get back to the way i had it set up. A colossal waste of time.,1
2020-08-23 00:34:43,Very good I enjoy flying without air Canada,5
2020-08-22 16:40:23,"I like the app, but there needs to be an option for a multi-city flight just like on the website.",4
2020-08-21 20:54:37,Easy to use,5
2020-08-14 12:49:07,Don't use,1
2020-08-14 00:35:55,Good for watch in shows on plane,4
2020-08-11 06:29:42,"Why are the boarding passes nested under the ""check in"" menu? Completely unintuitive and inconvenient to have to flip through menus to access the boarding passes. Plus, if I've already checked in, why would I think to click ""check in"" again just to access my boarding pass?",2
2020-08-02 19:39:59,"Much improved, the Aeroplan integration makes it much better",4
2020-08-01 12:08:08,Good basic airline app. Not as good as Qatar Airways,4
2020-07-31 01:18:22,Better than before but needs a tab for the boarding pass,4
2020-07-25 03:17:27,It crashes constantly and doesn't let me check in. Not useful.,1
2020-07-20 07:42:11,"Bad app and bad behaivior of the company. Avoid them, they will steal your money.",1
2020-07-19 11:00:10,You have to be an Aeroplan member to use the app. I had booked a flight via another service and I couldn't have my airplane tickets with the app,1
2020-07-17 03:20:59,I do not like this airline because they are not careing about travellers.The interface of app is not so good.The customer care number Is not working.👎👎👎👎👎👎👎👎👎👎,1
2020-07-10 23:10:48,This app crashes a lot. Good thing I printed my boarding pass,1
2020-07-06 02:07:03,No help ! No customer service..you guys just sell off your tickets and after that not interested in what all problems your customer are dealing with. Worst ever !,1
2020-06-30 22:40:59,Terrible experience,1
2020-06-29 23:30:27,Air Canada cancelled my flight and is not returning the money. I wish can try this app but air Canada is being unethical.,1
2020-06-23 22:24:48,Great app. Missing multi destination booking though. Other wise really useful for checking in and having a digital ticket,4
2020-06-22 13:47:46,Cant book my flight anymore or check in,1
2020-06-15 02:46:00,awful. buttons dont work and airline is a complete embarassment to the invention of flight.,1
2020-06-11 12:34:54,This is a good app,5
2020-06-10 09:20:43,GARBAGE COMPANY,1
2020-06-07 16:19:48,U all,5
2020-06-06 09:08:18,"Good app, hard to backtrack on changed though",3
2020-05-26 15:05:09,"An nih ma,j",4
2020-05-18 12:26:51,"This app will not work on my Samsung Note 10 plus. If I try from my Note 8 it works great but not from the Note 10. It has been about four months that I have tried it thinking they may have an update but it still doesn't work. This is the error message that I get: We're sorry for the trouble An error occurred that we didn't expect. Fare Search Results We've been automatically notified, and hope to address this issue shortly.",1
2020-05-15 13:11:07,"It's an ok app but can get annoying when you try to change seats (if you've got more than yourself on the itinerary) because it'll mention one name, so you'll think it's that name you're selecting a seat for, then after you select the seat it'll give the name again. Also, I hate when it deletes my upcoming trip so you've got to reenter the info (this has happened twice so far). Otherwise it seems to be pretty accurate and good.",4
2020-05-10 12:30:22,Bad,1
2020-05-06 22:19:23,"Awful in every way. Hopefully they go bankrupt, because I'm tired of them getting more of my money.",1
2020-04-25 22:26:27,Detailed eady to use accurate,5
2020-04-23 04:39:07,Live updates,5
2020-04-17 06:22:14,Good app which updates news constantly,1
2020-04-15 16:34:23,Doesn't work,1
2020-04-13 00:24:40,"Very good app ,very useful",5
2020-04-11 16:00:44,The company is less responcive than the app. Despite this being a challenging time Air China refunded tickets immediately. Manulife refunded a one year travel policy after 5 minutes on the phone. Getting a personal responce out of Air Canada is like trying to squeeze water out of a rock. They do not pesonally respond to email. Phone.... You'll spend 1/2 hour on hold only to have the call drop. If you can get thru mention the DOT Enforcement Notice which obligates them to issue refunds.,1
2020-04-10 08:23:49,Excellent app,5
2020-04-09 22:53:57,Clunk,2
2020-04-07 09:41:28,Terrible airline!! (But Canadiens are great!),3
2020-04-06 21:11:57,"App doesn't work anymore, very disappointed.",1
2020-04-03 08:39:03,"New AC app is marvellous. Finally the airline got it right. Boarding pass is integrated, tracking flights is easy - bravo!",4
2020-03-31 16:44:48,"This app is useless, none of the flight notifications are reliable. I would expect more from such a big company. Can no longer use e-upgrades online which caused me to lose 30 credits in the new year. Unbelievable.",1
2020-03-29 20:37:01,Concise and informative,5
2020-03-26 04:51:46,Stopped working after update,1
2020-03-23 07:44:47,Excellent,5
2020-03-22 21:39:05,"After update the app is basically useless. Cant login after 10 tries at their new double verification, called the number they said could fix it, no option for log in assisstance with general wait time between 90 minutes and 2 hours. AC back to their usual standards.",1
2020-03-20 15:25:08,"Over all good but, could be better for sure..",3
2020-03-19 16:48:28,Absolutely awful Trump closed the boarder to Canada and yet you guy wouldn't refund my ticket. Absolutely disgusted with the greed of this company Never again Air Canada.,1
2020-03-17 18:01:24,Liked the old app better...at least it worked! Loaded.d this on my galaxy tab 8 and it worked fine on my trip to florida but refused to work on the return trip to Toronto (the rouge portion). Said I needed a newer android version when I already am running android 9.0 on the tablet. Not impressed!!!!,1
2020-03-17 14:47:43,"Has some good features. Tends to crash. The low rating is from the crash that occurred at the critical moment of check in whilst sitting in a remote, non-english speaking, foreign (from our perspective) country.",2
2020-03-16 09:41:47,Love this app! Gives you up to date status and provides everything you need at the touch of a button!,5
2020-03-15 02:30:49,"The worst customer service I have ever experienced, I purchased a flight using my debit card, I upgraded to business class using the machine when it offered to upgrade me for a fee, once I boarded the plane someone else was in my seat with the exact same ticket number, I was told to leave the plane. Instead I flew with WestJet that were absolutely wonderful and helped me with the bad mood after I had been embarrassed by AirCanada. 4 weeks later I am still trying to get the refund for the upgrade",1
2020-03-14 13:19:21,"Horrible. I tracked a flight from last Saturday, and because they use the same flight number regularly, I am now getting notices about this week's flight. No way to delete it, or another flight number that I entered incorrectly. Had to uninstall and reinstall (because that's the only way you can track their flights). Total garbage.",1
2020-03-13 15:25:18,Useless,1
2020-03-12 11:11:02,This app doesn't work at all. Old app was fantastic this one is waste of time.,1
2020-03-11 21:21:18,Can't add any upcoming flights to this. Gives an error each time,1
2020-03-10 18:31:56,Honestly if I can give this app a zero I would. Nothing but frustration with Air Canada and Aeroplan credentials. I travel often with many airlines and this app has to be the worst. The user interface absolutely useless. So frustrating.,1
2020-03-09 10:52:34,Great,5
2020-03-07 13:35:08,"This app NEVER works. All you get is ""sorry an error has occurred. We hope to resolve this issue soon. You can't download your boarding pass or check your flight status",1
2020-03-07 11:27:46,"This app sucks so bad that you should consider using west jet. Every second booking the check in is not working, not on the cell phone or i pad. I will consider not flying air canada anymore because of there failing app. Convinence out the window back to old style check in.",1
2020-03-07 09:29:19,Changing my rating since the problems are fixed in new update. Good work Air Canada.,4
2020-03-06 09:56:10,"6 month ago I gave a 1 to AC app, it was a mess.... Now it's getting better and better and I use it daily without any problem. Still slow and the waiting should be manage better. Next step the visual which is minimal. Keep it up",3
2020-03-06 07:48:00,Won't let me add my trip to the app. Error keeps happening.,1
2020-03-05 19:53:21,"Awful app. Unable to do anything on it, except load the app, no matter how many times i re-install. Could not retrieve confirmed flights or even search for upcoming flights to book. Truly disappointing and poor user experience.",1
2020-03-05 19:13:53,What a garbage app. Doesn't update any information (Gate.. seat ) and it keeps giving me an error when adding the boarding pass. Such an embarrassment,1
2020-03-05 12:23:19,Doesn't work. Keeps giving me an error message every time I look up my flight. I have installed and re-installed several times to no avail.,1
2020-03-04 15:51:50,this app is pretty but does not work. very frustrating when trying to use it for its intended purpose and it just does not work.,1
2020-03-04 08:24:00,I used this app and worked great and would have given it a 5 star until I upgraded it recently. Lost all my flight information and reservations and cannot retrieve this important information for my return home. I deleted the app and reinstalled it with no success. This leaves me stuck as can't use telephone for air Canada and they have no email to confirm flight information. This is very upsetting to say the least. Richard,1
2020-03-03 17:10:13,"Tapping ""continue"" button twice causes failure. I was unable to check-in using app. After I checked-in at air Canada web page I cannot add boarding passes to the app.",1
2020-03-03 03:56:22,Great,5
2020-03-02 11:40:32,This is the worst app I've ever used. It won't let me add boarding passes for an existing reservation and checked in for. It would not let me finish the check in process and I had to use the website on a laptop instead. What's the point of offering the app if it's useless?,1
2020-03-02 10:29:38,You went from being a useable app which allowed you to basically check everything about your flight to basically a bloated app that points to your website. Worst is you are forced to update the app!,1
2020-03-02 04:12:28,"Your app is as bad as your customer service. Absolutely garbage. Will not get another dollar from me after throwing up error codes, and TRIPLE CHARGING ME for a single ticket. And not even giving it to me. Then sitting on hold for 3 HOURS, WHILE OFFERING ""GREAT CUSTOMER SERVICE"" figure it out",1
2020-03-01 01:17:18,Unable to add flight reservation.,1
2020-02-29 17:57:04,Worked well until november changeover in software - never works now - need name and booking reference number to do anything - why cant they use flight number or aeroplan number as well - who carries their booking refernce number? Useless app now.,1
2020-02-28 16:25:04,That's all you deserve.,1
2020-02-28 13:59:58,"One of the worst aps i have on my phone. I have no idea how to use this and what it can do. A complete moron could design a better product. I want to check in, eupgrade, waitlist and as far as i know this does nothing. I guess all the IT people at AC are dealing with the waaaay bigger issue of booking software. AC should win the award of worst IT team ihe country. Thank God their pilots can fly well cause this team is ""spare parts""!!!",1
2020-02-27 18:53:55,"Sadly this app is close to useless. Air Canada used to provide information such as what gate your flight is at, but now nothing that is not on your original ticket, keeps prompting to check-in for flight, but I have.",2
2020-02-27 18:43:05,working again.,4
2020-02-27 18:41:17,Booking references not found? I can check my booking just fine on air Canada website so this app is not working. Update 27.2.2020 - it's working again. Hopefully it still works after future updates.,4
2020-02-27 15:23:37,Finally fixed! Thank you Air Canada,5
2020-02-27 08:10:00,The app went from very useful to absolutely useless to useful again.,4
2020-02-26 23:40:19,Cannot get this stupid thing to work right. It keeps apologizing for errors but doesn't fix them,2
2020-02-26 21:50:06,"Apps still very buggy, can't add existing reservation",1
2020-02-25 23:42:29,Can't look up upcoming trips on this app. It just returns errors and tells me to try again later.,1
2020-02-25 21:42:51,Unable to add an existing booking. Logging in doesn't reflect my associated reservations.,1
2020-02-25 07:58:16,"The new version doesn't work on my Samsung J7! I can't look for flights, can't add my trips...fix it please I need this app!",1
2020-02-25 01:12:48,Wont work,1
2020-02-24 15:24:03,It wouldn't download,1
2020-02-23 21:34:39,Completely useless app I,1
2020-02-23 18:46:29,"Absolutely useless App. Doesn't do the basic task of loading a booked flight. Says there is an error they will work on it. Hasn't worked for 3 months or more, still won't load flight info. Should be an option of zero stars, 1 is too good for this app.",1
2020-02-23 15:52:46,"Update : Now that the tech issues have been addressed, changing to 4 stars from 1 star earlier. The checkin functionality is great and also like to call out ability to view incoming flights, often 3-4 flights down. Need to have Altitude Status and progression integrated into the app.",4
2020-02-23 13:03:43,"Like the other reviewers, the app is very difficult as every step taken results in a message informing me that the session is no longer available. Check-in online is easier but another barrier is the app is not compatible on any Samsung device (not available for download to our Samsung tablets from Google Play). This is not good if you have kids!!!!",1
2020-02-23 12:02:08,App is awful at the best of times. Flying air Canada is always a headache.,1
2020-02-23 11:50:55,New app is horrible and awful.. Missing most of the basic features. Design and flows are brainless.. No option to use points to upgrade seats.. No easy way to manage check in.. No notification on your flight being ready for check-in. Getting boarding passes is pain in the butt... Hope they scrap this garbage app and give us back the old app..,1
2020-02-23 07:59:08,"Terrible, frustrating, aggravating, and worst of all useless",1
2020-02-22 10:48:09,P.o.s. app trying to check-in sitting on a beach in cost rica. And the app keeps crashing. Had to borrow someone elses phone and checked-in for my wife and I. Fail. Now I will have to waste vacation time sitting on the phone trying to get it sorted out. Air canada - get your head out of your ass and fix your app. It's been months of nothing but issues for us frequent flyers,1
2020-02-22 07:40:08,Won't show arrival terminal nor seats assigned which is fairly useless.,2
2020-02-22 05:05:27,"Nothing works, my trips can't be found. Check in did not work and after check in on the web with the same account, boarding pass did not appear in the app. Has been in this state for weeks now.",1
2020-02-22 00:58:35,Terrible buggy mess. Can't even add an existing booking or anything.,1
2020-02-21 08:07:47,"Much more user friendly than the old one, but still needs some tweaks.",4
2020-02-20 19:39:11,"Is it possible to award negative stars? It is the most miserable application (and airline) that ever existed. Never, ever again! Don't care how much more it costs to fly with any other airline.",1
2020-02-20 13:53:14,"App is extremely slow, sluggish and mostly opens a browser page, which sort of defeats the purpose of having a dedicated application..",1
2020-02-20 07:37:24,Garbage app and airline!! I cant check in with all international cities. Only certain ones. Also our flight # got changed with no notification at all! On top of that no info on our codeshared flight.,1
2020-02-19 22:22:59,Never able to check in with this app.,1
2020-02-19 20:53:05,"Worst most flawed app ever. Everywhere you turn, theres an error message patiently waiting for you. Embarrassing",1
2020-02-18 23:29:39,garbage,1
2020-02-18 13:36:43,"This is most useless app I have ever tried to use. After I entered my reservation number, it showed the basic information and nothing else. I could not see any details, make corrections or do anything else. This has to go!",1
2020-02-18 11:17:52,It wont log in with my ref number,1
2020-02-17 22:12:27,Can't add my reservation. Just installed and giving it 1 star in less than 5 minutes. Adding reservations is a basic function but got an error.,1
2020-02-17 20:23:22,Booking reference is 7 digits & app only accepts 6? If it's something I'm doing please help. Looks like it might be quite good once I am able to get my reservation registered.,1
2020-02-17 14:49:32,Crashes all the time,1
2020-02-17 09:11:29,Flight has been delayed twice. Gate change once. Not one notification.,1
2020-02-16 15:42:09,This is by far the worst airline app. Even budget airlines have better app. It takes 30 min to check in and 9 out of 10 time I can't even get a boarding pass in the app. I have to print it out even in the airports with the ability to scan passes.,1
2020-02-16 13:59:36,Not,4
2020-02-16 12:35:19,Very very slow to download,1
2020-02-15 14:08:18,Does what it says,5
2020-02-14 19:49:36,Doesn't work... won't find my reservations... hopefully the flight is better,1
2020-02-14 06:21:42,Doesn't work at all with my phone,1
2020-02-14 00:27:16,"How.... How can this app be this bad.. how do you go from a perfectly good, functional app to this steaming pile of garbage. Features that used to work, no longer work at all or are just missing. Prestige members? Who the f cares about them anymore. Let's take away all the perk features or make them impossible to redeem on the app. WestJet is looking better and better by the day",1
2020-02-13 20:55:15,Each version getting worst. Latest would not even allow to use it on Rouge on a Chromebook. Demands to be on Airplane mode - which cannot be done on a PC without SIM card.,1
2020-02-13 17:26:00,"The new application crashes after 20 second. It must have crashed 10 times. I could not even check in for a flight without it crashing Still having issues month later. Stops half way check-in, invalid boarding pass, random flights added. Not impressed",1
2020-02-13 12:30:59,Needs work... Cannot add booking,1
2020-02-12 23:24:41,Frustrating at best,2
2020-02-12 20:07:37,"The new updated app is very badly designed. There is no notification to check-in, can't e-upgrade from within the app.",1
2020-02-11 23:08:37,"This is the message I've gotten all day each time I try to use the app typical Air Canada all excuses no action. "" Our apologies, we have encountered a system error and unfortunately we are unable to complete your check-in at this time"" You may also attempt to check in on our website, at an airport kiosk or at a Check-in Assistance counter. Doesn't work on the website either so much for getting a decent seat",1
2020-02-11 20:30:05,"Won't load my trips, just keeps saying there's been an error and someone has been notified",1
2020-02-11 20:13:14,Doesn't work well and crashes.,1
2020-02-11 17:07:26,How to check your past trips? That option is gone. Aeroplan number doesnt apply automatically when you book ticket through app. Aeroplan nmbr gets earsed automatically and ask me to login again,1
2020-02-11 16:17:59,"Highly recommend when you travel with Air Canada, Air Canada Rouge or AC Express.",5
2020-02-11 06:49:17,"I've booked ticket on air Canada via cleartrip but it's not showing in the mobile app, but it showing in web well. Why not app??",2
2020-02-10 21:48:00,Terrible app. Won't let me check in 3 flights in a row and locks up all the time. Crappy just like the mismanaged airline. Seeing an average of 1.9 stars was not a shock.,1
2020-02-10 19:55:52,In an airport in Puerto Vallarta trying to download app to watch movies (required to have) - ok - so given the location I figured I'waIt until we got back to our connection flight in Toronto Int'l. Same problem ... App would not / could not / did not connect after over an hour. Jeez ... What's the point AC??,1
2020-02-10 16:43:30,"Thso app doesnt work, and wastes timee. I made 5 attempts to check in and app wouldn't do it. I messaged for help and got told to go to a kiosk when I arrive. AC respondent wouldn't recommend trying ant other method for help. So I tried from their website and it worked fine. I am uninstalling this app. A complete waste of time.",1
2020-02-10 13:19:36,"The worst app I've ever used. I should say tried to use. It won't let me enter a trip to Australia, get a message that can not process request when I enter same booking info as online web site. Garbage. Shameful. If a Zero score was available I would have given the app zero. 😡😡",1
2020-02-09 22:05:50,App worked pretty much as expected. Could have used terminal maps to know where we were going for our next gate.,4
2020-02-09 13:50:12,"I want the old application! The current one has buggs, and it doesn't show any important information, I only can see those in the the super slow website.",1
2020-02-08 19:10:51,"No longer able to use this app on Blackberry Priv Android OS. Used it in the past, and on trip last week, can no longer load ""incompatible with your device"".",1
2020-02-08 12:33:18,I had access to all my trips as of last Thursday....now all gone....I cant add them back in...I have been in contact with Air Canada on Facebook messanger...I was told to delete the app and download again...I have done that several times....and was also told to go to Air Canada website to check... and that site wont let me sign in....unbelievable....and stressful....I am hoping we are still on the flights we had booked. .... and that I can check in online on Monday....,1
2020-02-08 09:40:14,Barely passable as an app. Almost no functionality.,2
2020-02-07 18:44:54,"Horrible. Last yr, when we tried to download the app on our 1yr old android tablet it wont work. My even older tablet worked. Then this yr, both tablet cant download. It say it isn't compatible. This is horrible app if only selected devices can download app. NEED TO FIX",1
2020-02-07 00:57:09,"good, but it should be better to be downloaded in China's app store",5
2020-02-06 23:28:50,😍,5
2020-02-06 23:19:49,I can't add my flight booking. I can't access my ticket. I pretty much can't use the app for anything it's MEANT to be used for. I'll change my rating once these are fixed,1
2020-02-06 15:24:27,Awful compared to old app!,1
2020-02-06 11:02:56,Terrible app Keeps crashing. Will not accept flight number.,1
2020-02-06 10:58:39,"Is there any way I can select the seat from the app before check-in? The seat selection feature was there in old app version, but I cant find it in the new app version.",3
2020-02-06 10:10:55,"Get ""An error occurred that we didn't expected"" when trying to enter my booking details. Phoned Air Canada Customer Services who told me to email their Android support address. Unsurprisingly, I never received a response.",1
2020-02-05 20:10:33,This is a complete and utter joke. It won't find your bookings. It won't let you add them manually-- although it says you can. Most times it won't even let me log on. A disaster. Everyone responsible for this app should be fired,1
2020-02-04 19:19:47,I tried numerous times to add my trip but it wouldn't accept it,1
2020-02-04 10:17:25,Previous app had calendar integration but this version does not which kind of defeats the purpose of having this app.,2
2020-02-03 23:03:58,Consistently crashes,2
2020-02-03 13:38:30,"Far less functional than previous app. Need to dig through multiple screens to find boarding passes, no way to save boarding pass to Google wallet.",1
2020-02-03 00:58:19,"Complete junk. Can't even find my bookings. Useless. Shameful. Unacceptable. Bad. Update: a month after its inception it is still not working. I have two international bookings with AC, both of which changed booking numbers in AC's new reservation system. This dumb app can't find either one, under the old or new booking number. It is incredibly thoughtless of Air Canada to not have resolved this yet. One month later still, my bookings appeared for a while but then disappeared again.",1
2020-02-02 20:24:49,"No matter how many times I try I cannot check in, without Air Canada telling me there's some error. Combine this with the brutal service and canceled flights I'm done. Westjet all the way from now on",1
2020-02-02 19:00:45,"The new version of the app is quite bad and not sure why it was necessary as the old one worked great, but it's gone downhill since the revamp. While it may be more pleasing to look at it has many flaws such as error messages and things most people need the most such as check in and boarding passes are not as easily found.",1
2020-02-02 02:10:23,Uphill,2
2020-02-01 21:01:55,Doesn't install just hangs,1
2020-02-01 16:40:28,"Everytime we try to use it there's a problem. Never had a successful check-in. Always get an error, luggage payment went through but it says 0 luggage on the app, etc...",1
2020-02-01 07:46:23,App does not show my bookings and will not sync with my account online. The old app used to work perfect. This is not acceptable!,1
2020-01-31 10:17:38,"Doest work. Get an error when i try to add my fight, so cant even use a digital ticket. Embarrasing as a canadian.",1
2020-01-30 12:12:14,"Thanks for not improving the app. Bug fixes dont count. Now it crashes too! Come on AC - why no response about the app? STILL NO CALENDAR INTEGRATION!!! New interface is awful, no info summary or main page check in or boarding pass. I thought the United app from 3 years ago was bad. Shame on you for changing. There was no need. Can I give this ZERO stars?",1
2020-01-30 11:34:09,"Forced app update at the security line, and it didn't retain any login information. Thanks, but no thanks, Air Canada.",1
2020-01-30 10:08:29,The worst 🙄 Get it together Air Canada.,1
2020-01-30 09:27:29,Unusable,1
2020-01-29 18:20:17,Newest update didn't work on my most recent flight (Monday). Disappointing considering that part of my fare pays for this non functioning entertainment,1
2020-01-29 16:31:13,Absolutely horrible app. Basic functions such as Upgrades and Check in to flights does not work. I (50K Gold) tried to upgrade tickets on our honeymoon flight and app would not work. Direct aerplan member reservations hotline and staff at YYZ completely unfriendly and unwilling to help. Travel a lot for work and have always had good experiences. However when it came to the honeymoon flights and AC change to the new system it's been a complete failure. Do not use this app for any AC service.,1
2020-01-29 16:27:44,poor customer support. app does nothing but showing your booking.,1
2020-01-29 07:21:48,"Difficult to use, everytime I try and view a flight status it errors out. Nice job messing it up, the old app never this many issues",1
2020-01-27 18:15:39,"Terrible app, won't even show my seat assignments.",1
2020-01-27 18:11:58,Removed most useful features. My least favourite app ever. Very awkward.,1
2020-01-27 16:36:44,Pretty good app but I find it ridiculous that it orders boarding passes with the oldest on top. I have to scroll through many old boarding passes to get to the one I need,3
2020-01-27 15:08:51,Their User interface is not the best but it works... Most of the time. Just to be safe always print your boarding pass. Also screen capture you boarding pass. They should explain it abit better. The app is tied to your account. Both have to match in order for it to work well. The app works but it is not very intuitive.,3
2020-01-27 14:48:50,The app no longer updates the boarding pass when flights are delayed and your seat changes. Sort of useless now.,1
2020-01-27 09:58:36,"Downloaded this to check in, only to discover it times out on every attempt! Going to check in using an internet browser instead. Keeping this useless app just in case it notifies me of delays or cancellations (doubtful: won't even let me check in)",2
2020-01-27 09:28:02,Needs more functionality. Also standy and upgrade list works sometimes. No LHR flight departures avail today or tomorrow for instance. Very unreliable compared to old app.,1
2020-01-26 13:56:32,"Possibly worst app I have used, worse than their last app. Delta's app crushes this one,maybe they should copy it ? App difficult to use, crashes alot and even dumps boarding passes. Lots of oops messages. No surprise from Air Cannot ( sorry spell check). Would give it 0 but 1 is lowest.",1
2020-01-26 10:59:19,There are features of this app which I appreciate such as tracking the inbound flight. But compared to the previous version much needs to be done to make this useful. As of now you can't get or update your seats. I frequently get messages that my booking has been changed but there's nothing to tell me what's been changed. I even got a message that a flight was cancelled only to have it reinstated 5 minutes later after I had contacted reservations to put myself on another flight. Etc.,1
2020-01-25 21:48:10,"They don't tell you before you board that you have to download their app so you can access the onboarding wifi since there are no TV screens. So if you don't realize that until you're on the plane, then you're out of luck. Nothing for 6 hours. Lame.",1
2020-01-25 10:36:25,This app sucks,1
2020-01-24 21:47:48,"Website, not the app, will not let me search for a multi city trip with origin and final destination in the US. The middle cities are in Canada. Will stick with a US airline",1
2020-01-23 14:38:34,I was not able to access my booking and there were several errors.,1
2020-01-23 13:16:36,wow! going backwards fast! What was wrong with the old app?,1
2020-01-23 10:05:23,"I entered my trips played around all three, but when i return to app they are not there?",1
2020-01-22 19:15:42,"New app interface is confusing, first page you see is the booking page, not your pass, flight, info etc. All information were in one page (seats, upgrade, standby, boarding pass, now it's all over the place, hard to find the information you need",1
2020-01-22 16:38:55,Very good. Easy to get around. Thanks Air Canada!,5
2020-01-21 21:28:34,"Painfully bad! Limited reason for using the app as you will be forced on to the website for anything useful. Eup availability works sometimes. It will store boarding pads, other than that nothing. M",1
2020-01-21 20:47:16,Liked the old version. New one can't find my flights to check in most of the time and when it does usually says it failed check-in but seems to have worked anyways. Need to have standby / upgrade and track inbound all linked to boarding pass instead of having to go through multiple menus each time to look,2
2020-01-21 11:51:37,"This app is a step back from the old app. Everything is good seen, it's not easy to check in anymore .. keeps shutting down on me. Bring back the old app !!!",1
2020-01-21 10:39:23,Terrible app.. Doesn't even open.. what a waste of time...,1
2020-01-21 10:07:49,"Updated app: Have had to re-enter same information more than once. Now app keep closing down, so I can't even read the notifications it's sending me. Previous app was much more usable and stable. Poor job on this version.",1
2020-01-21 10:00:07,Crashes every 3 seconds,1
2020-01-21 08:27:00,keeps crashing!,1
2020-01-21 07:27:24,Don't work. Don't recognise valid booking numbers. This New version don't deliver. Totally useless I'm never sure of my travel plans.,1
2020-01-21 04:48:22,I type in the booking reference and the app crashes. I can't check in. This app experience is reflective of my enter experience with the airline.,1
2020-01-20 22:51:20,This app in the recent update has all of a sudden become very unstable.,2
2020-01-20 11:02:19,"This app is horrible confirmed flights can't be found, at least the this is embarrassing message is something they think is funny 😄",1
2020-01-19 22:45:07,"Worse than the previous version. Harder to navigate. Doesn't show purchase details like Bistro vouchers like the old app did. I would have expected a better overall experience given it was a complete rewrite of the app... What is worse is the sheer number of other AC clients all saying the same thing, the previous app was pretty good, this one is horrid. Can't book flights, or find basic info. Old flights keep showing up. Someone should be fired and yet I doubt AC is reading these reviews.",1
2020-01-19 20:47:47,The app no longer connects to my 1 year old tablet. Worked last year but not now. Looks like air Canada want to charge you $10.00 to rent there iPad if you want entertainment. Just another rip off by air Canada. Sorry for air Canada your not getting g a y more money ey from me. $6000 for a week vacation and you cant even get your app to work right. You should be fired for your poor service e.,1
2020-01-19 15:21:46,Can you give zero stars?,1
2020-01-19 10:42:24,"Terrible!!!!!!!!!!!!!!!!!!!!!! Old App gave you so much more! Used the App in December to do an e-upgrade for my self and a companion, received a confirmation, then when arrived at airport there was no upgrade applied. The ticket counter couldn't fix it as they can no longer upgrade seats to Business Class, so ended up in some lousy seats in Economy. But here's the kicker, they took the upgrade credits anyway and 6 weeks later still have not given them back!",1
2020-01-19 09:09:47,The old version of the app used to be quite decent but the new update is difficult to use and doesn't work most of the time. Old flight updates stay on the screen and is riddled with errors and technical issues. It's been a few months since the new update and I have not seen any improvements.,1
2020-01-19 09:03:10,Wouldnt load,1
2020-01-19 08:14:42,"I am now in Dutch Carribean and AC website wouldn't let me check flight status for my outbound flight! As soon as I get to AC website, I get a pop-up blocking the screen that travellers from this country have to contact AC reservation... What about Canadians who are here on vacation and what flight status has to do with reservations? Whoever designed this website is an idiot! The Android app is no better, as soon as I start the app it forces me to upgrade and doesn't let me use existing version.",2
2020-01-19 07:52:15,"Much worse than previous AC app. Did they do any beta testing before unleashing this on their unsuspecting customers? One example of the many flaws - the Trips screen still show a link to a boarding pass from Dec 11, even though I have taken at least five flights since then. Why not show the most recent boarding pass?",1
2020-01-19 04:35:16,Can't add trips can't check in can't add boarding passes Air Canada needs to fix,1
2020-01-18 14:32:39,Won't let me check in. I thought the most recent update fixed this but I guess not.,1
2020-01-17 23:53:24,"This app is completely useless. It would be better if it wasn't available at all. At least people wouldn't waste their time trying it. Air Canada, please look at Fly Delta app for example, maybe you should banchmark it.",1
2020-01-17 21:24:58,🍏🍊🍑🌽🍇🗺🇨🇦🌎🗺🏙🏦🏗🏞🏔🗻🏪 WORLD OPENING EVERY Times ALL GOOD Nices' [S] 💲💹💱💲💷💶💵💴💰💸💳🏷 LICENES WORLD WWW SHA jORE NASHA U S' opening every times world [@] i loves World [©] my loves World [¥] ©]® opening World beautiful nices World (!) United states street setting View of com World (!) United kingdom street setting View of com World (!)Some myanma mi my setting street view of com World,5
2020-01-17 18:24:35,"Nice UI. Shame there's even less utility than the previous version. Frequently doesn't work, crashes and generally not up to the basic standards you'd expect of an airline app.",1
2020-01-16 21:53:55,"Not good. Unfortunately, other airline options are limited. The app will not load my upcoming flight. Perhaps it was designed this way to force you to visit check in? The previous app would load my upcoming flights via Aeroplan. Not the case anymore.",1
2020-01-16 18:05:54,Could not find my digital personal Altitude card,2
2020-01-15 22:47:16,Difficult to log in not friendly app,1
2020-01-15 20:45:57,Cannot get it to connect in flight on my samsung note 9..,1
2020-01-15 16:34:08,"Updated app is still terrible. Can't check in, can't access boarding passes.",1
2020-01-15 10:12:18,A working history of terrible apps and updates. This one takes the cake. What an amateur attempt with an app. So slow to load and extremely difficult to check into my flight. Extremely difficult to navigate and find anything. New apps are supposed to make it easier/better - not worse.,1
2020-01-15 07:29:15,What a useless app. Asks me to add same info at every step. Unable to retrieve my boarding pass. Almost no functionality. Whoever developed this should be fired.,1
2020-01-14 22:49:45,Good,5
2020-01-14 18:33:58,It sucks,1
2020-01-14 11:15:19,Very not user friendly. No details on trip at all.,1
2020-01-13 18:42:05,Can't add my flights/ bookings. Awful awful experience...,1
2020-01-13 18:06:55,Not working,1
2020-01-13 18:02:35,This use to be a great app bot sure what you did but fix it! This is the worst airline app out there now by a mile,1
2020-01-12 22:39:04,Can't check in. Can't login aeroplan. Basically can't use it.,1
2020-01-12 20:49:00,Dose not work.,1
2020-01-12 18:05:37,I liked the old app. I use the AC app a lot but don't find this version good at all!!,1
2020-01-12 16:19:57,"This app is horrid. If it was planned to be horrid, well, AC has outdone themselves! Bravo! I tried to book a flight 2x, and got an error code. So, I book it elsewhere. About an hour later, the app advises me I now have THREE bookings for the same flight! I have THREE confirmation numbers. Which means I have now paid 3x.?? Even though the app said the booking was not made and gave me an error code. I will now work on cloning myself.",1
2020-01-11 21:50:34,The app crashes and require reinstall. Could not check in for a flight operated by Omni on the app. Had to go to the browser to check in on the AC website. The old app was more user friendly.,1
2020-01-11 20:26:15,"Edit: 2020-01-11 - new app still terrible. I can login to Aeroplan, but can't login to the new Air Canada using my Aeroplan credentials. It tells me my account is locked out, but Aeroplan is fine. Terrible customer experience, even as a gold member. Thinking of moving to the competition. Awful experience. After discontinuing Mobile+ I can't login to the app. Password reset doesn't work. I can't believe I've been a Gold member for so long with so little support from Air Canada...",1
2020-01-11 18:20:19,"This should be a case study around the world, how in 2019, after more than 100 million apps were made for smart phones, comes this shocking failure of an app. Nothing works. Doesn't pull in my flights and most of the times does not find my bookings based on the reservation number. It is an absolutely disastrous waste of space",1
2020-01-11 18:11:44,The biggest piece of trash someone could possibly code. Must be the same company that created there other piece of trash reservation system. Thank God I usually fly Westjet,1
2020-01-11 16:29:11,Easy to use and understand,4
2020-01-11 11:06:38,When I try to download this on my Fire tablet I can't enter anything. It is greyed out where you would enter your system?,1
2020-01-11 09:33:28,"Not able to use it for check in (always an error at the end tried for 4 flights), boarding pass needs to be entered by booking number (why if I already have it on my phone from email), literally useless for anything that flight app should be fore. The makers of this app should study Lufthansa app which is an enormous help including automatic check in for domestic flights and has air miles programme included-all in one app.",1
2020-01-11 06:23:45,"For New App, completed",1
2020-01-10 22:25:13,Can't do anything in the app without getting an error message. Absolutely useless.,1
2020-01-10 19:39:05,At checkin they are not able to read the boarding pass barcode,1
2020-01-10 15:57:05,"Horrible app, can't even login!!!and don't try to call them... even worse!! They don't care about their customers. Fly WestJet",1
2020-01-10 14:22:06,"Doesn't work anymore Can't add trips, keeps saying it's a problem on their end. Anything I try to do, it crashes.",1
2020-01-10 01:59:57,Very glitchy. Worse than the previous app. Don't depend on it for boarding passes with tight connections.,1
2020-01-09 22:53:36,"People should short the aircanada stock. App never works. Rude employees everywhere. You want to complaint? Call the toll free line? Planes are old. Overhead bins are small. And no inflight entertainment. AIR Canada? Please, call it Air crappa. WestJet is day and night, sorry I meant WestJet-Canada.",1
2020-01-09 20:52:49,"This new version is a disaster. Far less intuitive to use than the old version and less functionality available. What a dissapointment, Air Canada!",1
2020-01-09 17:15:43,"This app is so bad. Not user friendly at all....r u guys even serious. Just copy your competitors, you obviously cant figure it out on ur own.",1
2020-01-09 14:52:57,"This app is not accepting new bookings, keeps crashing after the latest upgrade.",1
2020-01-09 14:16:47,Good,5
2020-01-09 10:26:14,"The new app is terrible. The previous version was far superior in look, feel, user experience, functuonality. The new app has less features, less information and is not as intuitive to use",1
2020-01-09 00:37:10,"This new App sucks, I am a frequent flyer with AC 75K status, so no one can argument with me reagarding this like I am new to it or etc. The previous app had more options. And this one is just garbage.",1
2020-01-08 18:13:45,"Since the update it has been abysmal. Cannot check in through it, the option just doesnt work. If you can still request upgrade or get on standby I cant find it in the app. The old version was infinitely better. This has now just become an information display only. No functionality.",1
2020-01-08 15:45:11,App constantly crashes.,1
2020-01-08 06:14:39,ABSOLUTE TRASH. Kept on crashing after using it once so for my connecting flight I can't even get my boarding pass.,1
2020-01-07 20:50:03,Useless POS app. Waste of time payment for baggage hung. Hope their planes are better. 1.9 stars. Way to go air Canada development team...😜🤪,1
2020-01-07 20:11:46,"Terrible app .. slow, poorly designed, makes you want to fly any other airline. Should look at Delta to see how to make a user friendly app.",1
2020-01-07 01:19:12,Cannot log in.,1
2020-01-06 18:27:46,No idea what happened but this app is terrible now. The Air Canada app was pretty good before but sometime in the Oct or Nov 2019 time frame I recieved an update that distroyed it. 75 percent of the time it crashes. It is no longer intuitive to use but the worst part is it is impossible to quickly find and book a flight or check into a flight due the the crashing. I would give it negative stars if I could.,1
2020-01-06 10:25:29,"App itself is not bad, but Air Canada is the worst.",1
2020-01-06 07:44:03,"I used this for my boarding pass and it crashed just as I tried to scan in at Security. I couldn't get it to restart. I had to leave the long line that I had waited in and go out to get a paper boarding pass then go through the line again. Later I had to uninstall and reinstall the app to get it working again. Also, it takes a lot of clicks to find the not so obvious location of the boarding passes. The old app was great. This version is not. Samsung Note 10+",1
2020-01-05 18:45:14,Ok,3
2020-01-05 17:40:21,"The update completely killed the app . Stupid Air Canada, no checking if anything web related as usual! Won't find booked flights, keeps asking to update every time also.",1
2020-01-05 14:34:51,"Basically nothing important works. Cannot check in, fails to retrieve boarding passes, standby/upgrade lists. Only part that really works is retrieving your flight numbers from a booking reference, which is already in your booking email.",1
2020-01-05 05:05:09,"Does air canada even remotely care about their customers? I would never fly this garbage airline if there was any other option. You make an app that is completely useless. It is impossible to check in using the app. Trying countless times was completely fruitless. Eventually had to find a computer browser to log in. And trying to phone for support is impossible. Apparently the new system is causing so many problems, they won't even try to take any calls. Garbage app from a garbage company!",1
2020-01-04 19:13:00,"The redesigned app is horribly unusable. On my recent trip, I ended up using Kayak instead. Whomever approved this UX should be fired.",1
2020-01-04 11:39:20,"Terrible roll out of latest update. All my existing bookings are gone. Re-entered manually and they disappeared again. Gave it a couple of days and now trying to re-enter (flying tomorrow), but it's just crashing. Absolutely useless. I even tried giving feedback through the app, but that crashed too. Update - bookings only appear if booked directly with AC. The app will not recognize any travel agent bookings (all of which appear on the website under 'my bookings') making it basically useless.",1
2020-01-04 05:41:59,Useless,1
2020-01-03 23:24:35,"This app did not work for me for i am not able to afford the cost of any tickets, as a black man. I have a son.",5
2020-01-03 22:35:48,"Crashes every time, won't let me see my boarding pass, won't let me tap on most content in the app. Quite frustrating, and not a good first time expirence with Air Canada.",1
2020-01-03 17:48:20,"Very buggy and reduced functionality since the update, better to just use the website now.",1
2020-01-03 17:06:30,"Who ever made this app needs to be fired, I refuse to believe somebody has paid for this. As a developer I could do a better job with my eyes closed",1
2020-01-03 17:02:55,Hard to use,1
2020-01-03 15:52:28,Doesn't recognize reservation codes. Can't see my boarding passes in the app. The previous app was much better.,1
2020-01-03 12:42:46,Check in is not working on the app since the last update. AC staff at airport counters have mention many traveler have the same experience.,2
2020-01-03 10:19:35,Totally useless. Can't even access my boarding pass.,1
2020-01-03 07:01:36,"I downloaded to get access to inflight entertainment on a transatlantic flight. The process is NOT intuitive. One must use the app to get access to the wifi login page, then hunt around for the entertainment stream versus the pay wifi and then have to download the another .apk file to get the movie, but the download link was 404. Don't depend on Air Canada rouge for anything.",1
2020-01-02 19:51:16,"Honteux!! L'ancienne application fonctionnait très bien pourtant! Log in impossible, Ne retient pas mes infos , mes modes de paiements, etc... Très très décevant. Je ne peux plus l'utiliser avec confiance.",1
2020-01-02 18:40:02,Jan.2nd still buggy. At times it refuses to open. Not user friendly at all.,1
2020-01-02 13:50:49,Much prefered the older version. This update isn't as user friendly and won't work on my phone.,2
2020-01-02 09:28:55,Doesn't actually allow you to check in. Always errors same issue after multiple flights.,1
2020-01-02 06:27:48,It dont work !,1
2020-01-02 02:42:16,"Buggy, confusing, can't save, freezes, hard to navigate. Just terrible. Trying to get help...phone customer service is nonexistent, and the app often says ""well, this is embarassing..."" this didn't work, we can't tell you why, for how long, and how to fix it. THE WORST.",1
2020-01-02 01:11:08,"Couldn't book flights to begin with. Finally got through to an agent after several attempts. Then could not check in through the app. No help from agent. We through the website and was able to check in finally. What's the app for then, other than wasting my time. And cost me more money to book my flight because of the delay. Not happy at all",1
2020-01-01 18:27:58,Next to useless. Provides you with very little information. The previous versions were 5X more useful. The developers should be sacked.,1
2020-01-01 15:02:11,Fantastic,5
2020-01-01 03:20:49,"Completely frustrated. I wanted to sign up for notifications about the flight my dad was on, and your website told me to download your app to do this. However when I use your app there is no where to request updated about a flight. Why?!? I signed up for an account with you, but because it's not flight it won't let me receive notifications. That's not what your website said... Your app has left me with a very bitter taste in my mouth",1
2019-12-31 23:06:52,This version of the app seems to be a shell of it's former self. It works maybe 1/2 of the time.,3
2019-12-31 14:00:02,This app just gets worse and worse. Now it does not do anything I need when I need it and I find myself at security looking for the boarding passes that were there (somewhere) last time I looked and that is not the worst of it. It is hopeless. Start over.,1
2019-12-31 12:00:40,"Worst customer service. If you get an issue and try to reach them by phone, you wait for hours and the line gets cut. Got several times a message mentioning ""the lines are too busy, to call back later"". Unacceptable.",1
2019-12-31 11:13:29,"I can not see my booking, just in website.",1
2019-12-30 16:25:28,Garbage app for a garbage airline.,1
2019-12-30 16:16:39,"Totally dislike this app, can't do booking with discount code or do eupgrade or event check in properly. It ended up I had to either use their official website or call the call center which took me a couple of hours just to get things done. I was told that the whole air Canada system changed and it will take times. I hope it won't take too long before I can use the app without difficulty.",1
2019-12-30 12:09:05,Keeps crashing,2
2019-12-30 00:03:09,"How on earth are you supposed to get the app if it's not compatible with your otherwise very useable device? Pity! Everything worked well enough until the upgrade last month. Gotta give Air Canada credit ... I didn't think Rouge could get more difficult and uncomfortable to fly, but sure enough! They managed to make the entertainment inaccessible for all but those lucky enough to have brand new devices.",1
2019-12-29 14:58:37,"Rouge in-flight entertainment doesn't work. It boots me from the app into Chrome, which helpfully tells me that I need to be in the app to watch anything. Trying to watch something takes me back to the app and then...nothing happens. Not great.",1
2019-12-29 11:26:05,"Does not know yul as airport? Not sure if this is better. For now this is a big 1,nothing more. Will trie again. Here a month later and no responce AirCanada...No updates?",1
2019-12-29 11:14:28,"This is the worst app upgrade I've ever experienced. Log in doesn't work, cannot recall boarding passes, user interface is unacceptable, user experience is a big fat zero. Hey Air Canada, why can't you guys get anything right? Why don't you guys start hiring competent people instead giving in to the union.",1
2019-12-29 11:03:51,Crashes a lot,2
2019-12-28 13:34:24,"Awful, I tried to uninstall and reinstall, still cannot find flights. I just get an error message saying ""oops, this is embarrassing"" . I'm certain A.C. doesn't care as the government will keeps bailing them out as required, but I guess WJ gets my money again.",1
2019-12-28 13:16:32,B..,4
2019-12-28 09:04:00,Could not complete the check in,1
2019-12-28 07:07:05,It's nice and good. Working better than previous app but it's missing some features (like managing my booking!) and also missing option to import boarding pass into Google pay.,3
2019-12-27 11:58:29,"The new app is bad and a leap backwards from the old version. There is no functionality at all. When you log in, it tells you that you've logged out. You can't check in - directed to web browser. Seat change options available on PREVIOUS flights. No link to Altitude...you are going to lose us. Call centre folks are helpful & taking wrath for bad decisions of app & reservation system. Yes...had to call...on a phone...like 1991. Bring back the old app...and give all the call centre folks a bonus.",1
2019-12-27 11:56:54,Badly implemented. I can pull up my booking online but not on this app. Makes for a very anxious and dissatisfying experience. Air Canada needs to be more transparent and communicative if they want to keep loyal customers. Better customer service training is for sure required.,1
2019-12-27 06:05:58,"Horrible app. Barely works, even the rudimentary features. Actually does nothing that even makes it worth installing the app. This is not the future. Merely a glimpse at a very rudimentary past. What is astounding is that someone at the software team at Air Canada has actually approved this app for its customers.",1
2019-12-27 05:09:40,Doesn't work,1
2019-12-26 20:56:57,Doesn't let check-in and won't generate boarding passes,1
2019-12-26 20:48:38,"Error - 1022 We can't search for flights, because of this error, which makes the app useless for me.",1
2019-12-26 20:22:42,In flight entertainment will not work under any circumstances,1
2019-12-26 19:45:16,The app repeatedly stops working.,1
2019-12-26 11:41:01,The old app was far more useful and easy to use- this new app is limited and not as useful,1
2019-12-25 15:43:13,The new app is less usable than the old one. That you require a booking reference number to check in is unnecessarily clunky and makes for very poor user experience.,1
2019-12-25 01:21:39,"It was working fine, up until I had to board and the app wouldn't open. Couldn't retrieve my boarding pass. Luckily I took a screenshot just in case.",3
2019-12-24 12:35:22,"If it's not useless , then it's completely useless. Google provides better tracking than air Canada app itself",1
2019-12-23 23:13:35,I nearly missed my flight. Gate change did not update on android app. HAD TO RUN TO GATE AFTER INQUIRY W/ GATE AGENT. Guys do not download this app!,1
2019-12-23 22:26:17,"What have you done? This app used to be so good. You could do so much, so easily. Now I can't manage many of the things I could before. And to make matters worse, old bookings keep popping up no matter how often I remove them. And trips I enter disappear the next day. Its like they took away features, gave it a new face, and called it new.",1
2019-12-23 16:51:01,"Air Canada really messed up. This app is the worst I've seen, previous app was not perfect but at least it worked, this one doesnt do anything. Reservations never appear, nither boarding passes, check in takes for ever, and if you add that is imposible to get a hold of an agent, I have to say Air Canada is really deception.",1
2019-12-23 14:41:13,Good,5
2019-12-23 12:27:04,This app is terrible.the old AC app was far better. This one doesn't keep track of my trips without constantly putting in my booking number which sort of defeats the purpose of the app. Plus I shouldn't have to provide my aeroplan number over and over which again defeats the purpose of the apo! it sends me constant errors. GARBAGE!,1
2019-12-21 18:08:22,"The app has half the functionality of the old one! Can't see my Aeroplan Status in the app, can't track inbound aircraft, my bookings keep disappearing from the app. AC you need to step up your game",1
2019-12-21 16:21:13,Usless This app is now useless and frustrating - was once good. Will not recognize your flight reservation # - just tells you that's embarrassing. Everything about it makes you want to book with a different airline. Have to use the website not this app to get anything done.,1
2019-12-21 11:40:33,"The Air Canada mobile app did not show the full seat plan. I selected a seat which I was under the impression was a window seat, but actually is a middle seat. Air Canada at the airport cannot help me change the seat as the flight is full. Also they cannot upgrade me to Premium Economy because their new reservation system does not support this, although I was willing to pay. How about actually building systems around serving your customers and ensure that these are user tested before launch?",1
2019-12-20 21:40:17,So much worse than previous app. Basically unusable,1
2019-12-20 15:06:00,Honestly the worst app in the industry. Nothing works for months and the UI is a hipster joke. Any senior position working on this pile of trash should be fired.,1
2019-12-20 14:08:02,Not sure what happened here. New app seems to put some hipster design over functionality. Probably worst airline app on the planet at the moment. And they're surprised by the increased number of calls to their unreachable call center.,1
2019-12-20 12:57:18,Painful. I live in London and have tried to check-in and choose my food preferences. Instead of doing that I was taken on pointless journeys that didn't produce anything but dead ends that produce unhelpful list of pssible reasons why I can't do what I am trying to do. As such I expect a typically disappointing AC flight tomorrow.,1
2019-12-20 08:36:58,"Everytime I log in, it immediately logs me out.",1
2019-12-20 07:24:53,Useless. It doesn't work. It breaks all the time.,1
2019-12-20 01:36:47,"Flights are constantly delayed without compensation. App does not retrieve bookings, and emails to check in are inconsistant. Can not do early check in through website. Terrible application!",1
2019-12-20 00:23:28,"The app is garbage, never works, can't check in for flights. Where are the boarding passes?? Hidden about 3 pages deep.",1
2019-12-19 22:07:06,Not happy at all with the new app. I used to easily download my AC flights even when booked with my travel company and it's not working. I go to Air Canada website and I have no issues. Quite annoying as I like having access to my flights in one place.,1
2019-12-19 21:27:05,Horrible new site,1
2019-12-19 18:17:25,This is terribly hard to download on my laptop. Don't bother to download - it's a crappy app just like their seats on their Rouge planes. Air Canada should be ashamed at the their entry level 'expertise' with their amateurish IT dep't.! Too bad they're Canadian - gives us a bad name.,1
2019-12-19 14:56:50,"Terrible, this new app is aweful. And to add to the terrible experience air Canada is updating its booking system or something and is completely useless.",1
2019-12-19 11:31:45,"It would not download. I had a previous version of the app, but it required an update in order to use. For some reason the update won't load....so a 6 hour long flight without entertainment. Very annoying. Also it would be helpful if you could let passengers know well before their flight that entertainment is not available. That can't be so difficult eh? Even a pre boarding announcement would help . It was not on my ticket....though I hear that's where you sometimes put in the fine print.",1
2019-12-19 08:32:13,Not good. I managed to check in but everytime I try to see my boarding pass it crashes. What is the point in having an app if it cant be used?,1
2019-12-18 20:56:12,One of the best airlines ever,5
2019-12-18 19:42:40,Great app!!,5
2019-12-18 18:21:25,Good,5
2019-12-18 13:36:10,Love that you can track inbound routes. Simple but great.,5
2019-12-18 08:06:57,Can't be any worse than this! Can't add my trips. Can't get boarding pass. Why to have an app if you can't even do the essentials.,1
2019-12-18 06:55:10,Bad,1
2019-12-17 21:20:39,Really gone backwards,1
2019-12-17 20:17:13,"Everything I wanted that the last one lacked. Easy to use with everything I need. edit: That was my old review. WAS 5*. Now 1*. New AC App is horrible. AC IT what are you doing? Go back to the old app. Menus are now clunky, not intuitive, dificult to navigate... I hate it.",1
2019-12-17 16:52:29,App could not find my booking reference,1
2019-12-17 15:00:21,UBER slow..glitchy,1
2019-12-17 12:31:16,"Updating my review based on the new app. This new app is a lot better than the old one, and has so much potential, but it still needs so much improvement and it seems like whoever designed this app is not actually a traveller. You really need to be taking design input from travellers here. - Boarding passes now appear properly cached which is great as this was always a horrible problem in the previous app where it would constantly forget your boarding pass unless you were logged in. However, I will always repeat this over and over- please for the love of god make it so the boarding pass shows *by default* when you open up this app if your borading time is within the current hour. Fidding with these apps in the security lineup is so annoying. - The app, just like the previous one, for some strange/obtuse reason does not automatically load boarding passes. This should be *AUTOMATIC* no matter where the flight was purchased from or checked in from - you know who I am (I am signed in), you know my Aeroplan number, you know what flights I am on - just load them already. Why do I have to manually copy/paste booking references from emails in 2020, this stuff should be automatic. - The app's current ""active trip"" is not intelligent. Trips stay in it forever. Currently when I look at the app it is showing me a trip from 3 weeks in the past. - Aeroplan prompts for a different login. Again, annoying since I know Air Canada and Aeroplan have the same login now. Why do I have to log in twice?",2
2019-12-17 00:37:33,"Cannot figure out how to see my seat. Cannot find any info on eupgrade, etc. I could find that info in the old version.",1
2019-12-16 17:04:39,I dunno that I've had a more frustrating experience with any app ever prior to using this one. Can't find a booking reference. Can't login to Aeroplan. The check-in process just links to the browser method. It's super aggravating to even try and use. Just check in via the browser and take a screenshot of the boarding pass - skip the app altogether.,1
2019-12-16 13:22:23,Very useful app,5
2019-12-16 12:49:14,"Air Canada site under Google play is supposed to be updated Nov. 29 to fix any bugs, but after 5 minutes, it was still waiting for update to be downloaded. Why???",1
2019-12-16 07:42:31,Air Canada IT does not seem to be able to get it together,1
2019-12-16 03:29:36,New update is absolute garbage if could put nagative star I would. Even with 2 hrs to flight wont let check in. Need old version back,1
2019-12-15 16:22:31,Noy easy app,2
2019-12-15 15:53:18,They never have any updates,1
2019-12-15 15:15:08,"Brand new galaxy s10. Wifi says it isn't supported. Have 4 galaxy devices all less than 1 year old, nothing works. Piece of garbage. Horrible. I really want to swear, but I don't do that. My kids can't watch anything.",1
2019-12-15 12:35:51,"Wasted hours, entirely unacceptable.",1
2019-12-15 11:12:53,There should be an option for zero stars. Since the update nothing in this app works.,1
2019-12-15 10:39:46,Shameful,1
2019-12-15 05:38:26,Latest update is terrible. Very difficult to simply find your boarding pass. Often gives me boarding pass of old expired flights...,1
2019-12-15 03:26:54,Please just go back to the old app already. Still hate this app.,1
2019-12-15 01:44:56,Worst app ever. No where near being user friendly. Strongly prefer the older version.,1
2019-12-14 21:03:52,Very slow and not intuitive to navigate. Poorly designed.,1
2019-12-14 19:27:30,All the prices are fake. When you go to the airport all the prices are higher from those posted.,1
2019-12-14 16:19:14,"Often, it wont recognize my booking reference code. Sometimes the boarding pass doesn't load properly on screen for security to scan. The layout and ability to view past trips and boarding passes is not well thought out.",1
2019-12-14 14:42:19,Terrible!!!!,1
2019-12-14 14:18:05,"Less functionality than previous app, can't select flights, can't standby for earlier flight, in general very watered down app from previous version. AC do better",1
2019-12-14 12:02:26,It doesn't connect to the database. Gives error. Totally useless.,1
2019-12-14 00:07:30,New app doesn't work,1
2019-12-13 23:49:45,Upgraded app no longer compatible with my phone. I will need to replace my flagship android device just to use this AC app. I'd rather just switch carrier. United for all it's deficiencies at least has a decent app that will allow me to check-in and use an eBoarding pass.,1
2019-12-13 18:22:54,Not informative at all. Cannot check into my flight. Just bumps me out and gives an uninformative error message.,1
2019-12-13 15:34:18,Slow and stops working half way through a task,1
2019-12-13 13:51:18,Why does it keep telling me to download update??,3
2019-12-12 20:01:04,Not great. Randomly loses your boarding pass immediately before your flight if your flight has been delayed. 👎,2
2019-12-12 18:41:11,Terrible. Bookings aren't saved after I add them. No Home page.,1
2019-12-12 18:27:15,"I would hope the developers have taken note of the comments and challenges with the new version of the AC app. In case it's not clear to everyone, you went from a world-leading, asolutely kick-ass app to a place of mediocrity. Since we can't book or seach for flights anymore with the new app, pehaps a scrum or two need to address the fact that you've moved backward by at least 3 years. Perhaps it's Android only but I doubt it. Get to work and we hope to see a new version RSN. Good luck.",1
2019-12-12 17:57:00,Very good airline,4
2019-12-12 17:45:06,"Poor, older version was much better. I can see all my booking details including reference, seat numbers which is not available in the updated app.",1
2019-12-12 16:18:59,Horrible,1
2019-12-12 14:49:43,There are continued bugs with partner elite status not being recognised and seat assignment issues.,3
2019-12-12 11:29:27,"Right now, the app won't let me add a booked trip. It returns an error message when I try to input my booking reference.",1
2019-12-12 05:57:16,"Terrible Terrible who on earth approved this app change? I mean some idiot thought of the changes and another idiot higher up approved it. It is a useless new version and keeps crashing anyway. I removed mine until new version comes out, totally useless.",1
2019-12-11 23:41:27,Brutal update. Use to be able to check in with Aeroplan number now only option is booking reference....why would that change be made?,1
2019-12-11 23:12:13,"No digital cards for any level of status P25K to SE100K. Especially for P25K who are not issues plastic cards, this removes the only source of proof of status for Air Canada Altitude members.",2
2019-12-11 21:45:23,It just doesn't work on Android. But they still charged my credit card.,1
2019-12-11 16:06:40,Can't even check in Worst app,1
2019-12-11 11:09:54,"The app is a mess compared to the previous version. Won't add bookings that have been made outside of Air Canada's website to my trips, keeps my old boarding passes and trips unnecessarily, makes everything hard to find. Completely terrible user experience.",1
2019-12-11 01:27:04,Old app was better. It was glitchy but at least functional! Can no longer access digital card for status. Not able to manage reservations through the app. Basically useless. I was on the beta test for the app but not once was I asked for my opinion.,1
2019-12-11 00:08:12,"Doesn't keep my bookings...each time I restart the app, it looses my bookings and my Aeroplan number, app doesn't retrieve my bookings even when logged in with Aeroplan number, cannot see seats, nor the layover time, nor the details of the flights anymore, cannot book a flight anymore, cannot makes changes to flights, cannot check in, cannot...cannot... cannot...name anything, this app can't do it! What's the point? Even RyanAir and EasyJet have better apps that this....",1
2019-12-10 23:13:55,Cant see the reservation.kees on telling to try again. No success. Had to use their website to download itenarary,1
2019-12-10 22:38:59,"So the player just didn't work on my flight today. So lets recap, I was stuck on a dirty plane with no leg room and the on-board entertainment didn't work. Amazing.",1
2019-12-10 18:37:04,"This update was not the best. Everything is hard to find now, and not really intuitive. It shouldn't be so hard to find your current active boarding pass - the one thing you really need from the app.",1
2019-12-10 16:52:31,The new AC app is horrible. Only a fraction of the functionality as before.,1
2019-12-10 16:44:58,Haha - Air Canada turned an 'okay' app into a pile of poop. Great work!,1
2019-12-10 16:32:03,Doesn't work. Got boarding pass on 1 of 5 flights. Let's put the old one back up until this one works...,1
2019-12-10 06:24:47,New app is awful after the update,1
2019-12-09 22:52:49,"Useless info in the ""Whats New"" . . . ""We've fixed a few critical bugs"" . . . You REALLY can't give ANY details on what specifically has been changed/fixed ???",1
2019-12-09 21:15:39,Am missing being able to see loads,1
2019-12-09 18:14:18,"Arrived in Frankfurt, Germany on AC flight from Toronto, connecting on to Lufstansa flight to Dehli (4 of us) when boarding, there were close to 30 other Passengers all whom scanned in throughbthe agents but Lufstansa said our 4 tickets were cancelled from Toronto and were not allowed to board. How did we even get onto the toronto-frankurt flight in the first place?!? No one from Air Canada is replying to this outrage, lufstansa blamed AC and AC agents were no where to be located in Frankfurt!",1
2019-12-09 18:09:26,"Completely useless app since the update, I've flown multiple times since then and not once have I been able to check in on the app.",1
2019-12-09 18:06:16,Can retrieve my damn booking! App doesn't work since the update.,1
2019-12-09 14:36:43,"REALLY BAD SERVICE!!!!!!! We had a flight Seattle to Lisbon last week, but we were not able to go on the flight. MY MOTHER had just Passed away and the funeral was two days before the trip. We had tried to talk to someone about maybe changing our flight to January or maybe February. We tried use the app to have someone contact us to no avail. We filled out the customer support request on line and that was a week ago and still haven't heard from the airline.... Very sad and BAD CUSTOMER SERVICE!!",1
2019-12-09 09:19:11,Unable to put flight reference number in. Keeps saying issue.,1
2019-12-09 08:01:44,"Truly hopeless update... Why kill a good thing? Loads random boarding passes unrelated to where you are actually traveling that day. Doesn't automatically open up SMS based boarding passes, etc. Maybe a little prettier, but functionally useless.",1
2019-12-09 05:07:46,I hope the developer was fired on the spot unpon release of this terribly counterintuitive app,1
2019-12-08 17:49:05,Leo blamed me for this app's low rating. To counter his baseless accusations I'll rate it 5 stars.,5
2019-12-08 17:05:26,"How do you check-in!? Without going to the more options section? It's under the My Flights section, but if you stop checking in and try again later it doesn't show the option to check-in. How useless! Also it doesn't store CC data for faster checkout when booking a flight. I'd like to see that feature brought back so I don't have to have my card with me when booking a flight. Overall nice looking app, not great function.",2
2019-12-08 12:36:05,"Love the Air Canada app. Best one I have seen across all the airlines I have been on. Good UI/UX, and excellent view of flights info, boarding pass and my trips",5
2019-12-08 12:14:57,"Can't book flights, keeps all old boarding passes",1
2019-12-08 10:34:41,"Useless app. The on board wifi wouldn't connect. The both times I tried checking in the night before my flight, it said I checked in successfully, but the morning of my flight when I checked the app for the flight status, it said I had not checked in, on both flights there and return. Totally useless app.",1
2019-12-08 09:22:48,Does not work properly It crashes when you try to get your bording pass. Too many steps to verify flights compared to previous app,1
2019-12-08 08:16:18,It still does not look finnished. It has no flow to it,3
2019-12-08 03:16:46,The previous app was largely better. 30 minutes from boarding this app still doesn't show the actual gate for the flight. Was unable to check in from app as kept saying that booking number didn't exist even if booking is saved in app. Had to redo process 3 times to get electronic boarding passes on here.,1
2019-12-07 23:45:28,"This app is a downgrade from the previous version. No integration to aeroplan for flights. No settings to put in default check in data..basically a ""pig with lipstick""",1
2019-12-07 22:50:56,Soooooo many glitches and dont know why it consume so much battery in background apps....,1
2019-12-07 22:49:19,Optimal,5
2019-12-07 20:34:59,This app does not even work. Useless. Bring back the old one!,1
2019-12-07 17:49:44,So just downloaded the app for sole purpose of entertainment requirements and voila no rouge player capability. What the heck. Android device galaxy s8?,1
2019-12-07 16:59:00,Liked the old app...doesn't indicate seat or upgrades/waiting list,1
2019-12-07 15:20:53,Terrible app! Just like the service it's just very disappointing. Since the upgrade it's has gone from bad to worse.,1
2019-12-07 14:11:03,"The app has taken an enormous step backwards in terms of functionally, design, and performance. Why cannot I edit the features of my flight booked through air canada? Why are boarding passes no longer automatically generated? Why is my name misspelled in the app? On Galaxy S10+ the scrolling animations stutter , menus lag ,and the general aesthetic of the app is visually unappealing. How can this be possible? What exactly was wrong with the previous app? This app feels and runs like its 2009.",2
2019-12-07 13:20:02,Air Canada has again made their app less functional with every update. Big fail,1
2019-12-07 12:55:04,"Used this app the first time to check in and it's not working. Had to use browser instead. After that tried the app again to get boarding passes, and again not working.",1
2019-12-07 12:23:24,"Where is the Rouge player? What happened to the saved info that auto populates when you check in? Couldn't even check in, had to check in through AC life. This app is glitchy, I liked the old version way better. Fix it guys!",1
2019-12-06 23:10:24,Terrible new version. I feel lost looking for my flight. Air Canada go and get your money back from whomever scammed you into developing this. A good damage control measure is to go back to the old one.,1
2019-12-06 20:46:46,New version of the app seems to be much improved over the older version. Eagerly awaiting when it works with reward points (unless it already does and I can't find it),3
2019-12-06 18:17:32,"Doesn't work for check-in, has issues in validating foreign phones, throws error when validating ETA. The only thing that works is information that yes, I booked a flight with air Canada...",1
2019-12-06 13:44:19,The worst app I have ever seen. Have the Ux designer or any of the developers ever flown? This is enough for me to go back to WestJet.,1
2019-12-06 13:05:18,Poor. Previous version used to work more reliably.,1
2019-12-06 12:18:24,Can't add trip,2
2019-12-06 09:58:42,"I cannot seem to find a way to book a 3 city trip. I've tried all the obvious buttons. I can get a one-way trip and I can get a return trip but no obvious way to go from ""city"" A to B and return from C back to A.",1
2019-12-06 09:29:06,cant even pull up for booking. keep getting a pop up that says an error happened and they have been notified...,1
2019-12-06 08:44:15,Very difficult to use and check in doesnt always work,1
2019-12-06 07:00:10,"App had Air Canada flight from LHR to YYZ as a United flight, so couldn't check in. Tried phoning, sending messages via Facebook Messenger and DM tweet and no responses. Subsequently missed the flights. Thanks for nothing Air Canada for the appalling customer service and rubbish app!",1
2019-12-06 02:02:05,After recent update - a total garbage! Cannot complete a single check-in with my NEXUS card.,1
2019-12-06 00:41:44,"Just go to the mobile website, this app sucks. Wont let you check in, boarding passes work once in a while. It's just a slow goofy, semi functioning app. If they made some tweaks and things worked properly, it would be a great app",2
2019-12-06 00:27:05,"So badly designed, it's a shame",2
2019-12-05 23:47:57,"Hard to say if it's the app or the brand. But the only use for this app is flight status notifications. I have never been able to access my boarding pass, change flight, even check in for my flight, etc. (Basically anything you expect an airline app to do, this only does flight notifications.) Then you have to download the aeroplan app for the ""loyalty program."" And that one is just as convenient...yea, no. Not at all.",1
2019-12-05 22:33:06,"Last update after AC took over Aeroplan is pretty useless. Bare bones functionality that does not add any value. I cannot see my Aeroplan status, cannot request upgrades, boarding passes are separate from bookings, so on so forth. I see no reason to use this app. The only hope I have is that this release is a placeholder until AC completes consolidating Aeroplan fully. AC: please consult travellers on what functionality they use before pushing updates.",1
2019-12-05 19:40:26,"Disaster. Was good app, unuseable now. Can't get into home screen. Have uninstalled and reloaded a few times. Same result. Air Canada, shame on you.",1
2019-12-05 18:51:09,"Horrible app. This ""improved"" app doesn't save your information, and you have to manually add your flights as opposed to the previous app,which would load everything for you. Too bad there isn't a way to go back to the old version. This one is really bad",1
2019-12-05 18:37:51,Soon as I try login in with my areo plan it automatically logs me back out....,1
2019-12-05 17:25:44,the new app is useless,1
2019-12-05 16:15:19,"What a horrible update! Trading updated color schemes for greatly decreased functionality makes absolutely no sense. The app is now just a collection of links to websites. Where you used to be able to change seats, bid for upgrades, get your boarding pass, etc these functions now just redirect you to a web browser. Even after the redirect you need to enter your booking number and personal details before using the function. How is this not automatic? Making WestJet look better every day.",1
2019-12-05 12:20:54,Excellent,5
2019-12-05 08:41:32,"Since they moved to the new platform, the app has improved, but it now shows annoying messages about the need to update, which lead to nowhere, since Google store already made auto update. Otherwise, functionality is there.",4
2019-12-05 08:31:46,"Brutally bad. WestJet can write a great app, why can't Air Canada??",1
2019-12-05 07:57:38,A total mess...needs a complete overhaul ...this merging of apps with Aeroplan is a disaster...and I am constantly getting messages to change my password because my previous ones dont work,1
2019-12-05 04:00:55,Not good as old one... new feature does not provide proper info,1
2019-12-05 00:27:48,"Nicer UI for the app but missing lots of critical info from the old app. Eg. Digital Altitude Status card, Seat Preview, no images of beautiful destinations, limited tracking of future flights, no ability to do eupgrades on the app. Overall, they made it look nicer but completely neutered the functionality.",1
2019-12-04 16:22:30,Ok...been a month or so since using this app and looks air canada has tried to upgrade it......b4 it would work intermittently now not at all...I put in by ref # and last name over the last 12 hours multiple times and get an error each and every time...say it is reported but never work! I guess it is back to kiosk (which worked fine. This is very frustrating for this day and age.,1
2019-12-04 14:50:24,"sorta ok but some procedures aren't intuitive. looks like programmers never 'test drove' this thing. and AC is VERY slow in announcing flight delays & cancellations,lll & equipment & gate changes. WITH DUMB NOV 2019 APP UPDATE CAN ONLY SEARCH FLIGHTS UP TO THREE DAYS IN ADVANCE!!!!",3
2019-12-04 11:45:55,"Never lets me check in through the app. Every time I've used it it says ""An error occured that we didn't expect""",1
2019-12-04 11:05:38,Completely useless for me...was never able to retrieve any of my reservation so I have usles icon in my phone.,1
2019-12-04 08:22:32,"For the amount that Air Canada charges, you'd figure they could make an app that works properly and is more intuitive. At a minimum, maybe an app that doesn't boot you off without warning.",1
2019-12-04 08:18:45,"The new updated app doesn't work. Almost every option to view any flights status or check in has a ""oops"" error",1
2019-12-04 07:35:12,AC managed to achieve the seemingly impossible: make a truly horrible app even more useless. Nothing works in this new version. One star is too generous.,1
2019-12-04 06:55:52,Seems lately not working like it should. I cant sign in anymore without an aeroplan number even though i have an accoint and been using this app for years. Oh well,2
2019-12-04 06:37:45,"On a pixel 3 using android 10 - since the new release nothing is working. 1. Tried to check in my flight from yul to YYZ this evening, when choosing the standby early option none of the options responds 2. Tried over 10 times during various time to check in my flight, on the last screen when issuing the boarding pass got the ""something went wrong"" error message. Ended up using the web portal instead",1
2019-12-04 06:01:17,It sucks,1
2019-12-04 00:46:37,So far I am finding navigation to be horrible and can't get my boarding pass to load. I had to resort to a web check in.,1
2019-12-03 22:42:01,"Uninstalled, nothing works now. Simple.",1
2019-12-03 22:15:22,"Nothing but problems since redesign. This app was once useful, but since it was revamped, it doesn't work. Please go back to the old version.",2
2019-12-03 22:00:56,"Wow, just wow. You took a perfectly good application and really messed it up. The 'new' application is a hybrid mobile app that has very limited features compared to the older application which was just fine. Can no longer change seats, look at the seat map on all flights, etc. This is a giant face-palm 🤦🏿‍♂️. Bring back the older and 'functional' app.",1
2019-12-03 21:52:05,Horrible experience!,1
2019-12-03 20:21:20,Can't get my boarding passes . Tried the app for about a week . I get an error with a smily,2
2019-12-03 19:49:34,Brutal,1
2019-12-03 18:37:33,Garbage. Lots of error messages,1
2019-12-03 18:30:29,"New app update is terrible. It always crashes, does not notify me when I can check-in, and won't let me access my boarding pass.",1
2019-12-03 18:27:52,App not adding my booked trips,1
2019-12-03 18:21:36,Worst update to an app ever!,1
2019-12-03 14:40:55,"It's absolutly rediculous that you've taken a half decent app, with just a few glitches and created a completely useless experiement in passanger/customer frustration! Why? Who thought this was a good idea? Are things really this bad and disorangized at Air Canada?",1
2019-12-03 14:31:19,complicated,1
2019-12-03 14:24:25,"Literally is useless now. Worked fine a month or two ago, this new update makes it nonfunctional. Cheers, Air Canada, cheers.",1
2019-12-03 11:55:31,"Can't even book a flight with this new update, tried clearing cache and re-installing, nothing worked. I had to resort to use their ""moble optimized"" website to book my flights. Big fail.",1
2019-12-03 08:56:48,"There are a few things you'd like expect this app to do well 1) Get to your boarding pass....Nope. most of the time I need to click more, boarding passes, then select the correct one (it shows all old ones). There is no easy notification direct to the boarding pass 2) Show your AC status....nope. Nowhere to be found. This caused me an issue when asking a lounge to print me a new boarding pass. They wouldn't without seeing my status... 3) Check in...nope. Most of the time it's missing",2
2019-12-03 01:08:31,"Most convenient , fast and helpful",5
2019-12-02 23:23:11,"Updating my review 3 years later. Still horribly broken. Aeroplan forces me to prepend a 1 to my mobile number. When the AC app downloads the profile, it sees that as an invalid country code and prevents me from assigning any passengers to a flight! Totally impossible to buy flights on the app. Good job software quality team!",1
2019-12-02 23:05:45,Would give the new app zero stars if possible. It lost all my bookings. I have to input my credit card and billing info every time as it can't seem to remember anything. Searching for flights and finding your boarding pass (which doesn't auto-brighten your screen anymore either) have become less intuitive. Funnies part is you can't even book a flight without getting an error message on this dogshit app. A real shame as the old app was much better than the westjet app.,1
2019-12-02 22:25:21,The old app seems better. I find searching for flights more difficult than it should be,2
2019-12-02 22:18:11,"Brutal, can't book flights on it!",1
2019-12-02 20:47:43,Great,5
2019-12-02 18:29:45,"I really wish the old app was still available! I am using Galaxy S10+ and cannot book a flight through the app, everytime I try to select a city it says no results, try another city? I am traveling between Toronto, Vancouver and LAX, these are major cities that were available in the old app. I wouldn't be upset if first time but this has been ongoing since day 1, and I submitted the error on two previous occasions and included screen shots and still no fix, seriously, taking way too long!",1
2019-12-02 17:04:49,Sorry something went wrong....great update no longer works,1
2019-12-02 16:16:50,Terrible. It doesn't recognise Air Canada booking references. The interface for booking flights is a slow and painfull process.,1
2019-12-02 16:07:00,"Old app - Buggy... check-in hit and miss... doesn't link well with Aeroplan or give me access to a digital Altitude card. Really one of the worst airline apps, needs work. Updated app - UI is now worse, just horrible, even trying to view or retrieve a booking is confusing. Check-in doesn't work, and boarding passes not stored in app either, so what is the point of this app? This is a non native app that is a jumble of web links. App in current form is useless.",1
2019-12-02 13:36:59,"This latest update stripped all useful functionally and now all it does is show me the dates that I'm flying. I can't check my seat, booking class, upgrade options, or really anything other than view date and time of flight. Please go back to the previous version.",1
2019-12-02 12:31:27,Horible!!! Why did they change,1
2019-12-02 10:37:40,Will not let me check in. Useless.,1
2019-12-02 10:01:43,"New app, same issues. Slow when checking in and God forbid you click twice on something, instant error",1
2019-12-01 21:15:45,This update made the app worse and continually crash - please fix. I need to fly tomorrow and can't tell if I'm checked in or not!!,1
2019-12-01 20:40:38,I used this app weekly for weeks fornwork travels. Last major in November 2019 made it absolutely awful. Its. Now impossible to retrieve booking using you frequent flyer number and old Old boarding pass from Previous trips are showing up before new One. Also Unable to find having a hard time to retrieve booking using air Canada booking number. They took and okay app and made it absolutely frustrating.,1
2019-12-01 20:07:49,"Many options on the app, unfortunetly none is working. Always receive a message : ""sorry it's embarassing but this option don't work"". Well at least you try but next time try to put more effort in the funtionality and less in emoji in your error message",2
2019-12-01 18:47:05,"Terrible so far..can't see seat selection, more than one flight showed up for the same say, apparently this means the original flight was cancelled and changed but doesnt actually tell you that, and doesnt show what you paid etc.. now have to call and find out whats going on...so far, not a good app at all ☹",1
2019-12-01 18:14:26,"It's nice to see this app keeps getting worked on, but it keeps having problems. Can't even do a simple check in. Doesn't update properly. Still shows old trips with flight being on time. And more",1
2019-12-01 17:14:18,"The new interface is terrible. It has forgotten all of my information, doesn't automatically pull my bookings, etc. So far I've been unable to check in for my flights since the app was changed and have to check in on the web from my desktop or at the airport.",2
2019-12-01 16:19:13,"Terrible App.Must use this APP for flight notification, NOT available to do flight notification on PC as before.",1
2019-12-01 15:11:49,Excellent went.I am travelling,5
2019-12-01 14:55:07,"Surprisingly good app, very convenient.",5
2019-12-01 14:06:50,Very very low quality.,1
2019-12-01 11:05:24,"11/30/19 Update: This update caused a duplication of all trips in the app. In addition, I can't even check in for a flight. Hey AC...how come your app updates create problems for the user instead of improving the app?",1
2019-12-01 10:50:37,"Unintuitive menus. The app keeps giving me an error ""well that's embarrassing..."" when I try to check in.",2
2019-12-01 10:07:41,"Air Canada, you have outdone yourselves again! It is amazing how you were able to surprise your users with a new and much worst app that prevents travelers from doing basic things like check-in or storing boarding passes. Wow, the latest update made it a pure garbage. Now I have to go back to the early 2000 and check in on a PC and print my passes",1
2019-12-01 06:17:41,"The new Air Canada app loses most of the features of the app it replaced. The only saving grace at the moment is the app responds much faster now, probably due to better coding and integration with the new reservation system. When all the features return it will be better.",2
2019-11-30 20:17:57,Nothing works! Cant check in and get boarding pass!,1
2019-11-30 17:09:27,"The new app is terrrrrible. Can we just have the old one back please? All of my bookings are duplicated consistently, I can't read them because if I scroll down the app decides to push be back to the top of the list so it can refresh in an infinite loop. Used/past boarding passes also stay around for weeks after the flight.",1
2019-11-30 16:50:46,"Broken update, cannot retrieve bookings, even after trying to manually retrieve it. Useless in its current state.",1
2019-11-30 15:38:44,Garbage,1
2019-11-30 15:24:49,"Worst app, nothing works... Shut it down",1
2019-11-30 13:28:06,the old app enabled you to select or change seats. wth happened to that??? whoever the developers are for this app are not competent and dumb. they should be fired for such a poorly redesigned app,1
2019-11-30 12:38:34,"Was able to find my itinerary. After opening the app though it forgot everything and now it can't be found again. Tried signing up through AeroPlan hoping to add it online - very slow process, up to 30 minutes for a verification code?! And wasn't able to find the flight info anyways. Don't understand the value of any of these tools.",2
2019-11-30 12:17:02,This app is worthless...fly WEST JET,1
2019-11-30 01:53:05,it sucks bring back the old one,1
2019-11-29 17:50:05,Bad,1
2019-11-29 15:50:38,"2019-11-29 Still needs lots of work. Could not check in on the app. Had to use the Web and even then, flight does not appear in the app.",2
2019-11-29 14:40:27,Previous version had alot. This appears to be extremely downgrade,1
2019-11-29 13:46:28,Excellent,5
2019-11-29 13:37:45,"The new app seems to constantly lose my boarding pass for return legs. Whenever on a trip, I can only ever get access to my outbound boarding pass even though it may be from several days in the past.",2
2019-11-29 12:27:55,App was great in old format. Every ref number i enter i get sorry error occured. So i can t load any bookings. What a useless app and clearly less functionality. I hope they update asap,1
2019-11-29 10:05:46,"This is what your tech people ""upgraded"" the app too? The previous version was decent what a joke this upgrade is. Have you guys heard of testers?",1
2019-11-29 04:25:09,"App incorrectly lists TPE (Taipei) as being in China, which it is not",1
2019-11-28 22:17:26,It should not take 3 taps to get your boarding pass.,3
2019-11-28 22:16:00,The app was very simple before. Now its overly complex.,2
2019-11-28 20:37:15,"This app has terrible glitches! The flight tracking information is incorrect and misleading. Not a reliable source of information. When tracking my flight for today, it referred to yesterday's flight - which was cancelled - making it seem like my flight today was cancelled. Came to the airport to find a new flight only to learn that my flight is as scheduled. (Thank goodness). Would not trust the app for accurate flight details.",1
2019-11-28 18:47:51,"Worst airline app I have ever worked with, I constantly get error messages when I try to book flights without any explanation, only explanation is ""it is too embarrassing!"" at least they got this right! For a company like Air Canada this app is really embarrassing! You can't even book flights on it.",1
2019-11-28 17:46:24,"I am a 100k Super Elite, and I cannot check-in using mobile after their upgrade (either system or app no longer works). Once checked-in, I cannot get eticket to show so now I have to ask for a paper copy. I assume this means eUpgrades will also be less usable through check-in screen. The saving grace for AC is their staff at check-in and lounges- as it certainly is not their mobile team. The UX (when it almost worked) was less functional, but did look prettier than previous version- design>ux",1
2019-11-28 16:16:05,This app is sorely lacking. Can't see or change seat selection. Less options than previous versions.,1
2019-11-28 15:23:29,I can't even download this app. I've been trying for a week. It kept saying it needed an update. I try to update and nothing happens.... I have no issue downloading or updating any of my other apps. The older version had a better layout and was easier to navigate. I've uninstalled the app and tried to reinstall it. Nothing happening. I fly up to 8 flights a month with Air Canada and this is disruptive to say the least!,1
2019-11-28 11:45:57,New app sucks !!,1
2019-11-28 09:44:52,"Most functions i tried did not work. To be expected from Air Canada, I suppose.",1
2019-11-28 09:26:30,"Terrible redesign of the app, keeps old boarding passes on my dashboard and encounters errors whenever I try to check-in",2
2019-11-28 08:44:44,Couldn't even log in.,1
2019-11-28 05:54:53,"What did you do this app in the last update? It no longer links to my AC account so I have to put in flights manually, the user interface is terrible, and it has less info than the previous version of the app. At this point, the all is pretty much useless.",1
2019-11-27 23:14:26,User friendly App.,5
2019-11-27 21:31:51,The old app was informative and useful. The new app is neither,1
2019-11-27 20:07:50,I can't use my aeroplan # to identify myself to check in anymore. That's very inconvenient to have to find my booking number...,1
2019-11-27 17:11:25,Almost missed my flight and caused a lot of stress. I checked in the morning of the flight and had my boarding pass just on the app. Then I was right about to start going into security and the app told me to update. All my info and my boarding pass was gone. I thought it would have my boarding pass linked to my aeroplan account at least but nothing. Horrible experience.,1
2019-11-27 11:48:01,The app is terrible. You can't check in. It keeps saying sorry and it will be look after. No response. Going to delete it and reinstall it and hope this helps.,1
2019-11-27 10:54:43,"Piss me off!! , forced me to update app while trying to check in at airport",2
2019-11-27 09:17:26,"Can retrieve booking, can't check in. All happen after the update....",1
2019-11-27 05:57:49,"After the updates, the app wont allow me to add any bookings nor my aeroplans. Not even allowed me to search flight status or flights. Kept popping up an message saying unexpected error. Please fix.",1
2019-11-27 03:07:22,Quite the downgrade from the previous app..,1
2019-11-27 01:17:20,The old app was better and had better functionality,3
2019-11-27 00:16:20,I hate change for the sake of change,1
2019-11-27 00:05:23,Not improved usage over older version and forced update...,2
2019-11-26 23:30:07,"Terrible. It worked way better & a lot faster before! I hoped the update on 11/22 would improve it, but it didn't. Please fix it!",1
2019-11-26 23:13:42,I am having slot of difficulty checking in for a flight tmrw. Only will show my return tmrw night.,3
2019-11-26 22:35:20,Not impressed. Old App was much better.,1
2019-11-26 20:54:41,"The good news is I have not updated this app in 24 wks. Not all the new functions, but it works. Seems like doing a 80MB might be a dangerous thing. So no AC not going to update this app. Why should we it works. OMG this new app in Nov 2019 is back to the future. You can't check in, you can't see boarding pass. Not actually sure why one would use this app. Many of the great functions removed. I guess AC management need a bonus so they save on this new app. Who approved it?",1
2019-11-26 15:24:46,Very Disappointing & confusing....,2
2019-11-26 15:09:03,Had to stand in line to verify myself before boarding because I used the app. Defeats the purpose if it is more work to use the app. Stick with a paper boarding pass.,1
2019-11-26 14:59:17,"very basic functions, not integrated with altitude, etc...and nothing works. Between this down grade to the app and recent changes to the AC reservation system...impossible to manage your travel",1
2019-11-26 14:46:11,"Horrible app...the old product was very good. I cannot make a booking or retrieve my old booking. Always getting messages - technical error- I was very happy with the previous version, not sure why they have change a good working platform to worse experience.",1
2019-11-26 14:08:00,Works gud,4
2019-11-26 11:41:07,"Terrible re-design of app. Can't easily find boarding passes. They are under ""more"" not ""my trips"" tab. Alaska Airlines app let's you select earlier or later flights during check in, this doesn't. Doesn't send notifications, and always get confused between logging in with Air Canada credentials or Aeroplan. Old Air Canada user interface was pretty good, this new stuff is garbage.",1
2019-11-26 11:35:15,Forced update without giving me a chance to copy my bookings which were erased as a part of the update. Now having spent 2 days trying to get through to recover to lost info. Will never depend on this lousy app again.,1
2019-11-26 11:33:19,"New design does not have my info , system hard to use will not answer phone or allow me to change password see info etc. Not impressed , old one way better.",1
2019-11-26 10:49:05,Not saving trip bookings have to re-add every time i assume it will impact flight notifications,3
2019-11-26 09:41:07,Terrible update. Poor UI/UX. Important information hidden under More tab like Check-in or Boarding passes. Usually an update improve the application. I miss the old one.,1
2019-11-26 08:46:49,The old app seemed more accessible. Check-in needs to be on the bottom menu rather than stuffed in the ... menu.,2
2019-11-26 07:01:04,Excellent,5
2019-11-26 06:30:39,"App will crash now as soon as you touch any buttons, old version worked great but new version will crash. Search bars show no results regardless of what you type in.",1
2019-11-26 06:27:36,"Why did you change the app? This new version is terrible. It's not well organized, constantly shuts down and not at all intuitive. HATE IT.",1
2019-11-26 02:44:54,Very good.,5
2019-11-25 23:12:22,This app works great for me.,4
2019-11-25 20:50:04,Extremely accurate,5
2019-11-25 18:18:33,great,5
2019-11-25 13:19:40,Flight details and boarding pass at your fingertips..,4
2019-11-25 11:29:26,Doesnt work... so bad,1
2019-11-25 11:14:22,Having access to everything I need in one place had made my travel experience second to none!,5
2019-11-25 08:31:53,Worst new app in history of travel apps omg,1
2019-11-25 08:08:17,This new app sucks. Bring back the old one which was much more intuitive to use.,1
2019-11-25 07:18:38,Sucks,1
2019-11-25 06:11:57,This app was great on my tablet and now does not work at all. We don't all use our tiny phones for apps!,1
2019-11-25 06:06:17,The new app displays too much private information without permission once click on aeroplane tab. It is no good. Actually the old interface was better.,1
2019-11-25 04:56:36,"I want to go and explain everything thats wrong with the upgrade but we only have 500 characters on here. Where the hell was QA on this one ??, Can you honestly as Canada's leading Airline afford these kinds of mistakes?",1
2019-11-24 22:46:49,"App was ok till the last update. Unable to sign in so does not allow to link flights booked. Unable to add altitude card details so boarding passes do not carry Altitude Status .. UX is going down .. Edit 1 - The new app sucks at levels new even for Air Canada. The QA should really should ask for money back from his/her school. Cannot check in, cannot import boarding pass if checked in online, no connectivity to Altitude Plan. Please plant a few trees every week for use of paper boarding passes.",2
2019-11-24 20:33:57,Very frustrating. Old app worked great. Went to use it today and it said upgrade must be installed. Clicked on upgrade. Result? My device is not compatible with new version. Clicked on uninstal to go back. Result? No AC app anywhere on my phone. So I go to Playstore to download AC app. Result? No AC app listed. AC Cargo yes. Rouge yes. AC Trip Pass yes. Aeroplan yes. Westjet yes. Delta yes. United yes. But no AC app on list. This is my wife's old phone which is linked to her Google account that is set to to US address. This has been a problem before when apps such as Bell are not available from US Google store. But AC? Don't US residents need an AC app too? Typical upgrade frustrations. Did I mention I hate software upgrades?,2
2019-11-24 17:28:28,"I wish i could rate this lower! simply doesnt work, removed features, difficult to use. Was this done as a highschool project?. No im wrong they would have done a much better job. Shamefull effort!",1
2019-11-24 17:25:34,"The bad: can't use it for check-in, can't get a mobile boarding pass, can't look up a reservation. The good: it gives you the sweating smile emoji while it fails at the most basic of tasks.",1
2019-11-24 12:29:13,Why do I suddenly need my reservation code instead of my Aeroplan number to check in????,2
2019-11-24 11:44:41,"Very disappointing that none of my information, flights, aeroplanes number etc made it through the upgrade. I loaded my information and checked in. No boarding pass. Can we have the old app back until this one us ready?",1
2019-11-24 10:33:38,Continually deletes reservations after they've already been added and the online check in feature doesn't seems to ever work the first time.,1
2019-11-24 06:37:30,A disaster.,1
2019-11-24 02:06:15,My flight dissapeared from the app and I cant add it back in. Unreliable app,1
2019-11-23 19:02:01,"Very bad experience. Booked seats and printed boarding pass but those weren't available and they refused to honour my boarding pass, instead printing me a new one. Also, having to enter over and over again the same booking #, to check-in, then change seats, then track flight, then track your trip... wth. On top of that, it changes things like booking # without telling you why, nor offering an wasy/quick way to contact Customer Support. Poor FAQ / knlwdge base included. Horrendous.",1
2019-11-23 18:48:53,"Horrible app. The previous version was much better. I have yet to successfully check in. Step it up, air Canada...",1
2019-11-23 16:35:52,no option to reserve seats. cannot find it anywhere in the new app,2
2019-11-23 14:06:04,"Big step backwards, why can't I see my seat selection anymore? Not intuitive at all.",1
2019-11-23 13:18:35,"Lost all my information, won't retrieve my flights, just doesn't work. Useless upgrade. Bring back the old app.!",1
2019-11-23 12:57:05,"Nothing worked, wouldn't even pull in my bookings.",1
2019-11-23 11:41:34,As a Star Allegiance partner passenger this app is very limited. Logging in as a basically a guest provides very little value.,2
2019-11-23 10:11:22,"Just updating again, app is still a mess. Half the time it still has no idea what my bookings are or they appear and disappear. Randomly logs me out all the time, Air Canada continues to provide sub par experiences compared against the US airlines. If I'm logged in and my flights show up online, why do I need to enter a booking reference every time in the app. If you have the option of using a US airline for travel do that. Stay away from the Canadian carriers",1
2019-11-23 09:16:00,"This app is now horrible. I have bookings appearing in duplicate, cant see or change my seats, cant see if i am wailisted for an upgrade and cant check in. Garbage. Put the old app back.",1
2019-11-23 08:21:49,Terrible!,1
2019-11-23 00:39:15,A lot less informations than the old app. If this is all we will get with it then I will remove it as it is useless.,1
2019-11-22 23:46:36,No hassle app. Very smooth going...,5
2019-11-22 22:59:33,New update sucks!!!! Unusable,1
2019-11-22 22:05:56,Not impressed The old app was 1000 percent better. Logged in knew it was me brought up my flights. This one I need to input that info. Also doesn't allow me options like the one it replaced. Very disappointed. Tried logging I to their web site today on my computer and it would not connect. Tried the old phone method and no one to answer!! Problems galore all around.,1
2019-11-22 19:19:58,"This app looks like and performs like it was developed by a three year old built it when the y picked up a computer for the first time. No wait, i am being far too gracious. I cant find half the functions present in the old app. Are they gone?",1
2019-11-22 18:54:55,Can't even book a flight.,1
2019-11-22 17:48:40,Looks alright but there is pertinent information that is no longer available. Digital altitude card doesn't seem to be an option anymore and when you click on your flight if it's going through the states used to inform you if you needed to clear customs. I'm currently going to Vancouver then Las Vegas from Calgary. No idea anymore where I'm going to customs.,2
2019-11-22 16:44:43,This app can't find flights booked by CWT.,2
2019-11-22 16:40:31,"Kicks you out for no reason. Hard to check in. Hard to get the information you need. Rather speak with an actual person. But hard to get a hold of someone on the phone as well. ONLY reason to use this is if you bought air canada ticket, other than that, garbage app.",1
2019-11-22 16:19:15,No flight update info or even gate info. Bad navigation. They need to go back to the old app.,1
2019-11-22 14:23:31,Can't find my reservation when I input my last name and reference number,2
2019-11-22 13:24:29,"The old add works perfect, but the new one has a lot to complain. The app becomes not as fluent as before. Information on baggage allowance and custom clearance are gone, which were features I appreciate a lot. Hope you can add those features back.",1
2019-11-22 13:01:36,"New app. New teething problems. Want to add your boarding pass? It's hidden in the more section. Which btw does not work today. Hopefully soon? App says my phone number country code is wrong and go into the web to fix it. Except it's fine and in the profile. Clearly QA failed to check data parsing. The previous app was great by comparison. AC, you need to test and beta your code more before throwing it over the wall and on your customers heads.",2
2019-11-22 12:54:37,"The old version you can add flights and tracking ahead of time now it's not available. And now you can only link profile with aeroplane, this app is going backwards.",1
2019-11-22 11:58:02,Just badly designed. App designers clearly are not users of the app or taken into account how app is used. Finding boarding passes when you have multiple due to frequent flying is next to impossible. AC staff gate staff all apologizing.,1
2019-11-22 10:48:36,Still getting error message when I try log my details. I updated it as per the update available on the 21st to no avail.,2
2019-11-22 08:35:17,cant successfully checkin. Bring back the old app!!!,1
2019-11-22 06:01:14,"Terrible app, terrible airline.",1
2019-11-22 01:03:26,"This isn't just the worst update I've seen in an airline app, it's the worst I've seen in an Android app. How the hell do I check in? It makes me open a separate web browser now. Then give some errors",1
2019-11-22 00:41:33,It keeps forgetting my trips! I have added them 3 times and every time I go to the app it says no upcoming trip. How did this app pass QA🤦?,1
2019-11-22 00:06:12,New update is awful. Keeps crashing,1
2019-11-21 23:46:25,"New update removed my bookings, am unable to re add them, and now the app won't even update.",1
2019-11-21 22:46:13,The new app sucks,1
2019-11-21 21:25:33,They made a mess out of this app on the last update. It's no longer intuitive and user friendly. Takes far too much searching and linking compared with previous version.,3
2019-11-21 20:33:34,"update takes 5 hours because there is A time limit if yoy missed 17 Nov? The other absurd thing is, old data NOT transfer ? Your app could win the worse app of the century !😡😡😡😡😡😡",1
2019-11-21 20:04:42,Last update lost every booking and previous boarding pass.,1
2019-11-21 19:46:04,Will not load,1
2019-11-21 17:07:59,"So much happier with the new app. Haven't had time to really check the whole thing out, but had to provide some feedback.",4
2019-11-21 11:58:59,Great,5
2019-11-21 11:11:28,Crashing non stop.,2
2019-11-21 11:05:22,"The worst app ever. Good intentions, bad product. Does not delivery on what was advertised.",1
2019-11-21 10:11:49,Update will not load and blocks me from checking in. Very frustrating.,1
2019-11-21 06:44:20,The recent update or so called system migration can be adequately described as from bad to worse...,1
2019-11-21 02:56:09,"App requires start through the Google Play only. No indcation of altitude status. It would be helpf to have status indication instaed having plastic card. - helpful to have indication of gate for boarding; luggage carousel when arrived. - also would be cool to have boarding started notification and also an option to identify yourself (fot example when boarding already started, but you still have distance to walk to the gate...) - Indication of check-in/luggage drop-off counters would be useful.",3
2019-11-21 01:10:42,"What happened? Previous app was fine - had links to other Air Canada services, kept all my bookings, etc. Now it's causing me to start all over again but it won't maintain my bookings. And no more handy links, or working on seat selection. Feels like I've stepped back into the dark ages.",1
2019-11-20 23:19:05,"The new update removed the function to manage booking. It becomes useless until the time you check in through the app, of course only if the boarding pass still exists.",1
2019-11-20 20:42:15,Good,5
2019-11-20 20:37:51,Be more like westjet,1
2019-11-20 18:21:28,Very bad since I downloaded the new version its working only Eror messages is popping up all the time,1
2019-11-20 17:29:42,This app has become unusable after the November 15 release. I can no longer find my bookings or any of my trips. Whoever thought this was a GA ready release should be fired.,1
2019-11-20 16:28:38,Since I have gotten the app I have been unable to look up my flight reservation due to some error with the app,1
2019-11-20 15:51:29,"What a horrible ""update"". Gone are one click easy checkin based on Aeroplan number and airport of departure, seat previews and selection are nowhere to be found, and you'll now need to carry your status card in a physical wallet as there is no longer an electronic version. Also, it's been quite frustrating having to manually re-add existing bookings - especially given that all suddenly now have new reference numbers. As one of your 100K travelers, AC, I encourage you to rectify this mess ASAP.",1
2019-11-20 13:30:45,Useless!!!!! Can't even book oneway flight! App keeps stopping.,1
2019-11-20 13:25:35,I had my bookings on my Samsung tablet and now they are gone and when I update is says it is not a compatible device. Why is it not compatible when it was before?,1
2019-11-20 13:03:12,useless app after update. kinda suits aircanda in general I guess. awful company/flight experience. shame there is no real competition for where I fly otherwise I would not use. Dont waste your time with this app,1
2019-11-20 12:16:59,Terrible! Aircraft types are incorrect on reservation. Can't load seat map.,1
2019-11-20 11:58:01,No functionality. Terrible app.,1
2019-11-20 09:12:28,The latest update broke access for me on my galaxy s9. My bookings disappeared and I get 'system unavailable ' errors if I try to reload them.,1
2019-11-20 07:55:20,"Garbage, you've ruined the app!!! You had a great app before this version, all you've managed to do is ruin the user experience! Linking to external websites in an app doesn't make it better either, slower and less intuitive to use. Comes as no surprise from AC.",1
2019-11-20 06:17:46,"Awful update. The app was quite functional before but now it is slow, unresponsive, and my trips had disappeared. Also the boarding pass doesn't appear after you check in using the web version (which I had to as the app kept falling to allow me to check in).",1
2019-11-20 04:45:24,"Very basic. Has airport maps of airports that i dont need but dont list the ones that i do. Removed contact info for customer service. As a 50K, has no indication of status or benefits. No links to anything,. Not even a home screen. This was a BIG step backwards and a BIG disappointment 😥 Air canada should look at Delta's app. One star because i cant give any lower. Typical air Canada- give less but charge more.",1
2019-11-20 00:45:06,Great,5
2019-11-20 00:12:25,Frustrating,3
2019-11-20 00:04:03,Last update is a disaster. We leave for home in a few hours and can't check-in or load boarding passes. Error. Error. Error. Was great on way here with previous version. Too bad.,1
2019-11-20 00:01:52,This new version has stripped practically all of the functionality of the previous app. So I give this a very poor rating. Also tried to access Airplan and that function not working.,1
2019-11-19 22:53:01,"Great flight tracking, schedules and app only features. Besides the usual schedules, alerts, booking, the are some nifty app only features like tracking the Inbound flight (know the chances of your flight getting delayed), view flight load and an offline boarding pass.",4
2019-11-19 19:00:28,The latest upgrade removed my existing reservations and cannot locate them again with booking reference. So I cannot check in or monitor status.,1
2019-11-19 18:51:01,"Horrible update to the AC app! I can't book a one way flight from a non-local destination, all my info is gone, you can't preview seats, and you can't review different dates for flex travel options.... what is the point of this update!?!?! And just before the holiday season! Really!?!?!??!?!",1
2019-11-19 18:44:20,"Useless app. If you want to do more than just view your itinerary and have an electronic boarding pass, forget it, just use their website and save yourself your storage space.",2
2019-11-19 18:34:45,Everytime I open the app it asks me to update the app.,1
2019-11-19 18:06:48,Bad,2
2019-11-19 16:21:44,"Garbage. The app does not show your altitude status anymore. Slow to respond. No more biometric log in option. Minimal information about your upcoming flights, unable to see or change your seat. List can go on but lost enough time on this useless ""upgrade"".",1
2019-11-19 13:28:36,"This app was fine before, did what it had to do. BUT THIS NEW UPDATE IS TERRIBLE.. it completely removed all my flights from my account, it wont let me check in to my upcoming flight-even though its less than 24 hours from now. There is no longer a home page and so it makes the app more difficult to navigate. Many other little issues i noticed and i am very unimpressed.",1
2019-11-19 12:27:29,"I loved the old version, all my information was visible once I logged in, it gave me countdowns to my travel dates and the app was easy to maneuver. This new version is unremarkable, and the layout is horrible, I don't even know where to look to update my information. Very disappointed.",1
2019-11-19 10:57:27,"This app is terrible. I couldn't check in, it can't download my pass. I don't know what this is even for if those things don't work.",1
2019-11-19 08:20:47,Updated version no longer has the ability to check in via aeriplan number. You need the booking reference. Inconvenient!,1
2019-11-19 01:53:20,"Bad bad bad... Got the app before leaving on trip so I can manage the booking. Before returning I want to check the booking but can't because the app now needs an upd that is forced down my throat as I can't use it before I upd. Also, will lose the booking as it's not transferred so I'll have to go back to find the emails. No way out so I update; now I'm trying to add the booking again in the new app but can't because AC has a problem and they're sorry about it. Did you people test this? Sigh...",1
2019-11-19 00:19:19,"Forced updated, now i can't add bookings to the app. And can't connect Aeroplan either, app is as unreliable as the airline itself.",1
2019-11-18 23:43:53,You will lose your booking and it will not pull up booking ref tells you sorry something went wrong,1
2019-11-18 22:44:14,Thank you for updating something that was working perfectly. Now it is not able to find my booking. Mille merci estit,1
2019-11-18 22:38:41,"The updated app as a serious problem with the lay out of the ""add a flight"" page. The space to enter the reference number is at the bottom of the page. When the auto correct on my screen enages it covers refence number and you can't see the space to complete typing the refence number. It seems like a pretty thoughtless design. Could you move the refence space up the pages, which is larley empty space, so the user can read what they typing.",1
2019-11-18 21:16:44,The new app is more user friendly,5
2019-11-18 19:24:13,I hate it. I dont see my seat selection anymore. So Frustrating,1
2019-11-18 19:09:31,doesn't work. old app was just ok at best. this one did not work from the get go,1
2019-11-18 19:09:13,"What a crappy app. Very few features, mostly a sales tool as opposed to a customer service focused app. Waste of time.",1
2019-11-18 18:53:12,"Nothing works after an upgrade to a new version, cannot add trips, check in, etc. This was a downgrade to totally unusable app.",1
2019-11-18 17:12:26,"The app went from barely useful to hot garbage. Cant even add any bookings because it just throws an error, ffs....",1
2019-11-18 16:25:11,"Please bring back ""standby and upgrade list"". Plsssssss",5
2019-11-18 14:26:47,"Why does the new app have less information on my flight than the old one? It is no longer very intuitive in terms of seat selection, upgrade bids etc. Clicking change takes me to the site which doesnt work because my flight is booked through an agent... if I have to go to your site what is the point of this app?",1
2019-11-18 14:21:47,Your new interface is absolutely awful. It doesn't show nearly as much information as the previous version. Please change it back.,1
2019-11-18 14:17:31,Terrible update. Doesn't have stored CC info. Can't book multi-city flights. Better bring back functionality or no chance anyone will keep using.,1
2019-11-18 14:12:13,Horrible update... right in the middle of my trip. All my flights and boarding passes disappeared ! User interface sucks,1
2019-11-18 14:06:32,Terrible. Does not keep credit card info. Times out. Not intuitive. How about some AI...and it erased all my upcoming trips... can't check in ahead of time...,1
2019-11-18 13:40:08,Can load booking,1
2019-11-18 13:09:35,Horrible app since update....cant enter my aeroplan number. Every time i try to enter the number it logs me out instantly telling me to log back in and it does the same thing over and over again.,2
2019-11-18 12:20:04,"last update in November caused more issues, I could not see any of my 3 booked flights with the Booking references! bad update!",2
2019-11-18 12:10:51,Tried to add a booking and it crashed ....,2
2019-11-18 08:40:46,"Absolutely terrible update, had to manually enter all personal information again. nothing was transferred over. Unable to book new flights because the updated mobile number from the Aeroplan app doesn't syncing into my passenger information on the application. Why would this be allowed to go into production without proper testing?",1
2019-11-18 07:42:28,No upgrade list,3
2019-11-18 04:33:46,New app crashes and wont let me add flights or view boarding passes ...,2
2019-11-18 02:34:28,"Notably less useful than other airline apps. App required me to input record numbers for check-in and for boarding pass even though I was logged in and it should know what flights I have. Also, the check-in process failed repeatedly. Dev team needs to focus more on UX.",2
2019-11-18 01:52:19,I cant find seats preview. I cant see upgrade option .,1
2019-11-17 23:50:58,Update is actually worse. Where are my trips? Why is the app so slow? Why can't I switch to USD?,1
2019-11-17 22:02:28,Hate this app. Not nearly as easy and user friendly as the previous one.,1
2019-11-17 21:12:33,Disaster. Utterly useless. Can't even handle manually loading a reservation.,1
2019-11-17 20:41:34,Did not import ptevious oinfo and will nt accept current data such as aeroplan numbwr,1
2019-11-17 20:31:10,That did you do to the app? I just opened the app today to check into my flight and the interface is different. I had to enter my booking reference just to find the flight. You should be automating everything for me. How can you go backwards. Oh and your service sucks.,1
2019-11-17 19:32:45,After forced nov 2019 update app wont open. Too nad i have to give it a star at all.,1
2019-11-17 19:07:28,The New app sucks not even compatible with my phone and I have a android smartphone I prefer the old app.,1
2019-11-17 18:27:32,Congrats. It takes real skill to make an app this unuseable and unreliable. Is it possible to give minus stars?,1
2019-11-17 17:42:00,"The new app looks like a great improvement, all except one huge issue. It does not bring over previously saved trips. Huge annoyance, that is a easy fix for the developers.",3
2019-11-17 17:12:38,Updating to the newest version wiped out all of the flight info I had saved in the previous version. I had to find all the reservation numbers and reload them all in the updated app.,2
2019-11-17 16:49:36,This new version is almost unusable. The previous one was super user friendly and had all the information you could possibly need. If it's not broke please don't fix it. The last version I would give 5 stars .,1
2019-11-17 16:18:15,The new app has terrible UX. Why are boarding passes hidden under the three-dot menu? It's a core feature of the app. The previous version was waaaaay better.,1
2019-11-17 15:58:12,Doesn't work won't accept my booking number,1
2019-11-17 13:55:11,"THIS APP IS AWFUL AFTER UPDATE!!! I always use this app to travel back and fourth from toronto to vegas. It functioned fine before the update and now this app takes forever to load. I cant book anything on here because it doesnt load. Also, flight status... i can only check out to 4 days? Are you kidding me? Not even a week, 7 days? Please fix. Im going to just go on google flights to check status or use perhaps your desktop site instead b/c this app is now trash.",1
2019-11-17 11:11:37,"Horrible app, didn't think they could make it possibly worse. Completely non-user friendly. Can't find flight information or seat assignment.",1
2019-11-17 10:58:58,"Congratulations Air Canada. You managed to make the app worse and call it an upgrade. I guess you need it that way to go hand in hand with your passenger flight experience. Believe me when i say that if there was an option to your airline and app, you would not make the cut.",1
2019-11-17 10:55:05,"Slow, poor format that makes it very hard to navigate. The previous version was much more intuitive and clearly laid out. This one is trying to look pretty but doesn't do a very good job at even that. Air Canada is great but they should consider going back to the old app and making small adjustments to that to fit their new livery and colour scheme.",1
2019-11-17 10:34:54,"Just when you thought this app couldn't get any worse... And here comes a new, updated version that is a forced update. It won't carry your bookings over so make sure you have all your info ahead of time. It also won't retrieve bookings based on your aeroplan number, so you'll have to put them all in again manually. App is extremely delayed while refreshing internet data.",1
2019-11-17 10:29:10,"What's the point? Should be all about the traveler. If you login you should see your status, booked flights and the ability to manage your flights and account. This app does none of this. Have a look at the Delta app if you want to know how an airline app should work.",1
2019-11-17 09:38:15,New design is trash,2
2019-11-17 07:43:28,Nov 2019 Unstable app! So many crashes. So hard to get my reservations sync on it and when I dot often it just disappear. Forget to have your boarding passes on it.. also it seems you can't see neither change your seat beside during the check in process,1
2019-11-17 07:40:19,The new app UI is really horrible. Plus updating removed all of your information. Not sure why they bothered with this update. I'm sure some VP of SW is happy though.,1
2019-11-17 04:57:13,Forced an update while in line at airport and lost by boarding passes. Then it won't let me re-enter my passport number because it says my phone number is invalid but it was successfully verified. This new version is useless. No QA has been done on this,1
2019-11-17 03:21:44,Not ready for production. Keeps crashing CONTINUOUSLY to the point of being unusable.,1
2019-11-17 02:59:23,"Terrible update - did not migrate all my reservations, made an error in the spelling of my name, and found errors in the personal / family data that was migrated (check yours to make sure!). To end it, the app updated itself on my phone without my knowing it - no permissions asked. AC, as a million miler and someone who gave feedback about the beta version, I expected more from the airline I use most! You could have done a better job.",1
2019-11-16 23:24:45,New app was automatically added to phone. Old app gone! This one is horrible. It has taken away much of the information that I used to get with old app. Not sure what exactly is supposed to be so new and improved! This one is pretty useless,1
2019-11-16 20:54:07,My flight is today and the update is not allowed for my account. It says that the app is not available for my account and now I have no access to my boarding pass. There was no warning yesterday when I checked into the flight. How can you lock users out when your new version clearly hasn't been tested AC?,1
2019-11-16 19:26:37,unhelpful app; it never keeps my trips. I'm always having to add my booking info to pull it up. I'd rather use the website on my phone at this point,1
2019-11-16 17:38:02,"Forced to update, then wouldn't let me check in, saying had to see an agent. Used my wife's phone and the old app which thankfully still worked! The old app was great, the new one, garbage! Why change it if your not improving it?",1
2019-11-16 17:35:14,"Very poor interface. Much worse than the previous version. Less functionality and options. Doesn't seem to retain bookings. In this day and age, when I have signed in, I should not have to retain a paper copy so I can look up my booking reference.",1
2019-11-16 15:45:52,What did you do to your app? The new one is terrible. It keeps forgetting my trips. I add my trips and it removes them after a while.,1
2019-11-16 13:34:00,Not bad..a little slow. Needs better functionality of the check-in... Should auto populate the reference number like the old app,4
2019-11-16 13:30:44,Great service always.,5
2019-11-16 13:29:12,This new updated app has wonderful user interface. Got huge dicounts. Thanks buddies.,5
2019-11-16 11:45:28,"New app in place, and so far so good. Cautiously optimistic (added two stars to previous review)",3
2019-11-16 11:21:19,"The app was a complete failure just when I needed it most. Walked up to security to show my boarding pass. The app interface was completely different from yesterday and the boarding passes for my two flights, which I viewed many times yesterday were no where to be found and they could not be retrieved. It looked as if Air Canada had no knowledge of me other than you show me a minimal listing of today's flights. I noted that the app was updated yesterday. I think the update was a complete fail.",1
2019-11-16 11:18:06,"What a terrible, terrible update. Where's the option to check-in with my Aeroplan number? Why do I now only have the option to check-in with my booking reference?!",1
2019-11-16 10:09:54,"The latest update is terrible. First of all it simply removed all my bookings from the list. On top of that , after adding them again they simply disappear every time the app is opened. As a developer I can't understand what's the problem with persisting data or properly retrieving it from a remote source. Also, the location for checking in and finding boarding passes is not intuitive as they're separate and not linked to the reservation. Yes the UI has a better looking but not useful.",1
2019-11-16 09:52:27,Old app was much better overall and had significantly better functionality that I used daily as a frequent traveler.,1
2019-11-16 08:19:33,Not reliable to download,1
2019-11-16 04:28:23,App keeps crashing,1
2019-11-15 23:08:06,"useless app, crashed on every logins",1
2019-11-15 19:06:14,Great!,5
2019-11-15 19:01:58,Mere baap ne banayi he,5
2019-11-15 18:58:20,The new app is lit. Keep rocking,5
2019-11-15 18:57:36,Maza nahi aya,5
2019-11-15 18:54:42,"Loved the new app interface, definitely innovative and user friendly. The animations are quite smooth. Boarding pass details not only provides pure information but also gives flight status which is pretty helpful.",5
2019-11-15 16:45:46,The app crushing each time when I input departure city name,1
2019-11-15 16:44:24,"Waaah, new version is really hard to navigate. Why change the interface? Makes no sense at all.",1
2019-11-15 15:55:16,Hate the new app. Less information available in a less accessible form. Everything I liked about the old app is gone. WTG Air Canada - will be deleting.,1
2019-11-15 12:42:44,Terrible! Go back to the old app!,1
2019-11-15 11:45:22,I was surprised to see that there was no biometric authentication option in this new update(Nov 2019). I wish they bring it back! Should have more than just three airport maps or atleast list all the lounges and AC facilities around the globe with an option to purchase one-time passes in the app. Integration with Google services like Google Pay to store the boarding passes and Calendar sync for trips. The developer should also consider combining the Rouge Player app with this one.,3
2019-11-15 11:16:54,My dad made this app,5
2019-11-15 11:08:12,This new update keeps crashing. Really great news for me as I have a flight in 6 hours and can't retrieve my boarding pass. Well done AC.,3
2019-11-15 10:49:55,"Even though I had checked in online, the app kept indicating that I should check in. Horrible synchronization feature.",1
2019-11-15 09:35:41,Nov 2019 version of app always crashes when trying to add reservations. Unstable. Do not use for boarding passes. Not sure if it will work for IFE (needed for Rouge),1
2019-11-14 09:59:31,Awesome,5
2019-11-12 20:01:50,"I use this regularly to show my boarding pass, but this app is very unstable. The looks have improved a lot through the ages, but not performance.",3
2019-11-11 23:37:47,"Even if someone hires an app developer and pays him/her 10K to build an worse app than this one, he/she won't be able to. This is useless app. Booking information doesn't show up. It doesn't throw flight status nor alerts. I don't understand why Air Canada keeps this app. Because they have to?",1
2019-11-11 18:17:16,"So the new update now deletes my address and credit card number every time. Huge pain. Please fix. Really big fan of bringing the calendar sync option back. Thank you. That really helps with my planning for conference call and also looking back to see which cities I was in on which days. Love to see the calendar info include a little more information like the terminal number, maybe the comments could show the recommended check in times. Good progress.",3
2019-11-11 14:56:59,"They changed the login to use Aeroplan credentials but limit the password length to 10 characters. Guess what app business analysts, it's longer on Aeroplan site and on the Air Canada web site.",2
2019-11-09 09:37:04,I tried to watch a movie on my phone and I was not able to because they wanted me to download a program so I could watch the movie. But I had no internet and they wanted me to spend $8 for 1 hour of internet,2
2019-11-08 11:38:28,It is not responsive. Impossible to check-in on the app.,1
2019-11-03 21:58:09,"Air Canada still doesn't have the app thing figured out. I can't book tickets with a credit card through the app, always declines it, but I have no problem on the website. When using the electronic boarding pass it doesn't show up in time for connecting flights. And the app just won't even load sometimes. The concept of this app is great, they just need to get it all working properly.",2
2019-11-03 16:20:30,Literally Garbage. The app opens a web page which opens the app which plays 1s of inflight entertainment and then closes back to the app to repeat the cycle. Who comes up with this?,1
2019-11-02 08:48:11,Works well and simple to use.,4
2019-10-30 21:15:40,WORST APP EVER!!!!! They dont bother to update ANY of the information for your flights which results in missed flights. GARBAGE APP!!!!!!,1
2019-10-30 04:06:33,Worst app around.,1
2019-10-26 16:20:03,"I recently read the many negative reviews for this App, and when my experience was even worse I wrote a scathing review. They say that time heals all. So now I can say that everything is changed. I again flew AC, and this time the App worked very well, exactly as it should. So I hope anyone who read my earlier review now reads this one. And I do congratulate Air Canada for finally getting it right.",1
2019-10-26 15:34:14,Very limited choice. Doesn't show air Canada timetable or flight schedules,1
2019-10-24 10:35:10,Mediocrity at its very best.,1
2019-10-24 09:14:11,Excellent,5
2019-10-22 09:59:59,"Horrible, when needed didn't work at all and was on a long flight",1
2019-10-20 14:37:00,The app is very glitchy. Freezes alot.,2
2019-10-19 21:00:39,Does not have back key to make corrections on previous screens. Does not have a quick way to display boarding pass once the app is closed and you restart it.,2
2019-10-18 23:35:17,Cant get digital ID,3
2019-10-16 13:52:45,Westjet has free moves. Air canada does not.,1
2019-10-16 02:10:11,The only major airline app that does not have a proper profile login option. AC at its best...,1
2019-10-15 22:37:47,Absolute trash. Can't log in. Tells me to turn off vpn. I don't have a vpn. Check in notifications don't work until I open the app. Also no longer links to aeroplan so my points arent accumulated and won't put me in zone 2.,1
2019-10-15 12:10:03,Great,5
2019-10-15 07:00:11,"Ok, but connecting boarding passes never work. Uninstalled.",2
2019-10-14 23:37:11,Good.Helpful staff.,5
2019-10-13 12:53:34,"Doesn't show my seat number, doesn't show duration of flight, doesn't let me change seats, doesn't let me check in. Full of bugs. Useless app.",1
2019-10-13 03:14:52,Excelant,5
2019-10-12 18:26:23,Many failed attempts to log in. Many failed attempts to check in. Almost no support when I contact the Aero Plan.,2
2019-10-11 11:59:13,Very User friendly,4
2019-10-10 20:03:15,"App was originally 5 stars. But ever since Air Canada got hacked, they keep forcing me to reset my password EVERY TIME. Finally I gave up and ignored the Pswd Reset popup, and the app still works without any passwords. Now that is real security. Guess AC should stick to flying planes and not software. AC's instructions to reset the password does not make the problem go away. They have a bug, and are living in denial. they keep telling me it's my fault (my account, my phone) without investigating.",1
2019-10-10 01:44:25,"It's stupid, I want the air Canada beta app available",1
2019-10-09 18:09:59,This wasn't a very good app. Then you removed login and made it even worse! At least I used to get my bookings added automatically. Now I have to type them in. And your Flight Pass app doesn't even let me select the confirmation number!,1
2019-10-09 11:55:26,I wanted to use the app to check in for my flight. It wouldn't allow me to check in and gave no reason. So it was worthless for me.,1
2019-10-08 15:03:36,Please don't fly with Air Canada. I have worse experience. I am never recommend to anyone. Please avoid it if possible.,1
2019-10-07 20:01:12,This app is terrible. Especially since they changed it. Buying a ticket through the app doesn't link to my aeroplan number even though it's set in the profile. There is no sign in or out so there is no linked profiles. It crashes and is insanely slow. It's almost worse than having no app,1
2019-10-07 11:02:42,Doesn't work on Samsung...,1
2019-10-07 08:02:03,Needs work to be friendly.,3
2019-10-06 04:14:13,"Bad app for probably the worst airline. Avoid Air Canada service, flights and loyalty if you can! This app can't use the check-in feature if your name has any letter in it that isn't Latin based from a to zed or has an accent on your passport",1
2019-10-05 15:10:38,"I don't understand how a quality organization like air Canada releases such a poor quality app, and does nothing to fix it. Web check-in fails 80% of the time for me",2
2019-10-05 11:58:01,Csnt process missed mileage on app,4
2019-10-05 06:58:42,Always great service. Accomadating every time I fly with AC.,5
2019-10-04 22:22:25,slow,1
2019-10-04 19:26:24,If you can't download makes for a lousy 9hr flight!,1
2019-10-04 16:58:19,"The media player is a different app that you need this app to download, and can be only downloaded on air Canada Rouge's slow wifi network. Its about 45 minutes to download, and you will inevitably have to start over again multiple times due to their poor network quality, but they will offer tablets with the media player pre-installed to a select few people... for a fee.",2
2019-10-03 14:24:59,"When everyone i try to check in i always have to try 2-3 times. And even then, somtimes i am only partiality successful.",1
2019-10-03 06:36:04,It's good but it barley ever works. Everytime I check in it messes up,2
2019-10-03 00:27:55,"Unable to display Prestige Status. The app has changed a bit recently. Used to be able to go to setting and view your Altitude status card, e.g. 25K, 35K, 50K, 100K, etc. The same option simply disappeared. Now that you don't mail us the status card anymore and ask the member to use the app to show the status but it is broken.",2
2019-10-01 21:53:07,Very useful and handy.,5
2019-10-01 18:58:22,Not reliable,3
2019-10-01 16:23:43,"Do not trust the app, particularly to buy Maple Leaf lounge access using app - ongoing technical issues that have been reported by me alone 3 times in the past year - when you have 2 or more layovers, the app randomly assigns access to ONE lounge but the app confirms a visit to all of them. When you check in at the lounge and ask for clarification, they tell you ""sorry - it won't be a problem"" but then you get stonewalled when you show up at the lounge (the only one you were intent on using).",1
2019-09-30 20:14:22,Easy to use,5
2019-09-30 15:21:54,"Total garbage. Just had a 9 hour flight with no in flight entertainment because the new ""Air Canada Rouge"" entertainment app would not proceed past a blank white screen on any of the 3 devices we tried, that is after the nearly 2 hours spent trying to install it in the first place. Not looking forward to the next 5 hour leg... Frequently crashes during check in process and does not update flight information efficiently",1
2019-09-30 15:21:03,I have a,4
2019-09-30 09:57:31,Sucks worse than the Westjet app and that is a low bar.,1
2019-09-30 08:12:39,Can't get in flight entertainment to work at all.,1
2019-09-29 17:36:48,Great and Easy App to use!!!,5
2019-09-29 11:14:06,Very slow. Sometimes checkin doesn't work- error message,2
2019-09-29 10:53:50,"App doesnt work. Won't connect aeroplan number, made me pay for seat selection when it should not have, doesn't have any of my payment options on record. Usless",1
2019-09-29 10:06:34,"Used to be ok. Now it's impossible to access my altitude card, which is causing a number of issues at the airport when trying to use my status benefits.",1
2019-09-28 16:03:15,unable to login,1
2019-09-28 13:36:42,Used to work just fine! Been crashing for the past 3 weeks now and not being able to sign in or link my aeroplan account!,1
2019-09-28 11:43:44,"So many problems...AC needs to produce a better app, comparable to their competition...this latest version is near useless.",1
2019-09-27 18:49:08,Doesn't work... It says: Price Error,1
2019-09-27 14:29:26,Not great still not integrated with the website. Should be seamless. If you book on the phone it is not automatically in your online bookings.,1
2019-09-27 12:05:02,The best,5
2019-09-27 11:18:08,Charges me in USD so I won't book flights on it until that is corrected.,2
2019-09-27 07:13:31,Does what I need.,4
2019-09-27 00:33:02,Great,1
2019-09-27 00:15:39,it's good,5
2019-09-26 21:42:16,Useless.,2
2019-09-25 20:08:11,"Lots of bugs. App is free BUT it charges for movies! It's only a few bucks but still, I didnt realize until i saw the charge on my credit card bill later.",1
2019-09-25 15:13:15,"Can't login now. Been using ac and the app for a long time. Air Canada, you are the exact reason people should fear an oligopoly. I will be choosing any alternative to flying with you in the future.",1
2019-09-25 00:57:23,"Dreadful. Downloaded the Air Canada app onto my Android phone before take off, then had to download another app called Air Canada Rouge whilst in the Air to watch the in-flight entertainment. This took nearly an hour and kept pausing unaccountedly. When it did eventually install, every time I launched it, it just went to a blank white screen so no entertainment for 3.5 hours. Westjet's app is infinitely better.",1
2019-09-24 15:33:53,Can't create account.,1
2019-09-24 09:01:22,App gone bad...cant sign in. Cant link to aeroplan. Pretty much useless at this point.,1
2019-09-23 20:53:45,"Can't sign in, can't create account, essentially cant do anything. I fly with AC at one return a week at least and I can't even use the app for notification or boarding passes or retrieving my bookings. How is it this hard to get an app to work...",1
2019-09-23 10:39:52,"Confused and can't login. I've received multiple warnings that the old app won't work, use the new app - but I can't log in to this app I already had installed. What is going on Air Canada???",1
2019-09-23 06:46:42,Requires you to download another app to work as intended but even then still doesnt work.,1
2019-09-23 00:10:25,Too slow,2
2019-09-22 20:39:13,Awesome,5
2019-09-22 14:06:29,Very useful app to keep one informed of essential travel information,5
2019-09-22 11:31:53,"New changes doesn't allow for sign in, auto sync flights. Truly a garbage product.",1
2019-09-21 18:04:53,Once again completely broken. The aeroplan site lets you set a longer password than you can enter the app lol. Whoever is running their QA needs to find a new job...,1
2019-09-21 13:09:37,"Been ""waiting to download"" for two days",2
2019-09-21 13:05:05,"Pretty crappy app. It loads slow and keeps quasi-crashing while I search up flight info, requiring me to return back to home and start again. Almost easier to wait in line at the customer service desk. The epitome of 1 step forward, 3 steps back. Check-in is marginally smoother, 1 step forward, 2 steps back.",2
2019-09-21 12:43:10,Air Canada rouge player does not work on my Galaxy S10+ . It is useless on a long flight to and from Europe.,2
2019-09-21 00:36:36,Very bad experience. Can never login or link my aeroplan. Lots of bugs,1
2019-09-20 20:06:26,"This would be a great app if it not for the persistent problems with attempting to sign in for altitude status. Each attempt results in ""system issue... please try again""",2
2019-09-20 14:49:14,Same problem as others. Updated my password and now the app won't recognize me. Tried reloading the app and it fails to reload too.,1
2019-09-19 21:47:00,"The Aeroplan/Altitude sign in experience is gloriously broken, ALL THE TIME. The face that Aeroplan is separate but intertwined with Altitude is cumbersome and not the smartest design by any stretch. I'll still use it, but I definitely don't like the app experience at all.",2
2019-09-19 21:07:18,"Useless, big fail. Installed the app so I could watch movies on the next Rouge flight. Tried launching the viewer (ahead of the flight) to make sure it works but it failed with message that I must be connected to a Rouge wifi first). Once on the flight, I connected to the wifi and tried again. Told to install the Rouge player (then what is this app for???) Very slow download that kept failing part way through. Eventually I gave up trying. Also could not create an account. Yep, useless.",1
2019-09-19 17:03:49,"Not an ap rating, a rating on the customer service I received at the San Diego airport.",1
2019-09-19 04:40:28,"Downloaded this app yesterday. But after multiple attempts I still can't create my profile to login, so I don't know how I'm supposed to use it for my up coming trip.",1
2019-09-18 14:10:00,Easy and handy to have.,5
2019-09-17 16:40:06,"Incorrect info galore. Showed wrong boarding pass, wrong meal pref, etc. Don't waste your time.",1
2019-09-17 16:26:23,"Let me down at the worst time. I had pre-loaded my boarding pass in the app no problem before arriving at the airport. As I approached security, the app randomly decided that it wanted to apply an update and gave me only one choice - Update now. Needless to say, i was forced to stand outside security while my phone fought through airport wifi to download the update, then install it, before I could finally get back to the simple boarding pass. This is a poorly designed feature!",2
2019-09-17 15:38:48,"This app is terrible. You can't login with you AP account like you can on the website, and for some stupid reason the app defaults to US Dollars!!! You're a Canadian airline, how stupid is that? You can't make this stuff up.",1
2019-09-17 09:17:23,"The app is slow to load, slow to load info, and doesnt connect to my flights automatically like the United app. It is also sending data daily, despite me flying air canada once every 6mo or so. What data are they harvesting from my phone? Would not recommend.",2
2019-09-16 20:38:00,"After december 10th update, app will not load. I get an error message now and the app shuts down. nice. I really need this app to work for upcoming flights, this is very frustrating for me, and, I'm guessing many others. Update...the next update fixed the shutdown problem and the app runs much better...thank you for fixing! Bugs were fixed, for sure, no troubles for 6 months or more. Thank you, again for fixing!",5
2019-09-16 14:45:41,"Is this the app of a world-class airline? No way to sign in, cites an invalid password / email combo even though they work well on the website. App used to work before it was replaced by this ""improvement"".",1
2019-09-16 13:30:36,Gate information is rarely available,3
2019-09-16 09:50:43,"Air Canada mobile+ has been discontinued The Air Canada account is evolving in 2019, making way for a new and improved log-in experience. As part of this evolution, the Air Canada mobile+ service has been discontinued. With the exception of Air Canada mobile+ account features, all other functions of the Air Canada App and Flight Pass App will continue to be available, including booking, flight status, flight notifications, check-in and boarding pass. Therefore you can't log in.",1
2019-09-15 13:09:44,"I sure hope they fix all the issues with logging in. Drives me crazy to try and access the altitude dashboard, app and aero plan sites. Other than that it would be nice if the Air Canada app linked you directly to the Altitude dashboard.",2
2019-09-15 07:21:43,"Need to sync better between Desktop version, Aeroplan and app",2
2019-09-15 01:47:46,"61 megs and it can't even log in (""we can't log you in right now""). Hunk of junk. Avoid avoid avoid",1
2019-09-14 23:03:56,Very good,5
2019-09-14 00:55:58,"Cannot log in since end of August. Air Canada web site works fine but any attempt to sign in fails in this app. Called Air Canada and was told that this app is ""maintained by Aeroplan"" and that ""Air Canada doesn't have anything to do with it"". Dead end. Utterly useless.",1
2019-09-13 18:12:32,Can't even do multiple bookings.. What a crappy app!!,1
2019-09-13 10:02:01,What a joke !,1
2019-09-13 09:15:22,Totally useless. I tried twice to create a profile - told not able to update and try again - same problem - didn't work again. As it happened I had downloaded the Air Transat app - no problems.,1
2019-09-13 08:46:38,Can't log anymore something wrong happened to this app if so just let us know it is ridiculous to treat your loyal customers this way. Shame on you and your marketing department,1
2019-09-13 06:14:38,"cant show my boarding pass at the gate as the app is demanding a ""recommended update."" Can this app get any worse? Updated Sept/19 update: now it can't find my boarding pass even when i download it by sms. With the app installed i cant see e-boarding passes that Air Canada sends by sms: have to delete the app to be able to use by boarding pass, which is nuts.",1
2019-09-12 17:27:56,Can't login.. Can't even try clicking on forgot password (though I know my password). Seems pretty basic,1
2019-09-11 23:47:37,Why cant I get boarding pass,1
2019-09-11 17:26:14,Can't create an account. Get random error.,1
2019-09-11 16:54:02,Worst flight app in the world. A absolutely terrible coding!,1
2019-09-11 13:18:08,Very good,5
2019-09-11 11:28:10,Glitchy and unresponsive,2
2019-09-10 21:21:53,"Terrible. Cannot link my AeroPlan, cannot login or even create an account without the app failing and having connection issues. Absolutely rubbish. Emirates Airlines has a much better app and I never had any issues with it.",1
2019-09-10 20:23:08,"Unable to login. Keeps telling me to try later. AC website accepts my login and password, but not the app. Terrible.",1
2019-09-10 13:00:35,"Is the password field going to be revised to suite the new Aeroplan password strength? Your app only allows 10 digits, where Aeroplan allows more. Grrr",3
2019-09-10 12:54:22,NICE,5
2019-09-07 16:58:41,"The worse you should make it Easy,not like it 😖😠",1
2019-09-06 08:02:54,"Pleasent+easily read&understood app+helpful staffon ground+aboard. I enjoyed A C. this time around,and will reconmend it. No trouble on trip - I enjoyed these new airplanes>A320-200&B787-8Dreamliner-I did research on these planes.I was excited,and somewut impressed. Whitehorse-Montreal. Canadian Aboriginal Aids Network Conference-Aug 25-29,2019 recently.",4
2019-09-06 07:36:43,"Works quite well, but gates are not accurate.",3
2019-09-05 21:54:29,"This is the worst app ever. Never retrives any information, please invest in your app amd make this better.",1
2019-09-05 05:48:00,Player doesn't work on android phone,1
2019-09-04 19:09:41,Haven't used the app in almost two years and Android Q notified me that it's still accessing my location. Thanks pixel Q!,1
2019-09-03 21:28:36,Does not have the ability to save the digital boarding pass to google pay which other major airlines have supported for a while.,2
2019-09-03 19:19:29,"Worst in flight entertainment experience ever. Out of 3 devices, none would load. Managed to get the iphone working after 1 hour of flight, only to have the movie freeze every 15 minutes. I don't know who thought of this app, but it's complete junk for rouge.",1
2019-09-03 16:11:20,Stopped working. My flights won't open,1
2019-09-03 08:52:16,"I have an Andriod phone. My wife has an Apple phone. We have both tried to download this app on the flight so we can watch a movie or tv on our 10 hour flight as advertised by Air Canada. I even bought their high speed internet to download the app. That also did not work. Furthermore, we have had our light on for 3 hours on an international flight and no one has answered. Bad app. Bad airline. Bad experience.",1
2019-09-02 08:48:00,Login experience is the worst i have seen,1
2019-08-31 00:46:18,Awful management of boarding passes,1
2019-08-29 19:22:34,Poorly implemented app that is unable to track whether or not you're checked in and retrieve your boarding pass. Do not depend on this app,1
2019-08-28 21:31:19,Can't log in.,1
2019-08-28 19:50:55,"Sucks! Over an hour to link and still not linked. Password issues, even though I know it's right. Says turn off flight mode and use wifi, DUH! I haven't been in flight mode for 3 months and I'm at home on my wifi. I give up. YOU SUCK!",1
2019-08-28 17:54:49,"Just received notification that this app was going to be replaced with a new app and that I will have to link my Aeroplan number to the app or information won't be migrated over. I clicked on ""link your Aeroplan number"" and was told that since my middle name was not on my Aeroplan account it did not match my AC account name. I stopped, logged into my Aeroplan account on a computer and added my middle name. However, I can no longer link my number (""wrong # or password""). Frustrating!",2
2019-08-28 16:24:45,"I've given it 1 star because I can at least get my booking as a ""guest"" BUT its utter rubbish! I've tried several times to login to Mobile+ but it keeps coming back with ""connection failed"" despite the fact that all other apps are working fine. I've reset the password, restarted my phone and deleted and reloaded the app. Utter rubbish!",1
2019-08-28 15:45:15,Great,4
2019-08-28 15:44:04,"Awful. Recieved email to link my aeroplan to the app, which i did years ago but somehow or other i have to do it again. Rejected my password even though it is valid, reset my password, which was rejected as it was the same as my old (supposedly incorrect) password, then it wants to reconcile the 2 accounts but claims i'm not online, even though i clearly was. Will delete the app. Another reason to simply not do business with Air Canada or Aeroplan.",1
2019-08-28 13:54:28,Checkin process takes several attempts.,1
2019-08-28 12:28:18,"Constantly malfunctioning, requires reinstalling, but only fixes some glitches. New problem: can't get into settings!",2
2019-08-28 12:00:17,"Without any doubt, this is the worst app in existence. Slow and totally useless. Fits the Air Canada slogan: ""We are not happy until you are not"".",1
2019-08-28 11:57:22,"Attempted multiple times to connect to Rouge inflight entertainment, not once successful due to apparent flaw in the application.",1
2019-08-28 11:20:37,Terrible reliability issues. Continues to fail at loading anything. Worst app I've used to date,1
2019-08-28 11:16:47,Could not sign in. The app could not recognize that Wi-Fi was available.,1
2019-08-28 10:27:17,"Awkward, slow, horrible app. Customer service assumes that you are flying and nothing else. Had to uninstall to try to fix.",2
2019-08-28 10:25:54,Nothing works.. takes an eternity to load anything. Completely unresponsive.  Other Airline apps work perfectly fine.,1
2019-08-27 14:56:28,"Too many bugs with the app. I use it frequently and it always forgets my aeroplan password. I have had to reset it because the app says its wrong even though it isn't. I have had a lot of issues checking in, system glitches etc. I like air canada but there are a lot of issues with this app.",1
2019-08-26 21:43:50,"Air canada needs to hire a UX designer to work on the onboarding process. Having to sign up for a completely separate account from your existing Air Canada account, then having to manually enter your own flights makes the process of using this app slow and clunky. Also, it breaks halfway through check-in. Continue, back and quit buttons all do nothing. Seems like an app designed by developers with no concept of using the product.",1
2019-08-26 15:53:43,Very slow and no response most of the time,1
2019-08-25 18:12:30,"Mediocre, buggy, inconsistent. Only use for a boarding pass really as i dont find it reliable in various aspects. I'm a former frequent flier and loyal to Air Canada / Star Alliance but...nope.",3
2019-08-24 11:12:10,"Worst airline we have ever used!! Unorganized, not helpful, rude staff! Lost our luggage and would not let us on the plane until they found due to international flight. Almost missed connection due to that and the fact they landed the first leg 1 hour 40 minutes late!! Then do not want to do anything to credit us or even apologize!!",1
2019-08-23 13:56:32,Worst app ever dont bother,1
2019-08-23 06:40:29,It's very strange that the login account here is different from the official website of air Canada.,3
2019-08-21 10:47:23,"USD Im using an app for Air CANADA and it always displays prices in USD?!? Bad enough that it is the default setting, but changing it to CAD in the preferences still gives you the total in USD!! Looks like they want to give the appearance of great deals... What a scam!!!",1
2019-08-20 15:24:46,Useless app. Can't book or do anything. It's like they want you not to use it...,1
2019-08-20 01:18:55,"""network not available"". Um, yes I'm connected to my home wifi just fine. Useless",1
2019-08-18 15:22:02,"very bad app, nothing worked on the 10 hour flight. air canada rouge player took hours to download from planes network and when it finally did it would not connect to the plane entertainment network. don't bother to use it just preload your own media to use on the flight.",1
2019-08-17 20:47:21,good but i wish they improve the booking feature. i want something like cheapoair that shows live lowest fares when i hover each date in the calendar.,5
2019-08-17 17:30:48,Wheres the -5*. Awful. Just Installed and spent an hour and a half trying to configure. Says my password too short. Too long. I logged out and tried to log back in. Fail. I have password keeper so i know it was right. Then it locked me out for 2 many failed attempts. Finally got back in and all my set up was gone. No name. No phone. No bookings. This is going in the trash. I have Delta app and took me less than 5 minutes to set it up.,1
2019-08-16 06:35:00,terrible awful airline,1
2019-08-15 09:34:22,"App is ok but not always consistent. Sometimes either missing info, or not updating changes in flight info, but overall ok. Make sure to also have backup paper copies of boarding passes and other documents.",3
2019-08-14 17:33:18,developers have abandoned this non-functional app. good job air canada 👍,1
2019-08-14 15:47:33,It just doesn't work!,1
2019-08-14 13:54:29,"can not use says no internet connection, turn off airplane mode when it is not on, use wifi. I uninstalled two minutes after installing. garbage. fix this so it is usable",1
2019-08-14 11:01:54,"Double billed me a flight booking (made two separate reservations). 45 minutes later on hold long distance charges as there are never enough call staff, resolved. I asked if my expectations had been achieved, staff said yes, i disagreed politely, she repeated that my expectations had been achieved, and here i am. this app has a very significant glitch that ruined an hour of my day and interrupted my work. 50k elite member. Livid. Added: incredible lag within the app when checking in.",1
2019-08-13 18:36:34,not working! keep saying No internet connection!,1
2019-08-13 15:25:43,this app can never work. it keeps on asking me to remove from airplan mode or put wifi. I'm on wifi and still not letting me create account nor check flights.,1
2019-08-13 01:30:56,Can't use at all. Says network not available even though I am on wifi. Total waste of time.,1
2019-08-12 23:30:48,I cant get it to worlk.. Says installed but wont identify my device so .. useless,1
2019-08-12 20:35:07,"Can't recognize my login credentials after several retries I am connected via Wi-Fi but states that I am in Airplane mode, too bad I can't post the screen shot of that Just finished uninstalling it and issues went away!",1
2019-08-12 13:06:36,thinks phone is offline and won't connect.,1
2019-08-12 12:07:51,"Download on a Samsung S10 using Android 9 Pie OS. App says ""network not available"" when on data/network, on 2.4gHz or 5.0gHz wifi.",1
2019-08-12 02:25:05,its bad,1
2019-08-11 21:47:49,not usable. keeps saying no connection and to remove airplane mode. app is faulty and had to uninstall. useless.,1
2019-08-11 19:37:56,"This app crashed at the most critical time at the final security clearance at YVR. It would then not log me back in to retrieve the QR code boarding pass. They sent me back to the AC check in counter. My advice is to screenshot the boarding pass. I wrote to AC to inform them of the glitch but to this day not a reply from them. Seems like no one is held accountable (*hint* app developers, IT). The app has now been deleted.",2
2019-08-11 17:25:03,It's not working out,1
2019-08-10 20:34:30,"Rubbish. Can't even create a profile. Says ""turn off airplane mode"" when it's not in Airplane mode. Garbage app.",1
2019-08-10 18:58:57,"When Air Canada made a delay update for boarding and take off, the previous electronic boarding pass disappeared, and the new one would not appear. This caused me the inconvenience of standing in line and asking Air Canada personal to print mea boarding pass. This happened twice. Baltimore to Toronto and the return trip from Toronto to Baltimore. Delay updates by the Airline removes your electronic boarding pass, SO PRINT A BOARDING PASS in addition just incase. I deleted the APP.",1
2019-08-10 18:00:38,horrible. cant log in because it wont connect to a network (mobile or wifi). a completely useless app if you cant even have it connect.,1
2019-08-10 14:47:07,useless,1
2019-08-10 11:57:05,I didn't install this app. It asks for too many permissions. Why do you need access to my contacts? And to the camera? The last 13 reviews are all one star. Doesn't seem like Air Canada cares very much about their app.,1
2019-08-09 13:41:51,"""Disable airolane mode"" error when on wifi and 5G Networks",1
2019-08-09 10:26:14,"Unusable. Just keeps saying ""Network Not Available"" I checked it has permissions to access both mobile data and wifi in case it was a subtle permissions issue but that's not the case...",1
2019-08-09 09:38:05,These idiots keep cancelling my booking for no reason. F*** you and your rubbish customer service,1
2019-08-08 21:23:22,garbage app. rouge player almost never works,1
2019-08-08 17:39:01,"like others csn login or create a profile. Gives a please turn off airplane mode or check network"". My network is fine. this app is what is busted.",1
2019-08-08 10:18:34,Keeps saying turn off airplane mode. Connect to wifi. My phone isn't on airplane mode and it is connected to wifi. Not able to use this app.,1
2019-08-08 05:45:16,"App is unusable. I'm getting the same "" Network not available. Turn off Airplane mode or use Wi-Fi"" message others have reported. Same message whether I am on Wi-Fi or Mobile data. Reinstalled twice, no change. I'm using a Samsung S8+.",1
2019-08-08 02:31:02,in spite of having a choice between cellular and Wi-Fi connection it will still ask ya to turn off the airplane mode... Who wrote this app??,1
2019-08-08 02:11:41,"Not able to log in, always shows ""network not available"". Seriously?",1
2019-08-07 21:32:05,"Epic failure, just one more of many",1
2019-08-07 15:40:36,Unable to create an account. The app thinks airplane mode is on... Utter garbage.,1
2019-08-07 01:32:39,"Can't log in, says Network Not Available. Using web site instead.",1
2019-08-06 15:53:29,"Installed on phone and tablet, and on the phone it refuses to acknowledge it is online (keeps saying ""turn off airplane mode"" while not in airplane mode and connected to wifi). On a tablet connected to the same wifi it works fine .... so it's not the wifi, it's the app that sucks.",1
2019-08-06 13:26:52,doesn't work. Garbage air canada. garbage app. garbage website,1
2019-08-06 12:58:35,can't search anything on this app! waste of time,1
2019-08-06 07:37:58,"requires update not in the right time, and won't work without it",1
2019-08-06 00:27:15,"Attempted to check in with the app ~4 hours prior to departure. Check-in may or may not have worked (still waiting; will check at the airport), the boarding passes it ""displayed"" were botched, and I couldn't access any other information about any flights or other bookings because the app failed to detect network connection even while I was connected to WiFi. Completely unusable.",1
2019-08-05 19:32:29,"Tried to sign in. Getting ""Network not available"" while I'm on WiFi network. Does app really need cell network? Why it doesn't work on WiFi?",1
2019-08-05 14:06:26,"Can't log in, customer service says ""oh, we prefer you use our website, it's more reliable""",1
2019-08-05 12:48:19,terrible,1
2019-08-04 18:48:00,useless,1
2019-08-03 01:07:31,"can't do anything cause it says ""network not available"", but I'm connected to both wifi and mobile and have internet access. checked the apps data usage and it's used 10kB of mobile data a few minutes after installing ....??? also the review average might be a little skewed with a top review saying ""pleasant staff"" lol",1
2019-08-02 12:23:10,always says network not available.,1
2019-08-01 20:28:22,Sooooo stupid. keep saying i am off line even i have my wifi on. other apps works perfectly. i can watch youtube. i can chat with people.,1
2019-07-31 23:05:21,awful app...tells me that I am offline when I am on wifi or mobile data,1
2019-07-31 20:58:33,"Recently when trying to book, i get a technical issue when it's trying to search about 75% of the time. It's very frustrating, time to book with Westjet again",1
2019-07-31 20:51:47,I'm not able to retrieve the boarding pass so I have to resort to going to a kiosk and print the damn pass.,1
2019-07-31 18:06:13,"I cant book a flight, getting errors? Kind of useless app now.",2
2019-07-28 18:42:17,"Finally got in and on WiFi and now the app doesn't register I'm on the network, SMH.",2
2019-07-28 11:57:33,"this app is ridiculous at best... the biggwst issue i have is that the check-in feature; some may argue one of the most important features, does not funtion at all. it loads as a blank oage and will eventually default to the ""timed out"" page.... i honestly do not enjoy air Canada, and this is just another reason why.",1
2019-07-26 13:33:51,good,5
2019-07-26 12:58:39,Just been travelling with u for 2weeks 5 flights 4 out of the 5 were 1 to 2 hours delayed. I could not get connected to your WiFi. I would not recermend your airline to any one & i will never fly with again,1
2019-07-24 23:00:05,crashes regularly without a reason.,2
2019-07-24 22:41:10,is very helfull,5
2019-07-24 06:20:18,Does not work on my mini iPad pro 2019 version. I'm connected to the rouge wifi but the player from the app does not start. I've tried several times on several planes. It works well on Android though.,1
2019-07-23 21:55:16,great,5
2019-07-21 21:52:03,"still waiting for my flight, i want to see my dog, i need sleep and a stupid flight attedent is still staying here because of that stupid gosh darn meatball",1
2019-07-21 09:09:18,doesn't seem to want to work. what a waste,1
2019-07-19 14:40:45,Awful.,1
2019-07-19 10:21:02,good,5
2019-07-18 22:20:59,I added my bookings and they are missing 5 minutes later. Passport and nexus information I provided earlier is gone. It says missing passenger information. also cant add all the boarding passes. it says pass not found even though i can add it to another app.,1
2019-07-18 19:49:54,not very easy to use.,4
2019-07-18 13:46:16,"K. , “3-,",3
2019-07-16 23:18:00,This app is useless in every way.,1
2019-07-16 18:42:01,bad,1
2019-07-15 19:17:02,i cant change pwd says link expired. deleted bye,1
2019-07-15 16:18:34,"I have made 7 roundtrip bookings in economy premium seats by this App. unfortunately, we all have given economy Basic seats for our return flight . I have made many attempts to communicate with the Air Canada regarding this problem. So far, no response. What a shame!☹😠",1
2019-07-14 04:06:46,"It has worked well for me when retrieving boarding passes amd receiving notifications to flight status, but on-flight entertainment was a huge pain. Not a good system implemented with their app whatsoever. Could not get their entertainment app installed on the phone because of errors or redirects and instructions were vague. Unable to book multi-city flights. Had to end up using their website.",2
2019-07-14 03:39:42,"i don't normally leave feed back but this app has defeated me. it will not allow me to login, have set and reset the password 5 or more times, complete waste of time. Sort the issues out please.",1
2019-07-14 00:04:39,"Not bad, not great.",3
2019-07-13 17:49:42,let me check in to Canada but not on return,2
2019-07-12 14:48:07,"Mostly functional. Mostly. I get a never ending reminder that my Aeroplan credentials are invalid, despite having updated them several times. Occasionally I'll be unable to check in, met with a blank screen. I'm also not able to change my seat, but my friend with an iPhone can do so on theirs. It gets the job done most of the time but is far from slick.",2
2019-07-12 08:31:50,"This app is garbage, just like the airline itself.",1
2019-07-10 11:08:19,doesn't work very well... keeps sending me back to the start screen when trying to book a flight.,2
2019-07-10 01:21:25,Cant even login because of their damn password recovery service. extremely glitchy and awful user experience,1
2019-07-09 16:15:21,we booked a flight to got Saskatchewan the flight got cancelled because the plane tire blew. then we were supposed to leave the day after and they canceled that till 2 days later so overall air canada had ruined my only vacation with them.,1
2019-07-09 08:42:05,great app!,4
2019-07-08 19:29:33,Constantly syncing and using data even if I'm not flying for three more weeks. Slow as.,2
2019-07-08 18:34:35,""" Fee Collection Incomplete It was not possible to complete this transaction. Please see an agent at Check-in Assistance to pay baggage fees and complete your check-in. "" Doesn't work.",1
2019-07-08 10:57:35,sign in process is so complicated. different from online. locked me out . over just horrible,1
2019-07-06 05:35:57,"the app will say it has no connection if it is sent to the background and brought back again. as far as Air Canada is concerned, i will not be flying with them again. on international flights they make you pay for your luggage. if you have a long layover, they make you get your luggage and re check it and make you pay another fee. so for 2 suitcases it cost me 240 dollars each way. 120 each time we had to check in our luggage. i will stick with air new zealand.",3
2019-07-04 19:45:50,Very pleasant staff. landing were so smooth without drama,5
2019-07-04 11:57:56,Where's the multi flights selection?,2
2019-07-02 10:15:50,"Doesn't actually work. I can login via browser on windows laptop, after resetting password - I can see my account setting - so I have an account - but when I use the same id/pwd combo in my phone - it seems to think my account doesn't exist? I'm not really sure - definitely whatever msg Air Canada is trying to communicate is clear as mud. Would be nice if they can fix it so I can see if the app is actually useful?",1
2019-07-01 15:03:53,I have an account and it's not letting me log in.,1
2019-06-30 14:47:51,App crashes when you go to actually pay for a flight. 😑,2
2019-06-30 11:13:50,"waste of time.Awful ,awful,as cheap as Air Canada can be.You cannot check multiple cities, you cannot check in multiple pax,you cannot pay for extra baggage because of system errors.What a pathetic cheap ap. Can you see how United has done it? what a shame for air Canada-your greed will kill you some day.",1
2019-06-30 07:45:18,"Terrible. compared to its competitors apps this app is stone age and largely useless. flight information i was tracking for my 11 hour delayed flight was updating hours after the delay, cant seem to online check in with any measure of confidence, etc",1
2019-06-29 18:22:59,good,5
2019-06-29 15:22:39,"your app is terrible, it has been downloading for 20 minutes and still no luck, the app sucks, so does your aircrafts. On a 10 hour international flight didn't have any entertainment, none of the cabin lights were working. Really??",1
2019-06-29 08:10:52,Excellent app.,5
2019-06-28 23:11:29,"This app is marginal at best. There are some decent features but services that you really need when, for example, you want to book a flight after the current flight that you're on experiences maintenance problems - a regular occurence it seems on Air Canada - do not work and yield meaningless error messages, such as ""technical problem"".",1
2019-06-28 15:29:39,"Check-in is error-prone, it regularly takes me multiple attempts to successfully complete a check-in. And stop making me log in to Air Canada mobile+ every single time. I use a password manager, don't make me have to open it up each time I want to pay for a checked bag. Step it up you guys.",2
2019-06-28 13:08:51,air canada one of the worst airline . they likely damage your bag or at least your bag will arrive after like 3 or 4 days .. . AC customer service is probably worse than the airline .. the worst customer service i ever deal with . if they decide to compensate you for the damage and delay .. they ll send a cheque ... well i m waiting for that cheque for like >45 days and i didnt get it till now.... and finally they stop replying to my email .. summery :try another airline.,1
2019-06-27 22:15:58,great,5
2019-06-27 20:33:03,Bog slow. No status indications. Alpha software?,1
2019-06-26 10:13:21,"Ok, but does not remember your trip unless you are a member. so need to dig out PNR details every time you need to access your booking on the app.",2
2019-06-25 19:26:17,"selected seats 5 times, saved and confirmed. went to accept policy and pay, bounced me out each time!",2
2019-06-25 02:31:55,"I travel with Air Canada at least twice a month. About a year ago, this app was garbage. Now, it makes flying simpler. Period. If you fly Air Canada, use the app. 4 stars because room for improvement aesthetically and could use more seamless integration with tracking booked flights and calendar apps.",4
2019-06-24 15:25:23,The worst part of this app is it means you're flying Air Canada. Also boarding passes take forever to load.,2
2019-06-23 17:02:42,Your app blows,1
2019-06-23 00:25:16,worst flight ever,1
2019-06-20 18:35:53,"Worst app ever. Slow, freezes all the time. Take forever to load your boarding pass and checking-in. When sending boarding pass fellow travelers, they can't load it on their app!! Truly sucks!",1
2019-06-19 13:22:20,great,1
2019-06-17 13:49:21,horrible,1
2019-06-16 09:27:16,horrendous fill out my details but won't save,1
2019-06-14 19:12:23,"Terrible app, terrible prices. No mobile boarding pass available to international flights. App is heavy - and for what?",1
2019-06-14 13:52:05,Garbage as usual. How can this airline exist?,1
2019-06-11 17:19:18,"Really terrible app. Clunky, bad ui, and doesn't even let me check-in after being very slow and multiple attempts",1
2019-06-10 18:38:44,cool,5
2019-06-08 16:33:17,could never get through the hour long download for android after uploading the Air Canada app.,1
2019-06-07 08:23:34,So upset. i cannot check-in with this app.,1
2019-06-06 22:37:59,this app only shows prices in CAN and US dollars. If I use the website I can see the price in HK dollars (I live in HK). So why use the app?,1
2019-06-01 11:31:28,"Spent 20 mins in check in because flight didn't allow a single checked in baggage. After i made the payment, the app said my session expired wnd logged me out. Going to be a fun trip.",1
2019-06-01 08:25:58,when I check.a ticket.the.price go up whenever I go back.,3
2019-06-01 04:56:18,"Flight was boarding, still had not updated with my gate number or any information. Continually said ""Last updated yesterday"" when refreshed. pretty useless.",1
2019-05-30 12:25:23,I cannot even download this app.  Air Canada has been a total disappointment from start to finish!,1
2019-05-29 00:24:20,"default settings are set to scam. had an update and even though i chose Canada English, it defaulted to USD. It is not transparent or obvious at all that it is USD unless you scrutinize the fine print. caught it too late and no they won't make it right.",1
2019-05-28 11:15:40,App is very slow to load boarding information. Unusable in a rush,1
2019-05-28 00:00:33,"App needs a re-design badly, but it works well so can't really complain!",3
2019-05-27 22:42:01,not very good and far from a modern mobile app...,2
2019-05-27 07:33:01,it so slow to access your info,3
2019-05-25 11:12:52,Can't even press the continue button half the time. It's Air Canada. I should have expected this.,1
2019-05-24 22:33:36,"For 2019, this app is trash. It times out to easy. And, the loggin here is different than their web based site. not fun trying to check in party of 5.",2
2019-05-23 23:05:11,Doesn't work a lot of the time,2
2019-05-23 22:41:58,"unable to reset password (no email sent both from app or website), unable to retrieve booking without getting an technical error message... you're a major airline company, cut 1% of what you pay your overpaid CEO and hire a competent app and website designer",1
2019-05-23 22:37:12,80mb for this app?! what a waste of data and memory Wasnt able to checkin because my flight got cancelled yet ac did not advise me nor did the app explain the cause of the error. Disappointed,2
2019-05-23 13:30:10,"Not user friendly, glichy, times out often, often requires updating.",1
2019-05-20 21:01:57,not Too bad,4
2019-05-20 13:01:40,I am,3
2019-05-20 11:48:42,unable to check in using g this app,1
2019-05-19 20:52:20,I will need to pay to watch movies and have wifi on the plane 😥😭,1
2019-05-18 21:01:12,fast,5
2019-05-17 10:37:28,"Too slow at updating flight status, could not use to check-in.",1
2019-05-16 18:54:53,sometimes slow and hangs up.,3
2019-05-14 13:32:16,Bad customer service. Not very helpful. I'm not booking a flight in this airline anymore!,1
2019-05-14 12:35:02,great,5
2019-05-13 16:18:02,rouge player never works so ZERO entertainment,1
2019-05-12 17:11:10,ok,2
2019-05-09 19:41:34,"This application really sucked. 5 Hours flight and the damn app, kept shutting down. Couldn't handle my one plus one phone.",1
2019-05-08 12:08:53,"Failed at a critical function. Do not rely on this app to make your boarding passes available on your phone when you need them! I used it to check in for my two-leg flight the day before, and selected to send the boarding passes to the app. I checked and they were both there. They were still both there when I boarded the 1st flight. But then at my layover I had to go through Canadian Customs and when they asked for my next boarding pass it was gone!",1
2019-05-08 07:58:05,"The app is as awful as their flights which consist of smelly people, awful food, expensive, uncomfortable seats and whenever I go to Canada, I am convinced that I'm on the wrong flight heading towards Mumbai as opposed to Canada. It's become disgusting what this airline is doing with their consumers. All these options and extra costs. Glad there are alternatives.",1
2019-05-07 19:52:50,How many times can an app crash in a 10 minute span? Gawd awful piece of trash. Hope ACs planes work better than their app.,1
2019-05-06 14:02:05,They don't send emails in English and always 30 to 40 minute wait to get through to call centre I should have booked Westjet,1
2019-05-05 15:22:54,"Wow. I'm truly surprised how terrible the app this. Use the website; it's faster, easier, and way less confusing.",1
2019-05-04 23:43:39,F U this is the an absolute ridiculous app that wants to to keep changing your password and telling you it's been used for another app and blabla fn bla. I use to fly constantly overseas all over the world for years and this is my all time most hated app ever,1
2019-05-03 18:32:13,hard and stressful,3
2019-05-02 17:18:19,great,4
2019-05-02 11:23:17,worst. Nothing start as expected.,1
2019-05-02 01:52:37,"Way to complicated to book flights. Too co fusing. I had better luck with Westjet, Delta and American Airlines. Very, very sad for a Canadian company to be this disorganized.",1
2019-04-29 12:56:47,Do not book flights on this app. It still has so many bugs in it. Still trying to deal with a charge on CC for a flight that doesn't seem to exist on Air Canada's end. I recommend downloading your movies and shows onto your device over downloading this app for entertainment.,1
2019-04-29 10:56:20,"I am raising my stars from 1 to 2 only because I found the cause of the crashes. If the app is started in Portrait mode it will start up but like many, I use my tablet in Landscape mode which is for the Rouge Player. In Landscape mode it crashes. Please fix this nasty bug and I will increase my rating.",2
2019-04-28 20:54:32,Glitchy. I am logged in to MY Air Canada account. I have one reservation for my family of 4. The only boarding pass in MY app is my WIFE'S. Luckily everyone else has all 4 boarding passes in their apps.,2
2019-04-28 05:35:59,Very Good app but need more updates,5
2019-04-25 22:45:17,"Shame on it, just created an account from my laptop and this app wont let me sign in. Bad experience from the get go with this app.",1
2019-04-25 20:03:38,"don't use it that much, no opinion.",4
2019-04-23 13:00:09,"It will not allow you to link an Aeroplan Account, if the Aeroplan was already linked to a different email address.  Lost access to an email account, so created a new AC Mobile+ account.  But Aeroplan is already linked, so it's not able to link these anymore!  Tried contacting support on several occasions and never got any response.",1
2019-04-23 07:50:43,Horrible App - Come On Air Canada!! Unfortunately my company forces me to fly Air Canada even though West Jet is better. Every single time I open this app it takes at least a minute to open and then all my info isn't there - every single time. Which is a huge pain when just trying to open your boarding pass quickly - there is no quickly with this app. I've just given up using the app and now just email my boarding pass instead of using this sh1tty app!!,1
2019-04-21 22:14:58,my 95 year old grandmother can develop a better working app,1
2019-04-20 22:40:31,"terrible, terrible, terrible. You'd think you would be able to buy plane tickets on this app but it was never works. Always a technical error.",1
2019-04-17 18:31:04,App is terrible. Won't allow you to check in. Website does not work as well.,1
2019-04-16 17:32:16,"Pretty bad. The app seems to be more geared to trying to sell you stuff than dealing with your flights. Takes forever to load flight info. When you check in it always tells you at the end that checkin failed even though it worked. Cmon AC, you can do better!",2
2019-04-15 20:24:36,App opens on it's open even after it is 'force stopped'....delete !,1
2019-04-15 02:50:12,great apps,5
2019-04-14 23:21:28,didn't work,1
2019-04-14 13:04:15,Can't link aeroplan card. Keeps saying card already linked.,1
2019-04-13 20:22:00,"Rediculous. I already have an Air Canada account and an Aeroplan account. I had to create yet another account for this app, and then it wanted me to create yet another account to merge my Aeroplan account. Get you $h!t together Air Canada",1
2019-04-12 22:45:22,"app is terrible, glitches out a million times during checkin, makes you redo everything. i was unable to check in at all due to errors.",1
2019-04-11 13:28:16,great except does not work for flight passes,4
2019-04-10 19:43:28,"Cannot access app.  Useless.  I am flying to Europe in approx 3 weeks.  I would like to download the air canada app.  I can not install.  Says it is not compatible with my Samsung tablet.  I would like to be notified via email if there are any changes to the flights here and overseas, and to remote check in.  What can I do?",1
2019-04-10 09:21:17,"It only works about 1/4 of the time. Randomly says ""not available"" more often than not. It's actually comical how bad this app is. I frequently find myself shaking my head and laughing at it's inadequacy. Humour is the only way to stop yourself from throwing your phone at the wall while using this app.",1
2019-04-10 06:05:43,good app actually,4
2019-04-09 15:57:05,On the latest Android this app does NOT save your Aeroplan number which virtually renders the app useless,1
2019-04-08 01:30:33,update sucks. move the order of middle names so boarding pass would not match name on passport.,1
2019-04-07 09:51:35,great app no problema,5
2019-04-07 03:08:48,timed,1
2019-04-06 13:27:23,"Unfortunately this app is a very amateur piece of software with loose ends hanging all over the place. It is poorly designed, works badly or not all most of the time, hangs and crashes a lot and does not do very well what is should be doing. For entertainment it took me over 30 minutes to figure out what I needed to do (i.e. installing another untrusted app player) but I was finally able to listen to a movie. Lots of work before it becomes a useful and trustworthy app.",1
2019-04-05 23:46:09,Excellent tool to stay on top of your flights,5
2019-04-05 23:08:01,Great help for sublo staffs as well,5
2019-04-05 11:41:55,"What's the point of this app if I can't book and pay for flights? Every time I try to pay, there's a tech issue. pointless download.",2
2019-04-04 18:31:58,It works,5
2019-04-04 06:43:43,will not upload any flight pass bookibgs without diibg each manual refererence entry,1
2019-04-04 05:49:37,Excellent quality,5
2019-04-04 01:33:48,App is consistently unstable.,2
2019-04-03 13:52:50,Quick Heal antivirus found it has hidden andoird malware. Is that so ?,2
2019-04-03 13:33:57,Terrible application. Never able to check-in. Useless just like the airline.,1
2019-04-03 13:31:31,the app makes it easy to track flights.,4
2019-04-03 12:59:37,works well with Samsung!,5
2019-04-03 11:32:27,supper,5
2019-04-03 07:51:06,"I can't download, It downloaded halfway then stopped and disappeared, I can't check-in online from my computer or my phone, I can't do anything. The Air Canada website also will not let me check-in, will not tell me what the problem is. Not thrilled.",1
2019-04-03 07:26:17,great,5
2019-04-03 00:23:27,"The single most frustrating app I have ever used...constantly freezing, or wheel of death / not responding",1
2019-04-03 00:03:49,I love Air Canada. Are good people and very professional,5
2019-04-02 23:39:54,buggy.,1
2019-04-02 23:14:51,"Useless. Cant make an account. Cant find flights. Cant log in. Cant find any details. Simply doesnt work, despite internet connectivity and different OS attempts.",1
2019-04-02 23:12:17,Usually very easy to use and check in for all my flights,5
2019-04-02 21:49:13,"easy to use, like boarding pass access",5
2019-04-02 21:16:07,Professional,4
2019-04-02 18:54:53,Like having my flights at my finger tips,5
2019-04-02 18:16:21,Good App,5
2019-04-02 16:40:54,Fast and accurate flight information,5
2019-04-02 15:47:51,Wonderful App. Everything at your fingertips,5
2019-04-02 15:45:40,"Problematic. Sometimes very slow, sometimes won't retrieve data at all. Won't switch to data when wifi unavailable. Many error messages. Newspaper reports of misuse of personal data.",2
2019-04-02 15:20:52,it is functional,3
2019-04-02 14:13:28,excellent,5
2019-04-02 13:40:59,not particularly useful app,1
2019-04-02 13:13:39,"april 1 update, fixed crash issue",4
2019-04-02 09:36:52,"works great, a lot of improvements and ease of operation",5
2019-04-02 09:31:48,Very accommodating love to be able to upgrade and reserve my seat. Thank you.,5
2019-04-02 09:29:29,Solid!,5
2019-04-02 09:13:01,Very easy to use and a very well crafted design.,5
2019-04-02 08:25:04,very good,5
2019-04-02 08:14:39,love it!,5
2019-04-02 07:29:53,rates are higher,4
2019-04-01 23:20:33,you cannot book multiple flights,1
2019-03-31 15:57:44,Not able to add boarding pass...wow,1
2019-03-30 20:18:44,great app. occasional glitches but not bad,4
2019-03-30 17:50:13,can't find my flights unless,1
2019-03-29 17:34:06,Perfect,5
2019-03-28 19:47:47,this app worked okay on my first leg of my trip. I had checked in on my laptop. For my return flight I only had my new Samsung Galaxy tablet to check in. At the end of entering my information it indicated an error. I went back to start and it indicated I was checked in and downloaded my boarding pass. I checked how to access it successfully. The next day when I arrived at the airport I just got a message that the app was not available and a message it was slowing down my tablet!,1
2019-03-28 16:49:06,extremely poor service. lots of bugs. i had trouble checking in online and the customer service was of no help at all. the website was super old and not at all readable. I ended up missing my flight because of the bad info i was fed from customer service. I am never taking air canada again.,1
2019-03-27 22:03:40,Do you not think people use this app on a tablet? why is it only in potrait mode? please allow landscape mode.,2
2019-03-27 19:36:41,"The airline itself is quite good but this app and system integration is poor. When you log in with your Aeroplan number it doesn't pull your flights automatically, need to add manually. It doesn't allow scanning documents, need to use their site. It doesn't remind to register on time - I got a push notification 50 min after the check-in started. After you check in online, need to do it again in the app if want to see boarding pass. Comparesd with Delta or JetBlue, this app is lacking.",2
2019-03-27 12:23:35,"The latest app update of March 27 is still garbage. On my smartphone and my tablet, whenever I start the app I get the message ""unfortunately, Air Canada has stopped"" . Where is your quality control to check out the updates before released. This is totally unacceptable. I wonder if anyone ever checks these reviews! This happened back last fall and it took a couple of months to rectify!",1
2019-03-27 10:49:46,"it simply won't load. the Rouge app was a farce. the Air Canada apps are essentially iOS only. if you use Android, don't bother, save yourself the frustration and print what you need ahead of time, download something to watch ahead of time.",1
2019-03-24 18:57:12,Horrible app,1
2019-03-24 11:05:57,"When booking a return journey, does not gives option to proceed to select the returning flights, so pathetic!",2
2019-03-23 16:19:31,very good thank you air Canada,4
2019-03-20 19:23:55,Sucks,1
2019-03-20 15:08:06,I'm 6,4
2019-03-20 11:26:28,"Was much better b4. Can't login into the app, but no issues with the website login. APP login is email, while website is the AEROPLAN? Very confusing. I checked in via the website and somehow the boarding pass show up on the app (even though I am unable to login the app) 🤨😲",2
2019-03-17 22:26:33,"It just doesn't work. Check in is broken, keeps signing me out and seat changes don't stick.",1
2019-03-17 08:21:21,Flight info is good but the Rouge Player is inconsistent or nonexistent in how it works - very frustrating when you are on a 6 hour flight.,2
2019-03-16 19:44:59,"Rouge Player a disaster. Only available on plane and took an hour to download and install. When run, just get white screen.",1
2019-03-16 15:00:29,"Horribly slow, very inconsistent and after the last update when I hit Continue when trying to check in with my booking reference or Aeroplan number nothing happens. AC ever hear of Single Sign In? I have to continue to login to all you websites separately. This app has a long way to go before it is anywhere near other airline apps.",1
2019-03-16 09:22:13,"I have never written a positive review of this app, so why start now? I was just using it a few moments ago, trying to book a flight and was surprised at how easy it was! That surprise was short lived, however, as I was unable to actually purchase the flight. 3 times I tried. Each time, i would get a notification from AMEX that a charge had hit my card, however I received a technical error EVERY. TIME.  On the app, the flight i wanted was $919. On the website, THE SAME FLIGHT WAS $1100 roughly. Great business you guys have. After the 3rd attempt to book the flight, I was forced to use the webpage. Of course, that worked and now I have to pay $200+ MORE. NOW  I have to call AMEX and make sure Air Canada didn't charge me the additional 3 times.",1
2019-03-15 16:46:00,Nothing has changed since 2016. Terribly put together. Requires a separate download for rouge in flight and its an apk. Just make a separate app or include it in the ac application. Rouge controls are awful and don't work a lot of devices as seen by my latest flight.,2
2019-03-15 02:14:43,"This app is incredibly awkward to use. It doesn't automatically associate your booked flights. You have to add each and every flight, request to be notified, request that boarding passes be added and doesn't recognize when you've already checked into a flight. Pretty much all functionality is done by the user as they go through, nothing is automatically handled. It's incredibly frustrating in 2019 to need to use an app that is this outdated. And how do you access loyalty program information?",2
2019-03-14 16:46:37,"They changed my flight in the last minute, then I had no choice and had to accept a bad seat. I brought the ticket and choose the seat with almost 2 months in advanced just for avoid problems. The company was too irresponsible and it shows how they don't care with their clients",1
2019-03-12 23:12:25,"App can't remember a booking number. Asks for Aeroplan info everytime its opened, annoying little things . Not a smooth app. Westjet app far better. By now AC should have enough tax payers dollars to pay a developer to make a better app.",2
2019-03-12 10:17:12,Boarding pass doesnt work fot vonnecting flights.,1
2019-03-10 19:57:56,Generally disappointing,1
2019-03-09 18:14:37,"not working properly -- never got it to work properly, never allowed me to login, Doesnt work on my Lenovo Tablet.",2
2019-03-09 08:43:21,"In Air Canada website I can do login with Aeroplan number and pass#. But on the app, I can't.",1
2019-03-08 09:22:39,Great,5
2019-03-07 13:24:43,"I had the problem as most of the people here, password not working. It'll tell you that you forgot your password then you are trapped in reset password circles. No new passwords of your choosing will meet the criteria and there is no customer or technical support at all. I have never been able to log into my account though the app. But if you don't login or create an account you can just search with your booking number your aeroplan number and personal information are on display, no protection.",1
2019-03-05 17:13:50,"Still cannot do multi destination trips which makes it virtually useless to me. I was told back in 2017, that this would be addressed. Just doubt it will be in my grand kids life time.",1
2019-03-05 11:09:15,I literally depend on this app for my air travel needs. The app is too slow and needs lots of improvements. AC have a look a United app for inspiration. if possible atleast make the experience smooth.,1
2019-03-05 11:04:20,"Installed before getting on a plane, then was notified by the app I needed to side load a new version of the Rouge app. Disappointing, like Air Canada. At least they are consistent.",1
2019-03-04 23:40:42,"Terrible app cant even create a working account. Downloaded app, create a new account, enter password and account name. Try to login, password incorrect, reset password still incorrect. reset again still incorrect. Not to sure how to use the app considering you cant login.",1
2019-03-03 14:46:21,"I keep getting prompted to reset my password every single freaking time. I've been through the reset process multiple times and it never works. This app has been broken since it got hacked, and the customer support is pretty horrendous - all the the emails, instructions and messaging I've seen make it pretty clear that Air Canada thinks the burden of responsibility for getting the app working again rests with the user. Typical.",1
2019-03-03 10:09:39,"To launch the Rouge inflight entertainment it needs to download another app, and it won't let you do it off the plane, and on the plane it never fully completed the download (my flight was 4 1/2 hours)",1
2019-03-01 14:44:08,Too bad it isn't compatible with my tablet. But why would I want to watch a show on a bigger screen? Clunky in some ways.,2
2019-02-28 05:21:45,Waste of time with NO update...? 💀,1
2019-02-27 16:50:07,Totally useless app. I tried to create a profile and even though it says that supplying your Aeroplan number is optional it insisted I supply one and would not let me proceed until I corrected the missing information. I don't have an Aeroplan number.,1
2019-02-27 06:51:06,Not compatible with most of my tablets,1
2019-02-27 00:26:51,complete POS! forgeys flights. Say I'm not on line when I am. gets lost trying to check in.,1
2019-02-26 23:11:04,doesnt work.,1
2019-02-26 22:17:14,"What happened? App does not work anymore. Its terrible. Unable to Log In, Check In and screen often freezes when attempting to complete a task. This needs to get fixed.",1
2019-02-26 21:15:22,Routinely fails in myriad ways. Have wearied of sending bug reports to AC. An unreliable app for a major airline.,1
2019-02-25 22:02:48,Its nice for electronic boarding pass but doesn't always work and is extremely slow when it does.. They've got miles of improvements before this could replace most free add-ridden flight trackers,2
2019-02-24 21:41:19,"The worst! I have to use this app to be able to watch movies and such on Air Canada Rouge flights but I don't trust the info on it, for example it says to pick up luggage at Vancouver at specific carousel but it also says I do not need to pick up luggage in Van, which one is it? I recommend not relying on it for receiving updates on your flights, use sms or email instead.",1
2019-02-21 03:01:54,"bad. long waits to update info. Air Canada does not communicate well with their vacation department. this app is evidence of their miscommunications. upgrades and compensations are not displayed or honoured. bad app, bad service, bad company.",1
2019-02-19 21:25:57,so slow,1
2019-02-19 01:47:48,AC app records your activity without security using Glassbox software. No thanks.,1
2019-02-18 12:08:01,"the layout of the app seems nice but it's consistently glitchy e.g. it never lets me check in, when i put my info in and click continue nothing ever happens. That has happened with other functionality as well. Fix these issues and it'll be a great app. I have a samsung S7 edge so it's a common device.",2
2019-02-18 11:47:03,"Rarely works in the rouge entertainment system nowadays, this app directs me to download itself??? it is already installed and running! It used to work, I hope it's fixed soon.",1
2019-02-17 23:38:01,Doesn't always work. sometimes the check in page doesn't load or you cannot view your boarding pass. Very inconvenient.,1
2019-02-17 22:31:12,horrible app. like seriously it never works,1
2019-02-17 10:47:19,records your screen without your consent :(,1
2019-02-17 01:29:15,trying to order flight for different days but it shows me same day before making payment,1
2019-02-16 14:20:15,"Always freezes when I try to enter my Aeroplan number so I have to check-in without it. Doesn't sync between phone and iPad. If I check-in on the app on my iPad, it doesn't show up in the app on my Google Pixel phone.",1
2019-02-14 23:18:12,"Very poor experience on install, trapped in infinite loop of password resets on creating account makes app unusable.",1
2019-02-14 18:46:57,Check-in from Florida to Canada App worked great. Was afraid to try after reading reviews.??.,4
2019-02-14 09:54:33,It's been recently found to record your screen and send screenshots back to the home server by using Glassbox for session replay. Credit card info isn't obfuscated. Too much of a security risk. Look up the article on TechCrunch on this.,1
2019-02-11 19:23:27,Thought it was pretty good until the CBC report about Air Canada recording all app activity without actually telling users this was happening. This app is a virus.,1
2019-02-10 14:51:11,"A step backward. This app replaced a perfectly functional app. Long delay loading, screen stutters when scrolling. Some functions such as check in wil stop all together. Using web over app now. too painful",1
2019-02-10 11:48:29,App asks for all kinds of personal info but fails to supply it to any of the check in forms - truly stupid.,2
2019-02-10 06:04:16,They take screen shots and track your every move you do on your phone with out you knowing!,1
2019-02-09 01:59:22,This is one of the buggiest apps i have ever used. It is almost impossible to make your way through online check in in one try without it crashing baddly and refusing to let you progress. It's what you would expect from Air Canada,2
2019-02-08 10:14:38,Beware screen capture technologhy records phone screen.,1
2019-02-08 01:09:05,glassbox :(,1
2019-02-07 22:17:56,"it's ok, it's old and clucky not an app for 2019. but it works most of the time.",2
2019-02-07 21:38:49,Uninstalling until they fix/remove any screen tracking technology.,1
2019-02-07 19:07:28,cumbersome reloads and.crashes frequently best of all recent reporting shows the app may be exposing my credit card for analytics...,1
2019-02-07 16:47:38,Why do you need a separate account for this app? Why do I need two Air Canada accounts (3 if you count Aeroplan)? Why can't it pull my flight details from my linked Aeroplan account? Get it together!,1
2019-02-07 07:12:12,Records my screen. This app violates your privacy.,1
2019-02-07 01:18:21,Garbage app from a garbage company. They record your screen and dont encrypt passport and cc details before sending it over. Don't believe me - Google it.,1
2019-02-05 12:04:20,"glitches, fails during playback",1
2019-02-05 10:45:14,soooooooooòoooo slow,1
2019-02-04 12:13:04,terrible app,1
2019-02-03 21:58:58,"I previously used the app for travel to scan boarding pass and it wasn't that bad. Sometimes it takes a long time to load when you have to get the boarding pass, so I had to load it and leave it up so when I get to the agent I just unlock my screen to scan. It works in that sense. however recently because of some breach of security, no fault of my own, air canada locked my account and REFUSES to unlock it. Now the entire App is USELESS to me, I tried creating a new account but my aeroplan card and points are linked to the old account. I am encountering an issue on my Air Canada Mobile App.  I have been having this problem since December and was unable to use the app for my travel during that time which was a huge inconvenience and disappointment. The issue is that when I attempt login on the app, it tells me my account is locked due to too many failed login attempts (See attachment below). When I try to reset the password, I never receive the password reset email (I checked junk folders etc). I have attempted password reset via, the App and the Web. On Air Canada and on Aeroplan. Please unlock my account or delete it so I can create a new one. This is causing me a lot of stress!",1
2019-02-03 02:38:16,worst travel app ever. Couldnt make check in,1
2019-02-01 14:42:22,"I already wrote a review, where did it go? This app is garbage and it's not acceptable in 2019. If the check in process is going to 15 steps long, we need to be able to log back in to edit information. Now I have to call and wait 1.5 hours on the phone. Jesus.",1
2019-02-01 00:16:15,"garbage unreliable app, doesn't deliver critical flight updates",1
2019-01-31 20:53:11,App seem to constantly fail to connect to the server. Can't do anything.,1
2019-01-31 17:23:51,Other reviews sum up this unusable app. I wonder if anyone in AC has ever tried using it. Suspect it may have been developed by one of their competitors.,1
2019-01-31 17:02:38,same issues as other users.,1
2019-01-31 16:27:55,Horrible app. Keeps saying I am not connected to the internet when I clearly am. I hope their flights aren't as bad as this app.,1
2019-01-31 13:55:33,always getting a no network message even though i am connected to wifi and all other apps are connecting fine.,1
2019-01-31 13:03:53,"This app is horrific. it took me over 20 min to log in because of how long it takes to contact servers, if it even makes it there. i have never been more frustrated using an app",1
2019-01-31 12:47:58,Crashes a lot. Have to enter aeroplan number every time.,3
2019-01-31 12:37:38,Hangs. Won't connect to server. Can't log in. Rubbish app.,1
2019-01-29 20:14:49,"having several issues as its not loading the information, can't find my reservation",1
2019-01-26 08:20:53,"LATEST: You can now finally reliably view boarding passes offline. However the app is still horroble, constantly spinning and trying to sync, and CONSTANTLY losing your page, AGAIN something you dont want when trying to get through. EDIT: Air Canada obviously posted the below reply without even reading my comments because this is how the app has always behaved and still does, another stellar move by Air Canada... Why bother reading reviews, you can just try the app during an acrual trip.",1
2019-01-24 21:46:36,"Tried using this as app again, hoping all its bugs have finally been fixed. Unfortunately, the rouge player appears to be completely broken. 2 flights, and both times videos will not play. Worked fine on my daughters Apple tablet but not on either Android device my wife and I have. We even manually downloaded the Rouge Player apk as the flight attendant had instructed us, and it still didn't work. 6 hour flight and no video entertainment, couldn't even rent a tablet. This is the new Air Canada.",1
2019-01-23 02:08:27,"Confusing interface where the menus and back button change context in the middle of a process. Times out constantly while trying to check-in. When starting to check-in, you cannot do it from your saved bookings (have to retype booking reference number). Has never let me download a boarding pass to the phone, and I always need to go to the counter anyway.",2
2019-01-21 09:07:20,"App was constantly spinning its wheels, trying to refresh or login but always told me no network was available. The phone was connected to my home wifi and every other app could connect to the internet fine, just not this one. I played with permissions and tried on mobile data instead of wifi, but nothing worked. After 20 minutes of trying to get it to work I just deleted it, not worth the hassle.",1
2019-01-20 10:47:45,"I have a couple annoyances with this app: 1: Viewing the boarding passes is a hassle. You can only view your boarding pass for the current leg, not for the entire trip. It doesn't always register that you've arrived at your next airport, so it doesn't sequence to the next boarding pass. It would be nice to have access to all passes of a trip all the time. 2: When looking up the status on a flight, you need both the dep and dest airports. It would be nice if you only needed one or the other.",1
2019-01-19 11:14:18,Kept asking me to reset my password. I gave up after five attempts and removed app.,1
2019-01-15 15:24:36,It's useless to download this app. it doesn't work. I have tried in more than 4 flights and we always get the same excuses 'the wi_fi is not working' 'we are sorry but there are more than 200 passengers trying to connect'... Air Canada Rouge is not ready to provide this service. last Saturday I got a card of discount for my next flight. if you insist the flight attendant will give you one of these excuse cards they keep in their pockets. stop misadvertising Air Canada Rouge!,1
2019-01-15 10:31:05,great app,5
2019-01-15 00:34:29,"absolutly trash, tells me i have no network then sends me five password updates. then duspends my account because it sent me five password updates.",1
2019-01-02 20:14:33,Attempted to book a flight to Mexico City. *The app tells me there are no flights available for my dates whereas the website offers 8 options for the same dates. *App warns that prices will be displayed in US$ (WTH??) but elsewhere we are advised that bookings made through the app can only be paid in Canadian dollars. Perhaps this part of the app is not yet ready for prime time?,2
2019-01-02 14:22:24,"App displays fares in US$. Why does an app downloaded in canada on an airline named air canada give fares in US$? Uninstalled, booking West Jet.",1
2019-01-01 22:32:28,"worst app ever!!! Downloaded it but sadly never got to use it on the flight! Just kept asking me to download some apk on my Android device! absolutely ridiculous! Air Canada is my last resort anyway! I couldn't do better! Take a flight on WestJet and experience an airline that supercedes expectations! From the friendliness of the flight attendants and crew, to the service, AC just doesn't cut it for me! sheesh!",1
2018-12-31 22:39:10,"""Retrieving your information"" seems to take forever.",3
2018-12-31 13:40:39,"By far, the worst app in my quiver. Constantly synching, which impedes the functionality of my device, and crashes repeatedly during use. I've uninstalled on account of these issues.",1
2018-12-30 12:50:43,"Terrible app. Freezes my account any time I try to log in, and crashes when I try to check in for a flight.",1
2018-12-30 11:32:56,"Downloaded the app, updated it and couldn't play anything on a 6 hour Rouge flight.",1
2018-12-28 18:46:31,"The entertainment section of this app deserves a 0 star rating. You can't fast forward, rewind or pause the movie. So if you have to go to the bathroom you have to leave the movie running and just miss that part. Also if you accidentally hit your home button the play stops and won't resume so you have to start back at the beginning and once again no fast forward. At this point I just gave up and read my book. What a piece of junk.",1
2018-12-27 13:11:12,new experience is painless,5
2018-12-25 21:46:28,garbage company,1
2018-12-25 04:24:52,"I was trying to change the flight through application and it didn't work. I went through all the steps until final payment step, added my credit card and I was getting ""no fares found"" error message for any flight I was trying to change. and I still get this errors. So the price went up twice and now if I want to change I have to pay double price because of this error. Absolutely bad experience during Christmas. Called Air Canada and no help. They said price changed and nothing they can do.",1
2018-12-24 17:40:31,Problems and bugs on a lg V30. Pretty annoying.,1
2018-12-22 09:41:54,"Severely Limited Functionality on ASUS ZenFone 3. Rouge Player plays movies, but no button work on bottom of screen (play/pause/fast forward/rewind/settings buttons).",1
2018-12-19 20:45:58,Stops on launch. Reinstalled. Still stops on launch.,1
2018-12-19 17:05:02,"it suck,so bad",2
2018-12-19 11:40:10,crashes upon launch on Android device.,1
2018-12-19 08:33:02,App does not work. Just get error message.,1
2018-12-18 07:01:25,It won't download. useless APP!!!,1
2018-12-16 08:30:54,Crashes at launch.,1
2018-12-16 00:30:54,Doesn't start.,1
2018-12-15 12:36:59,Doesn't work. Unfortunately the air Canada app has stopped. Don't bother to download.,1
2018-12-14 20:03:58,"Horrendously dumb ap. Even once you've created an account and signed in, added your flights, and added your passport details, you still need to re-enter your booking number and passport number to actually check in. At which point, why not just use the normal web page?! This app is a complete piece of garbage whose it purpose appears to be to sell you upgrades. Do NOT install.",1
2018-12-14 12:18:55,"Not sure what has changed recently, but this app no longer sends digital boarding cards via text or notifications. Also what really has me disappointed is the Air Canada app for android wear os no longer works and has disappeared off the Google Play Store. The wear os app was extremely helpful with the availability of having my boarding pass on my watch, notifications of flight changes and count down to boarding displayed along with gate number. It's all gone. Please make this available once again as it was such a great traveling tool, especially for people like myself that travel very often. Please make compatiable with Fossil Q Explorist again",3
2018-12-14 05:17:52,"Unable to log in. Keeps getting the message ""Network not available"" even when I have perfectly working internet",2
2018-12-13 20:39:40,Totally useless obviously Air Canada does not care to provide a quality product to their customers.,1
2018-12-12 22:11:45,"App immediately asked for my location which I don't need to give because I'm just managing a booking. After that, it denied that i had internet access despite me having Wi-Fi and data since I'm at my own house. And I've used the same connection to download and now review the app.",1
2018-12-12 06:04:41,"I think an app with a million installs, belonging to a huge company, should meet a high standard and should not be a waste of my time. This app fails on both counts.",2
2018-12-11 16:16:08,Does not open so I had to uninstall it,1
2018-12-11 15:34:44,"Since Nov 30, the app crashes...this release I tonight will fix it, but it crashes right after opening...HTC m7, Android 5. Please test and fix.",1
2018-12-10 23:12:27,App. fails upon phone startup so hopefully is being worked on. We traveled on a Rouge flight that counts on this app for entertainment in November when it wasn't crashing. Movies would crash out after showing you commercials. We gave up on it after a few tries. It's a disservice to the airline to have such an unstable entertainment system.,1
2018-12-10 23:11:42,Good service.,5
2018-12-09 01:16:48,It does not start. The message says - unfortunately Air Canada has stopped.,1
2018-12-08 18:05:31,I have had trouble with this app many times.,1
2018-12-08 17:34:18,Just downloaded the app and it just crashes. There are a lot of complaints about this. Is anyone listening???,1
2018-12-08 13:23:32,Useless app. You get more options to book a flight ticket in their website.,1
2018-12-08 03:16:09,"Almost there. Unstable, poor functionality.",2
2018-12-07 21:30:22,"This is the most complicated apps of all world airlines, simply, always there is a problem somewhere especially password and access",1
2018-12-07 19:22:04,"Fundamentally useless, if the app cannot find my itinerary and load my e boarding pass then why should I continue to use this app?",1
2018-12-07 16:03:48,"Don't bother downloading! I avoid this app as much as I can. I needed to download an old boarding pass for reimbursement, so I downloaded it again. Big mistake. It glitches and says my airplane mode is on when it isn't, then logs me out and says I need to reset my password to login again. This happened multiple times. Thirty minutes of this and I'm no closer to getting my boarding pass!",1
2018-12-07 14:36:26,I did not rate this,3
2018-12-07 08:24:48,Multiple flights and will not let me check in. What's the point of the app if i have to do everything I person?,1
2018-12-06 19:21:16,I'm not sure what's changed but I am unable to use it as it crashes the app,2
2018-12-06 16:48:27,Garbage app. Came back as no flights for a busy route between Canadian cities. Trying westjet now,1
2018-12-05 19:33:54,Absalutely horrible. 3 people in my group and not 1 of us could get this app working while in flight ( ac1810 ) on Dec.2 /18 . Two of us rented tablets for $10 after 90 mins of errors and failed attempts- the Air Canada tablets worked perfectly.,1
2018-12-03 21:47:25,Can't use app since last week. Says app has stopped,2
2018-12-03 19:22:01,Broken app,1
2018-12-03 11:45:37,App update pushed midtrip now I can't confirm my return flight!,1
2018-12-03 06:09:37,Could be better. Tends to be slow to respond.,3
2018-12-02 18:55:10,"I installed it multiple times, but it won't even open. Galaxy S4",1
2018-11-30 22:04:29,"Garbage app. Android 9 on Pixel 3 xl. Rouge in-flight entertainment player does not work. 11 hours return trip unable to watch anything. It will play ads no problem though, then kick you back out to home page.",1
2018-11-30 09:35:08,The app keeps appearing and disappearing in my notification bar and drop down menu all in its own. It's like a flash. Please fix,2
2018-11-29 16:54:37,"That $3000 5-hour business class flight of yours that only has one person working the priority check-in. Who then tells you to go to another counter, where then five (!) employees talk about stickers until you miss your flight. Then if course it's another $75 to change to the next one. Don't forget though, cant drop your bags so have fun sitting for hours doing nothing. The air travel is appalling.",1
2018-11-29 12:04:49,"Keep saying ""Network not available - turn off airplane mode or use Wi-Fi"" when all other applications are working fine except Air Canada! Cannot even sign in at all using my new Samsung A9 (2018). It was working on my old Samsung previously. Now useless!",1
2018-11-29 05:29:45,Had to rest pw more than 3 times thinking AC pw was same as Aeroplan Pw. Frustrated,3
2018-11-27 21:44:52,Only ads play not the movie.,1
2018-11-26 18:24:19,app doesnt work went on a 4 hr flight with no entertainment just freezes,1
2018-11-25 16:11:02,Was very happy and will use them again,5
2018-11-25 03:58:23,Not bad overall. I had an issue using this at the gate when boarding because I update my seat preference at check-in booth (onsite) and the app never updated properly. So I got stopped at the gate and had to dig out my paper pass,3
2018-11-22 10:47:34,"Possibly the worst app I've ever used, why bother investing so much money building a complicated entertainment feature to replace super cheap monitors if it doesn't work whatsoever? Makes me consider never flying Air Canada again. Friendly tip download lots of Netflix content before flying.",1
2018-11-21 11:10:22,Didn't work. Good thing my tablet has the old rouge player. It works. Plays the commercials then crashes.,1
2018-11-19 21:22:52,"[Expletive] pos app, can't even create a profile, error code 114.",1
2018-11-19 15:49:13,Everytime I try to use it It can not find any vacation packages for me. Try different cities and dates and still nothing available. Pretty useless for me.,1
2018-11-19 12:24:58,Useless for inflight entertainment. Wont recognize own network. Junk,2
2018-11-19 05:46:10,Very finicky since hack a couple months ago,1
2018-11-18 12:36:51,The app keeps on crashing when you try to retrieve the boarding pass. Hopefully it's fixed before my flight tomorrow.,2
2018-11-18 03:58:49,Worst app I've ever used i could not view entertainment during flight!,1
2018-11-17 17:04:33,The Rouge Player for entertainment never worked for anyone on our flight. It crashed as soon as the ads finished. Everytime. For 4 hrs.,1
2018-11-15 20:02:50,Three times resetted my password and the three times is not accepted. Pathetic app,2
2018-11-15 09:41:31,Useful,5
2018-11-13 16:22:25,Inflight entertainment barely functional. Low quality video and pause / seek functions don't work. Hope it doesn't drop your connection or you are starting over.,1
2018-11-13 11:41:50,This app won't even download,1
2018-11-12 11:27:57,Horrible,1
2018-11-10 14:17:13,It doesn't work. Unable to retrieve booked flights blaming the network connection which works fine.,1
2018-11-08 10:51:31,The app doesn't show all the flights and even says that there is no flights available while when checking from a computer flights are available. The app shows that I can bid for an upgrade for my next flight in the home screen and when I click it tells me doesn't qualify. I kept getting the alert to change my password long after I had change it.,1
2018-11-07 06:17:23,Most airline apps I use allow me to use the phone as my boarding pass. I get an email that I have to print. What is your app for?,1
2018-11-06 21:57:23,"Infotainment for Rouge - Terrible. Would not keep a connection and crashes on my Android every time I try to play a TV show or movie. The previews and commercials, no problem, main feature, a no go. Come on Air Canada. Geeze.",1
2018-11-06 13:01:57,Entertainment App kept crashing after the ads played. Restarted a bunch of times wit exact same results. App stopped surprisingly after ads play,2
2018-11-06 11:38:29,"Useless app, it keeps crashing when i try to view seat preview.",1
2018-11-05 18:23:20,"Frustrated with repeated efforts to log in, even following AC's arcane instructions for web reset and still can't log into app!",1
2018-11-05 07:56:23,Frequent notifications that the app is syncing even though I have syncing turned off. Also have to continually reset my password which is ridiculous. Makes the app frustrating to use.,2
2018-11-05 01:00:12,"Ever since they got hacked, the app has been horrible. Every time I open the app, it asks me to reset my password (which I have done numerous times). I cannot link my aeroplan, it just keeps asking for a password. They are also not using proper password fields anywhere in the app, this means that autocorrect memorizes your password making it easy for the app to get hacked again.",1
2018-11-04 09:30:16,Bag is annoying me.,1
2018-11-03 20:41:42,"Unfortunately, I must say that this is an awful app. It kept crashing and simply did not work efficiently. Sad to say, it is equally as horrible as the service on its name sake airline, Air Canada.",1
2018-11-01 23:26:15,"Half of the main screen of the app is just a picture, why wouldn't you use limited screen space for info I would find helpful? Can't sign in using my Aeroplan account. My account info is correct, it just keeps pushing me back to the main screen when I enter my password. Bad. So bad...",2
2018-11-01 21:51:10,"Changed to Canadian dollars and stayed on usd ... Ended up paying hundreds more, garbage app, and it still says Canadian dollars",1
2018-10-31 16:49:14,Keeps crashing can't even open my boarding pass.,1
2018-10-31 16:34:41,Doesn't work for online check-in from Europe. I can't believe this could happen in 2018.,1
2018-10-31 09:48:47,Never imports my flights automatically. Half the time it can't find already booked flights. Pretty useless if it can't even retrieve a booking properly. Other airline apps are much less of a hassle.,1
2018-10-31 02:29:16,On my last flight I was not able to use flight entertainment feature. After playing ads app crashes.,3
2018-10-31 01:12:26,Didn't work for in-flight entertainment for anybody within my line of sight. The lady across the aisle said it has never worked for her. The flight attendant said the system said 150 people were connected even though I didn't see anyone who was. Be prepared and bring a book or download Netflix instead.,2
2018-10-29 17:05:59,I feel it's next generation flight reservation app.,5
2018-10-29 08:25:35,"Ever since they were hacked, not only do you have to keep changing your password, the next time you go to use it it says your account is locked and you have to reset again. I AM ON MY 10TH PASSWORD CHANGE. I give up.",1
2018-10-28 22:44:56,"Good app, info when you need it.",4
2018-10-28 17:50:14,Reset my password multiple times and still would not allow me to sign in.,1
2018-10-28 11:30:02,"Here is a feature request for the android smart watch (wear OS) version of the app. Please make the app force the display of the watch to stay on for at least 60 seconds when displaying the boarding pass. And also please display the boarding pass on first screen and allow to slide right to see fly detail. As the app is now, it's practically impossible to use as the watch always go back in ambient mode to soon. Best regards",4
2018-10-27 13:27:20,It worked neither for my departure nor return flight.,1
2018-10-26 22:15:29,great,5
2018-10-26 21:58:25,I cannot log in. Despite numerous emails to support over several months I have received one non automated response. It asked for my email address. Nothing since,1
2018-10-26 16:25:25,Been using it for years and it continues to be the most unreliable piece of software I use. I frequently cannot access my boarding pass when I actually need it. AC should be embarrassed by this though their website is not far behind. Unfortunate AC is the only sent airline with tied to the US from Canada.,1
2018-10-26 00:19:32,App constantly crashes after searching for flights,2
2018-10-25 09:16:38,"Told me I had to reset my password, did that and still wouldn't let me in. Changed my password 5 times and it still wouldn't let me log in. Very frustrating",1
2018-10-25 08:32:31,This airline is garbage!,1
2018-10-25 08:19:54,It's scooping background data and syncing when not in use.,1
2018-10-24 18:50:59,Using 3x battery of fb and clunky. Kept asking me to sign in when already authenticated. Uninstalling until needed.,2
2018-10-24 13:37:51,"I flew to Montreal and on the flight there I was notified of a Gate change and given an amended boarding pass for both my flights.  On my flights back, both my flights had changed gate and not once was I notified by this app that my Gate had changed.  Isn't the point of the app to make your life easier so you don't have to look at Airport screen in regards to flight information and gate departures?  I'll stick to the Westjet app and Westjet as the Westjet app actually works properly all the time!",2
2018-10-24 07:39:48,How about defaulting the currency to Canadian dollars instead of US dollars.. as you know this is a Canadian company not an American one.,3
2018-10-23 18:57:50,"I keep getting the message to force close the app 3 or 4 times a day, even though i haven't used it recently. Doesn't seem to affect the functionality of the app, but its really annoying.",2
2018-10-23 10:57:25,"The app kept crashing, so I deleted it and reinstalled it. Now, it can't link my Aeroplan number to the app. It will ask for the Aeroplan password, then it tells me that the password isn't good.",3
2018-10-23 05:16:11,"App continuously asks to reset the password and even though you reset it, is asks again. Same thing for Aeroplan linking.",2
2018-10-23 01:01:36,Good for in flight entertainment,4
2018-10-22 13:08:28,Guess I am not the only who is having trouble with this app. I had to uninstall the app.,1
2018-10-22 09:36:52,App crashes when you try to view your boarding pass.,1
2018-10-22 07:11:33,"During my flight from Victoria to Toronto, half way through a movie it stopped and told me that I would have to pay. Very disappointed",1
2018-10-22 06:50:25,Half the app works. But on rouge flight it serves as the player for in flight entertainment. 8h flights and it hasn't worked once. Second 8h hours flight it crashes everytime after the 5 min publicity. Everytime. I managed to listen to a kid movie because they don't have publicity in them. This app is terrible.,1
2018-10-21 16:11:37,"I had to update just before take off.. so it didnt work during my flight. At least let me run the app if I cannot update. It wouldnt open until I did, which meant no video service during flight since i could update.",3
2018-10-21 13:18:41,"The app crashes about once per hour. It has my flight info and works when I open it. But I get a notification about once an hour that it has crashed and to close it. So I close the app and clear all running apps and then it just keeps coming back, even though I'm not opening it or trying to access it or anything associated with it.",1
2018-10-21 09:52:03,continuously crashing in the background despite not opening the app,1
2018-10-21 06:01:52,App crashes. Getting notified constantly even when I dont have the app open. I am uninstalling,2
2018-10-21 01:14:41,Keeps crashing.,1
2018-10-20 18:57:31,"Flawless, really. Added bonus to be able to track the inbound flight that will become your outbound flight!",5
2018-10-20 07:55:50,Crashing every 2 minutes,2
2018-10-20 07:47:09,"The App was working just fine but since the most recent update, it has been running in the background and crashes frequently.",3
2018-10-20 06:14:41,Kept crashing when not in use.,1
2018-10-19 21:22:23,Unstable. Keeps active in background despite settings and chews up heaps of battery. Better off without it.,1
2018-10-19 20:42:44,Kept crashing and popping error messages across other apps even though it is not being used. Extremely poorly behaved app,1
2018-10-19 20:03:10,All of a sudden constantly crashing today despite not opening it.....,1
2018-10-19 19:20:15,Keeps on crashing in background,1
2018-10-19 16:11:03,Kept crashing. Sliwed down my phone. Garbage.,1
2018-10-19 14:50:43,"App updated today and I started getting notifications every few mins that it stopped. Uninstalled, too annoying.",1
2018-10-19 12:37:14,Keep getting a crash notification after the latest update.,2
2018-10-19 10:50:19,Uninstalled. Runs in backround and crashes.,1
2018-10-19 10:30:45,Incessant app crash notification.,1
2018-10-19 08:45:05,Crashes continually even when not running the app. A pop-up shows up every 5 minutes. I'm unsure how this got past internal testing. Unacceptable.,1
2018-10-19 08:35:31,"Had downloaded app months ago, updated today and kept getting crash errors despite the fact I had never started the app. No reason for it to passively be running in a background and especially so when it constantly crashes.",1
2018-10-19 08:18:41,"Update: The last update still did not fix the endless password change loop. Old review: Anytime I open the app, it wants me to change my password even though I changed it twice after this app got hacked. Pretty poor app, I'm sticking with a paper ticket.",1
2018-10-19 07:32:25,Simply didn't work on my flight.,1
2018-10-19 00:58:08,App crashes when I don't even have it open.,2
2018-10-18 23:45:47,"App is not completely reliable, and sometimes isn't updated fully (i.e. baggage claim info, tracking is difficult, etc.) The app requires wifi to do anything, including just checking your boarding time",3
2018-10-16 08:30:28,Reset password constantly,2
2018-10-13 11:36:13,I just want to check in using my phone but have to download this massive app. I don't have a lot of storage so it won't load properly. Please develop something that allows you to just check in.,1
2018-10-11 13:04:53,Horrible,1
2018-10-10 12:32:03,No thanks,5
2018-10-10 07:40:09,"Worthless app. Although you enter all your information under your profile, when you check in you're forced to reenter every flight to include return flights",1
2018-10-09 20:44:18,Signal is weak,1
2018-10-09 12:59:46,To use the Air Canada Rouge player to watch in-flight movies you needed to be connected to the plane's wifi. I was connected but couldn't get the player to run. The content of what is available is a lot smaller than Air Transat's.,1
2018-10-09 05:05:43,It's awesome,5
2018-10-08 22:03:54,Probably the worst airline app in existence,1
2018-10-08 18:31:51,"Just like the airline, it sucks",1
2018-10-07 08:16:50,Non stop to pump error,1
2018-10-06 16:23:19,"86 Meg bloat. Tells me to reset my password because I failed too many logins (new phone, how's that even possible?, so I reset the password on the web via email, etc. Tells me to reset my password because I failed too many logins... So one star, Air Canada. Why does this app use an email for login ID yet the aircanada web site wants my Aeroplan ID. Complexity will bite your design in the rear.",1
2018-10-03 17:42:48,"Installed it on my Android before going onto my 11 hour flight to Japan, thinking I can stream movies on the entertainment page to keep me occupied for the long flight. The first 4 hours of the flight the entertainment page did not work at all, switching back and forth between the loading screen and the red ""entertainment system not available"" screen. During my fifth hour I was delighted to finally be able to connect, only to be disappointed again due to the movie stopping every 10 seconds to buffer (this is after a full three cycles of watching numerous ads). I overheard other passengers complaining about the app as well. It was not a full flight, so I don't think the volume of people trying to access it was the problem. The issues did not resolve even after turning my phone off and on again (the only advice the cabin attendant could give), so I gave up for the next couple hours. During the final hours of my flight, I thought maybe the streaming would be better than what I experienced before, but the entertainment page did not connect at all and went to a blank screen.",1
2018-10-02 12:20:22,Works great if all you want to do is scan your boarding pass. Have had two flights in four days with gate changes that are not reflected in app. Needs updating.,3
2018-10-02 09:07:25,App keeps saying my password is wrong but it is not. App says it can't find my flights because my phone is offline which is completely false I have wifi and lte. App would not give me my boarding pass I had to go to the air canada counter at Pearson in person to get it. App needs to install itself on external storage in android. I am very dissatisfied.,1
2018-10-01 18:53:14,"Downloaded and doesn't work. Keeps saying no network! And turn off airplane mode! I'm on WiFi. Uninstalled and reinstalled twice, but still doesn't work. Can hardly wait to fly with NO entertainment!",1
2018-10-01 16:39:01,Asks to access far more data than it possibly needs for basic use. I shouldn't need to share my contacts to watch a movie on a flight,1
2018-09-30 22:02:37,"First, you aren't told you need the app to watch Air Canada Rouge onboard movies until after you've boarded.  On the way home, it took four phone reboots to make it work - marginally.  Even then, the viewing experience is substandard - 3 minutes of viewing followed by 2 minutes of black screen as the next portion downloads.  In the end, I just gave up and went back to my book.",1
2018-09-30 12:56:19,Trying to Track flight from YVR to DELHI not getting any information it's useless App!,1
2018-09-30 09:47:01,"I'm US citizen flying YYZ to YVR with no Aeroplane account and no need to create an account. I just wanted the app to retrieve the digital version of my flight...unfortunately the only feature that I am requesting does not work! Very basic input---Booking Reference and last name.... ""Booking Reference not found. Please try again."" Seems like a pretty basic request that unfortunately cannot be honored :( I even liked to see if there was a US English version, but to no avail.",1
2018-09-29 12:49:54,Cannot connect to network although im online. They say im offline but im not.,3
2018-09-29 09:41:50,Keeps popping up and telling me to change password,3
2018-09-28 13:53:13,"I'm having issues recently. The error I get is the app doesn't connect to a network whether it's wifi or phone network. Tried installing the app multiple times, same problem. Cannot connect to network. Please help.",3
2018-09-28 12:40:42,Duration is wrong for flights that have multiple time zones.,4
2018-09-28 12:08:39,Garbage. Checked in and my boarding pass didn't display.,1
2018-09-27 21:53:54,It doesn't work... can't seem to get anything to work properly!?,4
2018-09-26 23:33:36,Impossible to log-in. Every time they asked me to change my password...,1
2018-09-25 07:19:14,Please fix the password situation. The app worked great before. I changed my password multiple times.,1
2018-09-24 11:55:13,"Why allow a poorly designed app to tarnish your image. People have figured this out . It is not hard to get this fixed, maybe there is some ego in the way.",1
2018-09-22 14:17:20,Couldn't use the app to watch any movies it was like watching something that was on dial-up. It was slow and choppy,2
2018-09-21 13:48:32,Not working,1
2018-09-20 09:04:15,"It's great that I can have my boarding passes, but its horrible that the app doesn't update any changes to your booking, such as flight delays, gate changes, and seat changes. All of which are already updated on google.",2
2018-09-17 20:27:02,App hangs all the time. I constantly have to reboot. Much more stable on my iPhone.,3
2018-09-16 10:21:58,"If I need to download each airline app just for mobile check-in (since there is not the possiblity to use a single app for all the airlines), it is straightforward that each app can't be voted more than 1",1
2018-09-13 15:10:40,This app is plagued with problems and its benn like this for years i dont think Air Canada cares problems like having to download it everytime i want to open it it then asks to change my password evertime not sure who made this app but i think Air Canada should ask for a refund,1
2018-09-13 14:10:38,"Ant plans to add maple leaf lounge membership as a digital card in the app so i dont have to remember my card every trip? Also, ever since the hack, i cant get tid of the passwors change popups, no matter how many times i change my password",3
2018-09-13 07:50:07,Rubbish utter rubbish the company should win a gold medal for lip service,1
2018-09-09 16:35:59,Never worked,1
2018-09-09 10:45:05,reset link does NOT work. You need to fix this asap,1
2018-09-09 06:02:50,Cool nice app first time flying,5
2018-09-07 03:50:58,Seems to keep getting better. Try it again if you had issues with a previous version. Pretty good now.,4
2018-09-06 11:36:08,"Why do I need to update for ""general bug fixes and minor app enhancements"" ? If I'm stuck without wifi or access to Google (like in China, for instance), the app becomes unusable. I have the app on iOS and Android, both use fingerprints, but neither can be used to reset the password, requiring insecure email reset links instead. Good concept marred by terrible implementation, much like the airline.",1
2018-09-05 11:33:21,Useless for in flight entertainment. The idea is great but execution is terrible so far. Tried multiple times to use it in an 8 hour flight and it never worked.,1
2018-09-05 08:51:26,I can no longer link my Aeroplan account so my flights no longer populate automatically,2
2018-09-04 11:27:29,Hacked!!!!,1
2018-09-03 14:38:43,"I love the app and have no problems, they had a crash for a day and went back working fine... I bought my ticket last year via the app and they kept me up to date with notifications and all about every change and detail about my flight, I just bought my ticket with them and everything seems to be fine... With all that said it's very convenient for me 👌",5
2018-09-03 11:24:44,"Got a message that my account have had many attempt sign in that failed. Now I am afraid to use it, it does not seem safe.",3
2018-09-02 06:21:23,Terrible terrible app. It didn't work on android or IOS when we flew. Don't bother downloading it. Better off to get Netflix and download movies to there. We heard a number of other passengers complain it wasn't working for them either,1
2018-08-31 16:40:31,Use to work just fine now crashes after about 10 seconds and not just the Android version but the iPhone version also after the app breach and subsequent update.,1
2018-08-30 14:05:43,"If you want to ensure your personal info is easily made available to everyone, this app is the way to go! Not good for anything else unfortunately",1
2018-08-30 13:58:45,Not friendly. Bad user exp.,1
2018-08-30 13:08:01,"I love my country, and I love to fly with our national airline. Great App, works well on my phone. I don't know what others are talking about, but it's amazing, sometimes get good deals eh!!",5
2018-08-30 11:01:16,It says that it will simplify my traveling. All its done is complicate things. Every time you try to get in you need to reset you password and it requires you to input the most complicated password that you will never remember. Clicking on uninstall was much easier.,4
2018-08-30 07:08:31,Very useful darn good app,5
2018-08-30 04:31:01,It's cool,4
2018-08-30 02:26:02,Need to fix app!!!!!!!,2
2018-08-29 21:27:16,"App is pretty useless. The only thing it has done is waste my time. Cant log on using my AC information. Asked to set up a user name and password. Done and done. Still doesn't work. Now one day after I downloaded the app, it tells me to download the latest version. Tried and tried and nothing. I honestly expected more from Air Canada.",1
2018-08-29 15:51:27,Well it used to work. You guys send me an email saying I should reset my password because of unauthorized activity and now it just keeps on complaining and prompts me to reset my password each time. Unusable now. I hope you guys clean up your act in security and manage these types of issues better.,1
2018-08-29 15:18:58,As with anything else from air Canada.... Sucks!,1
2018-08-29 14:49:39,"Uninstall immediately! This app is not safe to use. Monitor activity on your passport, Nexus card, credit cards, etc. Air Canada, you should know better. I smell a class action lawsuit.",1
2018-08-29 13:54:39,Stuck at the boot up screen for a long time. Not sure what the problem is.,1
2018-08-29 13:14:39,App is handy for check-ins and getting boarding pass. Having password issues logging in...,2
2018-08-29 11:57:10,This app freezes all the time on multiple phones. My friends say the same. Only way to make it work is close it and reopen over and over again until you have success.,1
2018-08-29 11:52:29,I dont know what everyone is talking about. I was also affected by the hack and I was able to change my password. At first it didnt work but you just have to be patient with the app. The company gets hacked and now everyone is there giving 1 star reviews as if that is going to fix the issues that you have with not knowing how to follow the instructions that they give you. Its 2018 hackers are out there and things like these happen regularly. The company does it's best to protect your information but mistakes happen. I am sure all of you have made mistakes at your workplace. At least the company saw the problem and acted on it RIGHT AWAY. Only about 1% of us was affected by this. (Probably more) but they acted so only a handful of people were affected. The app is a great tool for anyone flying with air Canada.,5
2018-08-29 11:21:39,App just hangs on launch. Garbage,1
2018-08-29 11:12:04,I just solved the problem.  Simple.  I deleted the application.,1
2018-08-29 11:06:47,"Can't sign in. Keeps telling me the network not available. When it works, it's pretty good",1
2018-08-29 10:50:35,"Terrible app. Was told to change password because of breach but when I tried, the app keeps timing out or crashing!",1
2018-08-29 10:26:07,DO NOT INSTALL FOR YOUR OWN SAFETY.,1
2018-08-29 10:16:47,Been installing for an hour......,1
2018-08-29 10:09:26,NOT SAFE! They got HACKED and the accounts are being blocked because of multiple access tries. I didn't tried once so be carefull they bought a cheap app to save money and now this happened!,1
2018-08-29 10:01:35,It's a piece of useless junk.,1
2018-08-29 09:54:50,Helped me a lot.,5
2018-08-29 09:52:18,"This update is totally regretful. Super-buggy, forced-close or takes ages to load, unable to verify password, technical issues encountered, not even able to check flight status, etc....",1
2018-08-29 09:33:29,Broken app. New update seems to have causd connectivity and login issues that have made the app unusable.,1
2018-08-29 09:30:35,"Rubbish! I get an email this morning saying my mobile+ account has been suspiciously accessed and I go on the app to change my password, and it won't let me. So I sign out and go to sign in again, tells me to turn off airplane mode and turn on wifi. Dude, I'm in my own house! Make no wonder I usually fly with WestJet! For a billion dollar company, they sure can't get their s*!t together!",1
2018-08-29 09:04:54,This app doesn't work and neither does their website. I don't know how I am supposed to do anything with air Canada now.,1
2018-08-29 08:55:04,AC is the slowest opening app of the 4 major Airline apps that I use weekly to book air travel,2
2018-08-29 08:47:40,This might be the worst app I've ever used. Just simply doesn't work.,1
2018-08-29 08:31:58,Good app but not great,4
2018-08-29 08:29:25,"It doesn't let me login, add boarding pass, checking flight status, ... and keeps saying network problem or temporary unavailable. The keyboard also saves passwords which is unacceptable. I believe the app cannot connect to internet at all. My suggestion is to hire a new developer team, as the current developers behind the android app and website seem to be inexperienced and incompetent. I would select another airline for my future flights to avoid this slow checking/booking website/app.",1
2018-08-29 08:26:12,updated and no longer works. at all. useless.,1
2018-08-29 08:19:04,"This app is horrible. I got an email advising me that I needed to reset my password because all accounts had been locked due to a security issue. Now the app isn't working on my phone, it won't let me change my password.",1
2018-08-29 08:05:48,Terrible. Installed update due to security issues that they advised about and can no longer log in. Uninstalling.,1
2018-08-29 08:05:44,This app was so helpful. I didn't have to use a search engine. I got all my flight info at my finger tips.,5
2018-08-29 07:28:20,"Like Glen B, I keep having to reset my password, which never works. App deleted.",1
2018-08-29 07:16:55,Unresponsive and slow.,1
2018-08-29 07:15:11,With the new upgrade I can no longer sign in. The app keeps saying network not available and tells me to turn on wifi. But wifi is already turned on.,1
2018-08-29 05:11:50,What a useless app or website. Says I have tried my password to many times so I must reset it. I then get a reset link and it says it's expired. And back I go without making process. Why....,1
2018-08-28 21:41:55,Somebody had to look into this app. I am not able to book flights. It is asking to enter my password. When I enter the password it said invalid. It is really frustrating.,1
2018-08-28 17:38:44,"Unable to connect when logging in. It keeps asking me to log in (even though I was already logged in) now which it never did before and when I try to, it gives me an error msg saying unable to connect... thought maybe it was a glitch so I uninstalled and then re-installed it. This made it worse because now I'm completely logged out and still getting the same error. I've gone online too to see if I could login through their site ND then it tells me that my account has been suspended due to too many invalid login attempts. Even with password resetting I get the same error. PLEASE FIX THIS as this has been an issue for some time now",2
2018-08-27 12:13:48,"Crashes, slow, won't let me login, lots of ads. Garbage app, I expected so much better from Air Canada!",1
2018-08-27 00:23:23,"Been trying for 2 days to create an account and keep getting advisories that the system is unavailable or that there's a technical problem. What's the point in having an app if it doesn't work. May try again someday but for now, this app is useless.",1
2018-08-26 00:11:08,Have been trying for days to get on this app and it won't let me sign in as it states that the app is down and developers are working on a fix!!! Just fix the darn app please! Frustrated first time experience with Air Canada here in Australia...should have flown QANTAS!,2
2018-08-22 16:41:07,"App is super slow, in flight entertainment crashs a lot, and is very twitchy.",1
2018-08-21 12:59:39,I am not able to check in online,1
2018-08-20 19:40:48,"Flight search is extremely slow. There are no filters that allow to search 
for direct flights only from the get go, or a possibility to search 
flexibly for the cheapest days of the month without very long load times 
between each search criteria. I had higher expectations from Air Canada...",2
2018-08-19 11:58:08,"For some reason, it loads tickets faster in airplane mode. The load times 
are simply unacceptable. Way too long to just pull up a ticket",2
2018-08-18 20:48:26,"The app, just like Air Canada, is stuck in the past and needs severe 
updating.",2
2018-08-17 21:28:18,"It did not work at all for the inflight entertainment so pretty useless for 
what I downloaded it",1
2018-08-17 13:59:59,"It's not very stable, its UX constantly needs wrangling, itinerary sharing 
doesn't work and no Messenger support, don't get me started on its loading 
times, and its suspend/resume is nonexistent - suspending the app means 
waiting for every damn menu again.",1
2018-08-16 02:46:37,"84 Mb for a flight app? It's confusing to have some flights with inflight 
entertainment system and others without. To make someone use almost a 100 
Mb minutes before takeoff just to use your entertainment system is 
ridiculous.",1
2018-08-13 12:53:51,"The App would be unnecessary if they had a website that wouldnt crash when 
you try to use it with your phone. Trying to search for flights is a pain, 
if there are no fares available maybe dont show that flight as an option, 
yeah?",2
2018-08-13 02:26:30,"Was forced to use this app for the in-flight entertainment which demanded 
my location information. Not worth your time downloading.",1
2018-08-10 09:19:31,"The app is horrible, it does not work on android phones.",1
2018-08-09 23:17:50,"Terrible app. Downloaded to watch movies on Rouge flight. Every time you 
pause or stop you have to ""sign in"" to the in-flight wifi again which takes 
you back to screen trying to sell you in-flight wifi then you need to find 
the movie again and ffwd to where you were. Also, hoped it might show your 
flight status/location in-flight like the westjet app does but nope. You 
can use it the check in online.",1
2018-08-09 22:33:06,This app did not work,1
2018-08-08 15:05:03,"This app is too complicated to use, do you need your Aeroplan number to 
login? Your Air Canada number? Or an AC+ account?? You need to fix this 
sorry excuse for a app and recreate it from scratch.",1
2018-08-07 08:41:01,"This app crashes and has indefinite technical difficulties. Can't even pay 
for seats on the app as it stalls after I enter my cc information... This 
will be the last time I use Air Canada.",2
2018-08-06 20:13:57,"This is the worst airline app by a wide margin. It makes the old American 
Airlines app look competent in comparison. Why do I need to create a new 
login vs using my existing FF account? Why is the account creation process 
so buggy? Where the hell are my flights? I've got to add them separately? I 
don't know the purpose of this app as using their website on a mobile 
browser is more functional.",1
2018-08-06 19:07:59,"Garbage. Crashed after my first search. Immediately uninstalled. I don't 
have any confidence in an airline that can't even master an app.",1
2018-08-06 09:04:38,"In flight WiFi for watching movies was slow, didn't work properly on either 
flight. Evacuation info sheet in the seat back was more entertaining.",1
2018-08-06 00:47:02,"This app is so bad i actually got booted out of writing this review...which 
i am doing because video player restarted my movie and the buttons to 
forward, rewind, etc do not work.",1
2018-08-05 02:38:21,"One of the worst online services for an airline! First, your session (and 
expiration) starts expiring BEFORE logging in, so if you wait a while 
before entering all your flight information, you need to do it again. Next, 
you cannot obtain a mobile boarding pass if you have a connecting flight 
with another airline, and it won't let you check in for the 2 flights 
separately, so you are forced to print everything. All other airlines have 
figured this stuff out years ago.",1
2018-08-03 19:28:05,"Can't even download it, so that'll be a 7 1/2 flight with no entertainment 
then.",1
2018-08-02 02:56:03,"Menu does not work, etc. How can a company like Air Canada present a lame 
application like this. Does anyone care after so many bad ratings?",1
2018-07-31 20:48:37,"Good for checking into a flight, boarding, and nothing else. Crashes when 
attempting much of anything, including but not limited to in-flight 
entertainment. Buttons don't obviously lead anywhere, and past flights are 
hard to find.",2
2018-07-30 13:02:45,Awful,1
2018-07-29 18:44:43,Downloaded it for Air Canada Rouge player and it just wouldn't work.,2
2018-07-28 22:25:01,"The entire rouge entertainment  architecture performed terribly for our recent flights.  on the way out, there was little warning that the app would be necessary, and the laptop was stowed, so unuseable in the apps stead.  On the way back, i'd installed the app, could not connect to the wifi network for any reasonable length of time, and when it was connected it said the system was unavailable.  Then the desktop version was even more annoying. The chrome extension was meant to be installed by the drm installer, instead the extension had to be manually installed, but chrome would not allow extensions installed in this manner.",1
2018-07-25 23:20:21,To use a video player I should not be forced to give you the contact list.,1
2018-07-24 21:50:32,"Worst Airline ever. Extremely poor management and highly unprofessional 
staff",1
2018-07-24 20:17:51,"Download it, no obvious way to register. I figured it out but then click 
link to verify my new account and it tries to make me register again. That 
results in it telling me the email address is already being used. Was there 
no UAT performed? Guess I'll be uninstalling.",2
2018-07-23 10:49:06,Pretty good free WiFi for 1 hour,3
2018-07-21 21:44:13,The default currency is set to US,2
2018-07-19 17:56:03,Couldn't install it :(,1
2018-07-19 10:31:56,"Can't even select my seats for my place ride. My girlfriend upset because 
we can't sit together on the plane",1
2018-07-19 09:27:27,"Poor user experience. They force you to download the app for the video 
player, while your browser is used for everything else. I shouldn't have 
open chrome to select the movie I want to watch.",1
2018-07-19 07:50:51,Looser haha it🤡,1
2018-07-16 18:02:31,"No integration with AC web, and even after creating an account, I couldn't 
log on.",1
2018-07-16 15:24:18,It ok,4
2018-07-15 10:43:10,"App will not allow you to use out side Canada even if you are resident of 
Canada. It takes you to the notice page to say you have to contact air 
Canada reservation and however you can browse the site. When you tap on the 
link it temporarily goes to the main page then comes back to the notice 
pagein endless loop. This app works fine within Canada. looks like someone 
forgot to remove the endless loop in the app.",2
2018-07-15 02:02:10,"Everything Air Canada builds is pathetic. Just look at the Aeroplan site 
for the past 20 years the worst in the entire industry. Who's surprised? 
I'm not and hundreds of thousands of other travelers are not either.",1
2018-07-14 08:53:19,"Terrible app, terrible airline",1
2018-07-11 08:53:01,"It's stuck on my old booking and won't let me change to my new booking. 
Useless.",1
2018-07-10 17:10:32,Good,4
2018-07-07 21:00:44,Garbage app for a garbage airline. Never again.,1
2018-07-05 08:57:35,"This is a poorly executed app. I downloaded it for the rouge player to 
watch movies in the air. The on screen fast forward, rewind, and pause 
buttons don't work, and if you ever leave the app, you have to restart the 
movie all over again. This may be all a moot point since the Rouge seats 
are so uncomfortable I never want to fly Rouge again.",2
2018-06-30 22:05:13,"The app doesn't even know the flights in your schedule. And requires a 
different login than on the web. Worst app for airlines by a wide margin.",1
2018-06-30 08:57:02,"Keeps crashing as soon as I open it. Very frustrating when about to travel. 
I shouldn't have to download another app. Westjet' s app is much better and 
that's a shame.",1
2018-06-28 22:27:10,Login doest work. Useless app. Uninstalled,1
2018-06-28 20:03:44,"App is delayer in relaying flight delays. Also the app doesn't update 
boarding time when the flight itinerary is changed",2
2018-06-28 06:50:32,Would not let me check in and didn't tell me my flight was delayed.,2
2018-06-26 23:17:22,I only like the movies and entertainment but it's a very well rounded app,4
2018-06-25 14:40:59,This app is horrible.,1
2018-06-24 11:31:44,"What airline needs a separate app login than online login. The app and 
airline need to improve and sync things. Also, the inflight entertainment 
doesn't work good using the app. I would say it's pretty useless.",1
2018-06-23 18:19:40,Will not fly air canada again!!!,1
2018-06-20 14:52:57,It's ok,3
2018-06-19 22:56:06,"Outdated format that requires multiple password entries to complete online 
checkin process. Boarding pass rarely lists any (or correct) gate number 
for departing flight. Once available, no updates of missing boarding gates 
once electronic boarding passes have been issued. On numerous occasions App 
requires repeat logins and/or check in processes to display electronic 
boarding pass. When changing flights after payment of laggage, the App does 
not recognize previous payment, a process that requires manual correction 
by airport staff.",2
2018-06-18 17:59:54,The app is OK. I use it to check the time to my flights and also for boarding passes.  Two issues:  1) Sometime it takes too long to pull the information for the time to flight.  2) You can only display 3 boarding passes. I am flying with 4 people. Not useful. Need it to display a list of boarding passes.   Please fix these issues. Thanks,3
2018-06-16 13:07:46,"Cannot check in without providing Canadian permanent resident documents 
.... I an British so do not have them!",2
2018-06-16 09:50:37,Keeps closing instantly when I open the App. Pointless and frustrating,1
2018-06-13 17:49:35,"It looks pretty and does pretty much what it needs to do, but not without frustrations. 1) Why can't I get a boarding pass on the app after going through the check-in process on my laptop? I have to check in a second time in the app to get the boarding pass. 2) Half of the time, the check-in process will result in an error the first time. Sometimes by auto-filling in wrong info from my booking, sometimes for unclear reasons.",3
2018-06-12 13:58:59,"I don't know why there are complaints. This app is slick. Provides clear 
status, seats, upgrade info, boarding cards. Great!",5
2018-06-12 03:25:30,"So frustrating to use...gets me into available flights and then no option 
to book .. spent 45 minutes on this app .. total waste of time",1
2018-06-11 13:50:06,Sham on Air Chinada,1
2018-06-10 12:15:32,"Kept closing when I clicked to play a movie, until finally it played 
without letting me touch any buttons (ie: no pause, fast forward, etc.). 
Bring back screens on the backs of seats, this is cheap sh-",1
2018-06-07 06:02:51,"This app sucks. Wont let you check in or pick your seat, despite having 
options for both. Keeps saying technical issue. Why have an app that doesnt 
even work?",1
2018-06-06 23:36:24,great I am look flight for Lagos Nigeria,5
2018-06-05 23:54:32,"Excellent ground staff and cordial , friendly , helpful. Thanks for all the 
support provided for smooth traveling.",5
2018-06-03 16:28:52,app connects to airlplane network but does not play contents on chromebooks,1
2018-06-03 03:39:44,"Wouldn't download. The airline doesn't have in flight entertainment on a 9 
hour flight. Terrible.",1
2018-06-01 14:42:12,"I have tried this app on 3 different phones and a tablet. It simply doesn't 
work. When ever I try to create a profile (I realize this is a different 
email and password) I get an error 1 message ""something went wrong"". I have 
tried several different times and used different email addresses. There is 
no meaningful support for the app. The app support relates to flight 
information not the actual app itself. I am writing this review because it 
seems to be the only way to get anyone from air Canada mobile app team to 
look at the error that is preventing me using the app. The activation email 
also doesn't work as mentioned by other would be users in the reviews.",1
2018-05-29 07:13:26,"I use this app every 2 weeks to book my hubby's tickets for work. Been 
using it over a year and no issues at all. However, would like to see the 
option to add travel insurance.",5
2018-05-27 18:56:24,"Awful, never works properly. On par with AC's level of ""service"".",1
2018-05-25 18:31:53,"dosen't retrieve any trips , while the same search works through the 
browser!",1
2018-05-25 16:33:04,"Does not work with phones. Does not work with laptops. Will only work with 
tablets. Regular crashes. Not user friendly. Terribly slow.",1
2018-05-24 15:19:38,"Did not like this at all. Could not check in before flight both to and 
back. Awful.",2
2018-05-23 16:05:37,Great app,5
2018-05-22 19:29:24,"Worst airline app ever. After spending 30 mins creating an account and then 
linking my aeroplan account, still unable to have access to an online 
boarding pass via the app, so what's the point of the app? You have to 
email yourself your boarding pass and then have to print it. No built in 
feature that allows an electronic boarding pass on your phone. Air Canada 
needs to take a step into the year 2018.",1
2018-05-22 19:10:15,"Check-in and boarding passes work, but that's about it. The info will not 
update after you start tracking it. Useless. Keep an eye on the airport 
monitors instead.",2
2018-05-22 13:32:24,"Movie selection on Rouge player is cable movies from the 90s or random 
countries. Nothing like the air canada service.",2
2018-05-20 19:54:36,"Good job Air Canada. I did not notice that your fares are in USD. Booked my 
flight, noticed that my credit card charge was more than what I thought. 
When I cancelled my booking within 24 hours, my refund was less than what I 
thought because of exchange spread. Lost 50 dollars for no reason. Never 
using this app again, and AC for a agile",1
2018-05-20 18:10:47,"Too slow, might as well just go through the in person check-in",1
2018-05-20 07:28:00,"Hi Air Canada, what about Multi City flight search?",3
2018-05-19 09:59:57,"Could not find record locator. Stuck in a middle seat boarding last on a 
$700 one way ticket.",1
2018-05-17 13:39:38,"Kaspersky Battery Life continually reports that's this app is draining my 
battery. And I never run Air Canada (installed for an upcoming trip). But 
there it is eating up 40 minutes of battery life. Hey Air Canada if you are 
reading this fix this battery killer. Thanks.",1
2018-05-15 14:42:33,"The app check in does not seem to work correctly. I had to use my computer 
to confirm my check in.",4
2018-05-14 19:13:55,I REALLY!!! LOVE THIS APP!!!!!,5
2018-05-14 18:16:53,"I have a question: does this app able to play movies while being on the 
plane?",3
2018-05-11 07:02:43,"Check in with the app does not provide notification or instantly provide 
you with a boarding pass. I had to redo the check-in from another computer 
just to make sure I had properly checked in. Air Canada should look at 
other airlines apps to compare on features. I found this app pretty useless.",2
2018-05-09 10:01:44,"Checking into a flight, the app does the same thing as the mobile site. So 
why have an app, especially when neither it nor the mobile site work 
properly!",1
2018-05-09 02:05:38,"As previously mentioned, you have to create a seperate account. You also 
have to load your own booking reference information into the app. Why?! 
There are other third party apps available that can track your travel 
itinerary. It's absurd that this app is not connected to the website 
version. I deleted the app within an hour of installing.",1
2018-05-06 13:08:37,"Is it that hard to combine the website account and mobile account? This is 
the most stupid thing I have ever seen in the IT aspect of this size of 
company. Very disappointed.",1
2018-05-03 23:12:03,Good app,5
2018-05-03 06:07:59,Too slow,1
2018-05-02 14:51:36,Airplane!,5
2018-04-29 17:02:34,"The in flight entertainment never works. Even the briefest glimpse I got of 
the selection before it crashed left me to believe it wouldn't have been 
worth it anyway. The flight attendant assured me that it would work if i 
just rented their ipad for $10. Aweful!",1
2018-04-29 14:43:16,"For saving paper and live flight status, it's good. The entertainment 
portion is HORRIBLE. Our family was unsuccessful to watch ANYTHING on a 
6-hour outgoing flight between 4 people. I asked the stewardess about it, 
she said the rental iPads work fine. I suspect Air Canada cheaped out on 
their servers that cant handle the traffic of a full flight. On our return 
flight, we managed to watch one episode of one kids show. The selection was 
half what it is on the flights with in-service screens.",1
2018-04-27 12:57:11,Entertainment was unavailable throughout the entire flight.,1
2018-04-26 22:29:27,Should allow login with the same info as air Canada site.,1
2018-04-25 21:05:21,"This app just plainly didn't work. I downloaded it for the inflight 
entertainment on an air canada rouge flight. Despite connecting to the 
correct wifi, this app wouldn't even let me browse available content, let 
alone play it. On launching the player, it would show a ""please wait"" 
message before saying ""in flight entertainment is not available"" then going 
back to the ""please wait"" message. My partner got a little further so as to 
browse the content, but nothing would play. A waste of time and effort....",1
2018-04-24 17:00:29,"I tried using this app on our flight to Hawaii didn't work on my tablet it 
didn't work on my wife's tablet and hers we got two weeks ago brand new 
Samsung , it loaded the main screen all the movie choices t.v. shows tap on 
a movie to watch , nothing but black screen, same for t.v. shows, followed 
all instructions like shutting secure sites only allowed still nothing, 
very frustrating . But I will try it again on return flight , fingers 
crossed, maybe, hopefully but highly doubtful . .....",1
2018-04-23 08:08:38,"Required for in flight entertainment on some flights but is essentially 
unusable for this purpose. Amateur bug: Connect to WiFi, Android's sign-in 
notification pops up, clicking brings up app, asks for language, launch in 
flight media player, scroll through options, pick show, ... ""You are 
required to download app to use this service"".. Huh? Turns out app or 
browser clone of app launches -within- Android's native sign in app and 
will not work. Back to square one: Connect to WiFi, ignore sign in 
notification, open app manually, language, launch in flight player.... ""In 
flight entertainment not available"" Try 40 more times and -maybe- it will 
load, pick show, get bombarded with several ads then black screen as show 
refuses to load. Try a different show, get bombarded with ads, this video 
actually loads.... But is choppy and tough to watch, get 10 minutes in and 
have to shut off because plane is landing",1
2018-04-21 21:09:01,"Seems to use another id to use the app :( not as good as other airline 
apps... Perhaps eventually.",3
2018-04-20 16:07:55,"Why does it have a separate login than Aeroplan and the Air Canada website? 
At least that's what the warning said when I tried to use my info. WTH?!? I 
now need three accounts for AC?!? Makes no sense. Couldn't be bothered 
creating another account with another super secret password so I 
uninstalled.",1
2018-04-20 15:48:23,You arrive at your destination before the app can be used!!!!,1
2018-04-19 13:41:26,Player does not work ever! Everything else seems to be alright.,1
2018-04-14 20:06:09,Thanks for being part of my family :),4
2018-04-13 21:38:00,Wifi was horrible and couldn't be picked up half the time.  The entertainment part of the app wouldn't allow pausing or any other function to work.  Lost connection part way through flight and only option  was to start movie all over three times!,2
2018-04-13 01:11:40,"Application was too big to even download, let alone install.  Poorly done.",1
2018-04-12 13:02:08,"The rogue player seems to be useless on android devices. I have a Samsung 
Galaxy S8 and the app took about 15 minutes to even connect to their 
inflight wifi which the flight attendant said was normal for the devices 
you don't rent from them. Then once it did connect, everytime I tried to 
play a show the app would shut down. Almost totally useless to me.",2
2018-04-09 14:57:47,doesnt work,1
2018-04-08 01:39:29,"West Jet app does not require access to everything on your device and does 
not ask you for your name, email, cell, first born. You can't even create 
an account for this app with out a airoplan number even though it says 
""optional"".",1
2018-04-02 11:46:00,No,4
2018-04-01 21:36:37,You need this app to watch inflight entertainment. Only it does not work. Neither I nor my travelling companion could get it to work on our many devices.,1
2018-04-01 08:26:40,"Need this app to access the in-flight entertainment. Took about halfway through a 3hour flight before the app picked up the in-flight wifi. Then, had to listen to about 5min of commercials before my chosen movie began. Interrupted many times with useless announcements by flight staff. Horrible experience. App is only good for e-boarding pass, hence the 2 rating.",2
2018-03-30 19:30:34,"Absolutely disgraceful. Could not create account due to the 'optional' Aeroplan section prohibiting myself and my entire family of 7 from creating their accounts. If I wanted an App whos efficiency matches that of the government of Somalia, I know which one to download. its Air Canada.",1
2018-03-30 15:52:25,"Avoid this app (if you have Android). If you want to use this app, it tells you download when you already did and then it takes forever to use anything on this app. Very frustrating",1
2018-03-30 11:29:09,"My phone cant download it on board of the plane, using their wifi.",1
2018-03-28 13:44:14,Utter guff. Can't even login using the same credentials as the website. Pointless and a disgrace from a National Carrier. A joke. Deleted,1
2018-03-27 14:07:07,Its been decent so far,4
2018-03-25 19:00:50,For a national named airline this could be better. Rouge player has never worked on my S8 cell on any of my flghts the past 2 months??  The kids who update these apps should try them out first before annoying the AC customers on a continual basis.,2
2018-03-25 02:17:48,Doesn't work with Android,1
2018-03-24 16:32:20,"The Rouge Player doesn't works on Android.  It doesn't play any film or TV show, after the movie start gets jammed and returns all time to the home in the Air Canada app.  I tried the app in the last 2 moths in 8 differents flights and never works. But when I use my apple phone it works good.",1
2018-03-24 13:52:04,Just does not work as advertised,1
2018-03-21 15:40:32,Aaayyee!  2000th review,3
2018-03-19 14:11:53,"Pretty much worthless. It wants me to log in using my email address and then says it doesn't recognize me.  On their web site I can log in fine, but it uses the FF# not email. The app says it wil send me an email to reset my password, but it doesn't send the email.    Worst airline app I have every tried to use.",1
2018-03-16 12:27:27,In flight entertainment was not working. I was told by a flight attendant that android phones don't work with the app. Complete joke.,1
2018-03-16 10:17:18,"Not able to check in on this app, totally useless.",1
2018-03-15 12:50:38,Notifications for delays or cancellations of flights worked for the first while then stopped notifying me. I had to keep going into the app under flight status or my tracked flights to finds out the information.,2
2018-03-12 11:36:16,"Complete garbage, nothing works in the app just technical error doing anything.",1
2018-03-11 22:23:34,"28 Feb update does not import boarding passes. You must retrieve it using your PNR and once you go off line, the boarding pass disappears and you must retrieve it all over again. Why no email with a link. Who remembers their PNR.",1
2018-03-10 07:04:31,"Rouge player doesn't work properly. On screen controls to pause, play, fast forward and rewind are non-responsive. It leaves the player unusable.",1
2018-03-09 14:00:30,Rouge sucks. Entertainment doesn't work during flight. Bring a good book.,1
2018-03-09 03:54:18,Check in process is terrible. Lacks proper back/forward navigation. Unable to use electronic boarding passes when traveling with an infant. Does not consistently send push notifications for gate changes or flight updates. Offers for me to continue shopping for flights to the city I've already bought tickets for and am currently located in. I could go on and on...,1
2018-03-06 08:43:05,Good app overall. Just don't use auto update on it. It will lose your boarding pass when an update is performed. This happened to me right before boarding last week.,4
2018-03-04 23:45:18,2 stars because of the horrible experience using the Rouge Player. Haven't used the app for anything else. When watching a movie Rouge player randomly plays the same 3 minutes of commercials every 10 minutes which is fine since you can skip them. But then the movie resets every single time. I pad goes to sleep? Movie resets. Lock your I pad?  Movie resets. Plane announcement? Movie resets.,2
2018-03-01 22:42:32,"This app lets me track multiple trips, flights, and boarding passes. Updating flights in real time. I love it.",5
2018-03-01 21:21:06,"Consistently crashes trying to open boarding passes from menu panel. Other ""view boarding pass"" buttons in the app simply do not work.",2
2018-02-28 12:34:01,didn't work on flight yesterday so nothing to do for 4 hours,1
2018-02-26 13:31:00,Will not work,1
2018-02-26 09:19:11,"Unlike the Mac version this doesn't have an offline schedule. Also, once checked in it offers SMS or email. It remembers your last used number... sort of. It's there. Except for the country code.. and there's no way to enter the country code! So you have to reenter it! Come on!  just gets worse.. AC Life if you link it to your ets it will lock you out of all your travel sites in AC.. all of them! good luck getting it back",1
2018-02-24 04:11:03,Can I access the app on my laptop?  Playstore doesn't permit download...,1
2018-02-22 07:29:32,Onboard video on Rouge didn't work. Was the only reason I downloaded this massively bloated app.,2
2018-02-20 09:10:41,"Can't login via app  [Edited 20-Feb-2018]. Got response from the app developer saying ""The app uses Air Canada mobile+ for it's login and profile, which is different than the login that you use on the Air Canada website"". This is the problem in the first place. Why there needs to be another login for AirCanada? How many logins/passwords one needs to maintain for AirCanada? Furthermore, the login page of the app didn't say that the account for this app is different from AirCanada website. And, honestly, I'd be suspicious if it would have.",1
2018-02-19 19:00:27,Air Canada actually replied to my original posting and told me that the app could do this if you linked the accounts. This was not obvious to me so there is a problem there but it did work after I looked into it. The app does retrieve my information now. Way better.   Thanks for responding.  When a person signs in it should pull up their flights not ask you to submit tracking numbers - useless app - perhaps the writers should try using it.,4
2018-02-18 15:42:25,"AC, please stop replying telling everyone that the log in is different.  There is a problem with you app right now.  My existing password doesn't work any longer, and neither does trying to reset it.  Please let us know when we can expect to log in again.",5
2018-02-15 23:55:57,"AC can you tell me why I can't log into my account via the app? Works fine without the app. When I try to log into the app it says my email and password isn't valid. What's the point of having an app for convenience when you can't even log in. This is infuriating. EDIT: Thanks AC, that fixed my problem. Works fine now. 😀",5
2018-02-10 14:52:55,Unable to log in. I created a profile on my computer with AirCanda and when done they assigned me an aeroplan # which I log in with. This app wants my email address which is the one I used earlier and my password and they don't work on the app. I would rather not have to create a 2nd profile just to use this app...plus get double the emails. Sign in credentials on app needs to be fixed to match the web.,1
2018-02-09 09:15:54,Can't log in to app with valid credentials.,1
2018-02-09 07:03:49,"Cant sign in app at all. 0/100 Logged into website, my bookings dont exist! 0/100. Not impressed and slightly worried...",1
2018-02-07 12:15:05,Air canada  you blew it with the last update....I have a number of bookings which I saved on the app. ... Now have to search for my emails to find confirmation numbers...W.T.F.... A giant step backwards. ...,1
2018-02-07 10:13:12,"Can't link me Aeroplan account, super slow...",1
2018-02-07 09:53:09,Sucks,1
2018-02-06 10:47:54,I read the reviews of this app and while there are lots of negative comments I thought it can't be that bad. It downloaded and installed flawlessly and it works perfectly.... as long as you don't actually try to use it. I entered my password correctly yet it won't accept it. When I tried the forgot password routine every time the account gets locked. I have uninstalled it. This app is USELESS.,1
2018-02-06 07:53:45,Every time I try to check in with this app it does not work and I have to go to see a agent.,1
2018-02-05 03:23:58,Would appreciate being able to provide feedback on particular flights through the application.,4
2018-01-24 08:54:09,It sucks,5
2018-01-24 07:23:44,This is an effective means of Air Canada not having to pay for screens on every seat.  It only works as well as the terrible Wi-Fi on the flight.  The rest of the app is pointless.,1
2018-01-20 12:45:27,I was unable to login and it said my email was wrong even though I was entering it correctly. I am 100% I inserted nothing wrong,1
2018-01-18 06:46:48,"This app makes no sense. The web page uses your Aeroplan number as your login. But this app needs your email. But my email is listed in my air Canada account, but I can't log in using the mobile app because it thinks the email address is invalid.",1
2018-01-17 16:34:56,Good,5
2018-01-15 13:59:29,App is good but cannot be moved to SD Card.  Please consider updating to allow movement.,3
2018-01-14 20:44:30,Super super super glitchy. Basically spent half my flight trying to get a movie loaded and when I finally did when I tried to remind 30s it crashed and spent another 30 minutes getting started again. BUT it does NOT remember where you left off limenthe traditional back of seats screen. When I checked in it doesn't add the trip to my trips. You have to do it separately horrible,1
2018-01-11 18:55:37,App is very limited in functionality,1
2018-01-09 21:52:33,I should be able to sign in with my aeroplan number like I do on your website. I shouldn't have to create a new account,1
2018-01-09 20:25:13,"Terrible app, does not work for in Rouge in-flight entertainment totally useless, frustrating and a waste of time.",1
2018-01-07 14:06:51,"Sucks. On every aspect of what a good app should be, this is not it. Period.",1
2018-01-07 07:51:16,Not easy to use at all,2
2018-01-05 13:18:10,A billion dollar company can't make a basic functional app. The story of Air Canada I think.,1
2018-01-05 07:03:17,"Completely and utterly pointless app. Serves no purpose other than to store your booked flights on it. Has no edit, reroute or seat change function and you don't appear to be able to check in on it either.",1
2018-01-04 13:08:38,"This is a good app. Has some intelligent input features like auto-capping names and addresses. It's easy to book flights, to manage the bookings, and to check-in. It is easy to retrieve bookings and to view the boarding pass. This is one of the best flight apps I've seen.",5
2018-01-01 10:46:09,Couldnt download it complete hassle,1
2017-12-31 08:37:09,"Battery killer. Has a weird glitch where if I open from notification, the screen goes to max brightness and I can't change it, no matter what my settings are.",3
2017-12-30 19:16:01,Hate this app.  Westjet has it beat be far.  My flight was canceled and rebooked an hour ago and I'm still getting notifications about the old flights.,2
2017-12-30 16:12:29,"Can't pay for luggage during check in, get error(""payment incomplete"") and then I can't complete the check in . If a mistake is made, can't go back.  Added a credit card to app, but I can't select it for payment, so what's the point?",1
2017-12-29 23:27:52,"Keeps crashing or telling me no info is available, or matching their systems. Also keeps telling me im not connected to any data/wifi service, when i am. This app sucks",1
2017-12-28 00:31:55,Terrible. Player did not work at all,1
2017-12-26 13:48:02,Very buggy. But the signal on the aircraft is also terrible. So its a mixture of poor connection and a buggy app. Quite disappointing travelling on AC nowadays,1
2017-12-25 23:27:06,Terrible app and very limited selection of entertainment.,1
2017-12-24 10:55:01,Nice pic,5
2017-12-23 20:31:43,Air Canada Rouge in-flight entertainment did not load at all on Asus C302CA (which is fine because Android app support isnt perfect yet) or HTC one m9 (which is not fine).  Wouldn't have even had to use this app if their web player used modern standards but it uses flash.,1
2017-12-22 16:56:25,It's very buggy. Constantly crash/shows it's offline when it's clearly connected. Not usable,2
2017-12-22 15:39:40,"Terrible app. Don't open your travel partner's pass in the app or it will hold on to it and refuse to show yours, even after you delete theirs and open yours. Had to delete the app to try to get rid of it.",1
2017-12-20 14:47:17,"Media player is garbage. None of the controls work, cant pause, or seek. If the movie is interrupted, have to begin from the start.",2
2017-12-11 21:38:55,Worked for the last 15 minutes of a 6 hour flight. Clearly AC would rather people pay $10 for the inflight iPads do why even bother faking that you are trying to offer a free option. Waste of AC's and people's time,1
2017-12-11 14:30:42,Very slow wifi connection on board. The movies on board are old should update list.,3
2017-12-11 10:13:27,"I have really given this app way too much of my time.  It is really, really slow.  I don't understand why it takes 15 to 20 seconds to lookup anything.  Although, the air canada website I find is no better.  It used to be OK, but this entire year I have found it hardly works or is very slow.  It does not even have a lot of functionality.  I could somewhat understand this if the app had a lot of complex features, but compared to the Delta Airlines app, this thing is in the stone age.  I am very disappointed with Air Canada lately and this app is making it worse for me.  I am on a Samsung S7 so I hardly think it is my phone that is the problem. The gate for my boarding pass does not update ever.  Another point for Delta's app which updates when the gate is confirmed or changes and when boarding officially starts.",2
2017-12-09 16:56:22,"Didn't install on ground. Could not install during flight until after paid for internet. When watching shows could not pause, unless go out of app, but then could not resume. Media player part needs huge improvements",1
2017-12-08 14:21:07,Doesn't work properly on my Samsung tablet with version Android 7+. Takes forever for the entertainment part to launch and doesn't show the latest available movies. AC get with the program if you want to be a world class airline or install players on the back of the seats and charge an extra $1 per flight. It will quickly pay for itself an you will start making more money. Not rocket science. Why aren't your executive geniuses taking care of this? Too busy counting their bonuses i presume. Fail,1
2017-12-07 21:40:27,Couldn't get the entertainment to work on Rouge flight until the last 45 mins of the 5 hr flight. Painful...,2
2017-12-07 17:25:07,Using on a Samsung S2 Tablet running Android 7 is a failure.  Text typing spaces are not formatted so that you can see what you type.  Impossible to reset your email or password if you no longer have that email and can't create a new account because all your old reservations and aeroplan number are tied to your old account.  Air Canada appears to not have any help or support for the app.,2
2017-12-06 00:09:17,Works like it should. I manage and book my flights including checkin and seat selection.,5
2017-12-04 14:41:25,Love it saves time,5
2017-12-04 11:20:48,"App is even worse then the airline, it's 2017, you should be able to figure out how to make an app work by now.",1
2017-12-03 09:26:57,"App worked ok while in the air, but once on the ground my WiFi wouldn't connect to anything.  At home my access just showed as Authentication error even after forgetting and reestablishing the connection.  Other devices in the house were okay.  Once I removed the app, Wifi connectivity worked instantly.    Don't install unless you want problems... use Netflix and sync content offline.",1
2017-12-02 10:45:30,Often crashes. Written from the perspective of Air Canada and not the client so it manipulates the client instead of providing assistance.,1
2017-11-25 10:36:18,This app sucks... Would never load anything...crash...my reccomendation to you...download movies from netflix...dont count on this piece of garbage,1
2017-11-25 00:47:12,Does not work on Samsung Tab A 2016 running Android 7.0.,1
2017-11-13 20:51:58,How do you login? Why I cannot login with my email and password? In air Canada website It use Aeroplan number to login. Is this a official app?,1
2017-11-13 15:57:17,Buggy,1
2017-11-12 11:26:24,Amazing!! Really useful to entertain myself.,5
2017-11-08 23:03:52,garbage. Can't sign in.,1
2017-11-08 21:08:49,App was easy to use to check in. Used it to board the flight. App was timely of flight and gate changes. App still needs improvements to even stand with the other airlines such as Delta. They have checked luggage tracking where they notify you when your luggage is ready on the carousel.,5
2017-11-07 22:52:42,"Whoever is in charge of UX design needs to be fired. I'm not a UX designer and could do your job better than you. Just do a focus group with your power users and frequent flyers... Ask them how they use your app and why it's frustrating. Use your app yourself and ask at each stage, how could this experience be made more intuitive and easier. How would Apple design this app?  Why for example, do I have to entre my Nexus ID and expiry date every single time I check in? Why is there a separate login for Air Canada mobile and Air Canada the website? Why am I allowed to check in after I have just checked in with no indication that I have done so already? Why don't my flights update automatically after I book a new flight?",2
2017-11-06 19:09:12,This app stinks dam it,1
2017-11-03 10:55:14,Doesn't update status of flights. The check-in feature is really buggy. I can't rely on it when I need it.,2
2017-11-02 10:38:12,"App and website needs renovation.  Very bad, you guys should hire better programmers!!!",1
2017-11-01 05:58:41,Their website and the app are quite useless and can be a total waste of time. At least they made me decide that I will never fly with Air Canada.,1
2017-10-30 20:48:52,Worst app I've ever used !!!  If Air Canada can't afford headrest TV's I'll be using their competition from now on.,1
2017-10-29 12:18:40,"The interface for this app is very confusing after checking in it asks to recheck in. Doesn't actually track your flights after signing in. Have to manually add as ""booked"" if these pieces all come together it will be nice. Also the movie selection on the rouge entertainment is terrible get Netflix and download some movies",2
2017-10-28 22:33:49,It can not to check a flight status,1
2017-10-26 20:45:57,The app upon being installed on my new phone keeps saying that wifi or data isn't turned on but it is and it won't let me sign in.,2
2017-10-20 16:03:25,Well designed. Love it!,5
2017-10-19 21:28:05,"L'application semble bien fonctionner sauf qu'au moment de la récupération de ma réservation, je la vois bien sur l'écran avec mon nom et mes vols mais il ne la sauvegarde pas dans mes vols et mes réservations du téléphone lorsque je presse sur ""Ajouter aux vols réservés.  J'ai un Samsung 7 avec Android 7.0.  Mon vol n'est que dans un mois, est ce trop tôt?  En passant, ""Android System Webview"" n'est plus activé dans les Androids ayant Google Chrome.  Donc, est ce que votre commentaire est toujours valide de garder Android System Webview à jour?",2
2017-10-17 20:26:57,"Great app, well setup making it much easier to track your upcoming flights, manage bookings, and makes it much easier to get from security to check-in to airborne.",5
2017-10-17 10:06:22,Staff told us when we were on the plane this is the only in flight entertainment. Had to download off data rather than wifi. The system didn't work at all on my first flight and on my second some movies just would never load.,1
2017-10-16 21:58:07,"I have two flights in a single booking. When I use the app to do a check in, it only allowed me to check in the first flight. I had to go to a counter to check in for the second boarding pass",3
2017-10-14 10:19:20,A Great App.,5
2017-10-13 07:34:04,This app is useless if you are not Canadian. I have a valid visa but it will tell you to check with an Air Canada staff. A total waste of my time.,2
2017-10-12 21:27:00,It does everything I want an airline app to do. It's intuitive and easy enough to use.,4
2017-10-11 16:34:09,"Completely useless. Despite having the correct version of Android OS installed this app would not work to play media on Air Canada Rouge flights. Avoid this app, avoid AC Rouge.",1
2017-10-11 15:00:43,I cannot use the app because it refused to give me my password.,1
2017-10-08 13:59:41,What a slow and laggy app!,1
2017-10-05 22:53:22,great app...0 issues since having this app....love it,5
2017-10-04 23:35:08,App worked as expected and was easily a 4 star app until an update came out a few months ago that caused the app to become extremely laggy. Every interaction with the app now has a 2 or 3 second delay. Even just to open the menu or scroll down. I've tried deleting the cache and user data as well as completely uninstalling and reinstalling. Haven't been able to resolve it. Completely ruins the user experience. Giving 2 stars simply because it works but you lost 2 stars due to the lag.,2
2017-10-04 21:33:15,Can't even sign in.,1
2017-10-03 12:40:58,"I checked in using this app, 24 hours before the flight, to get the boarding passes.  But i had a problem.  Both my wife and I share the same email address, and i wanted to send our boarding pass confirmation to our email.  but when i put in the email for my wife's confirmation, it refused to take it.  it said that it had to be a different address from mine - even though we booked the flights together, and they were under the same confirmation number.  so i ended up having to get the boarding pass at the airport, at the kiosk - waiting behind the line, to get at a kiosk.  i tried to use the app to save time, but ... it didn't work.   Also, once on the Rouge flight, we tried to get the entertainment, and it kept saying - unavailable - even though we were setup properly, with us choosing Airplane mode, and then wifi on, picking one of the 2 rouge wifi setups.  finally, one of the techie stewards tried a few things, and we ended up re-downloading the app before we could use it.  One week prior, it worked on Sept. 25 2017, but didn't work on Oct. 2 2017.  the download took about an hour.  deadly.  i went into google playstore today, and it's the same version on playstore that i had on.",3
2017-09-30 18:04:07,I like air Canada app is okay,5
2017-09-28 11:57:28,"This app has come a long way since it was first introduced a few years ago. Those first few iterations were pretty useless. But now this is a very good app and I highly recommend it to Air Canada users. You can view your e-boarding pass, get flight status, and get notifications on flight status all from this well designed app. Kudos to Air Canada for keeping with this app and making improvements. Good job.",5
2017-09-24 15:14:21,Can't even check In now. Asked to update password and still does not work,2
2017-09-23 20:57:21,Useless waste if time fire the developers...using my and yourtax money for junk... Airline has continually gone downhill,1
2017-09-23 10:30:44,It does not work!,1
2017-09-22 22:41:24,"Doesn't work on 8.0, freezes constantly. Really poor.",1
2017-09-22 22:38:52,Works great for all the things it's supposed to. Checked in for all my flights and used the app to board my flights.   Ability to make changes to a booking right from the app are great.   Can a be a little slow to load sometimes when it's fetching fresh I formation. But overall very responsive and snappy.,5
2017-09-21 10:09:55,"This app is the worst, it doesn't tie I to the air Canada system properly. AC flight was delayed 3 times (typical air Canada). After the 4 hour delay , I got 3 messages all at the same time right before takeoff notifying me of the 3 delays... thanks air Canada. My flight home was then cancelled, and I was forced to take another carrier home. The App is still asking me to check in, and shows the flight as active.  To anyone reading this , don't waste your time with the App, and better yet, don't waste your time with air canada",1
2017-09-20 21:30:15,Will forget my login credentials. And my YYZ YVR trip is either 2 or 7 hours - an airline app ignoring different time zones? Are you serious?,2
2017-09-19 10:34:18,"App runs very slow on my Nexus 6P with Android 8. I don't understand why I need to create a different login just for this app, while other airlines let you login with your loyalty account.",1
2017-09-19 08:28:03,Timeout... timeout... timeout...,1
2017-09-19 01:27:27,"Slowest app on my phone. Seat selection keeps crashing. Air Canada is poor all around - cancels flights often.. Left my father (senior travelling alone) stranded with no concern or help - just sly comments. I'm one of their 'elite' 75k fliers, but service is still poor.",1
2017-09-17 15:10:27,Extremely laggy with Android 8.0,2
2017-09-16 11:46:25,I booked my flight and preregistered for my flight with this app no problem at all. Also have very easy access to my boarding pass.,5
2017-09-16 11:11:27,Honestly should be able to give a zero score. checking in option doesnt work. none of the links work when email of boarding pass is sent to phone,1
2017-09-15 21:42:09,"Great app if you fly allot. I feel sorry for all the complainers on Google Play reviews. My answer to them, "" aw, muffins""",5
2017-09-14 20:33:43,"Honestly, useless app, just as the company itself. Online mobile checkin doesn't work, app check-in doesn't either with less than 24h before departure. On top of that, the only time I took a flight with this company, they lost our luggages and found them after 4 days. Customer support 0 starts! I would never use their services!",1
2017-09-13 10:45:09,"Technical issues, won't search flights or will take a very long time. Crashes often.",2
2017-09-11 18:38:35,Not working properly on Oreo os. It is hanging a lot. Taking time after clicking something in app. App also needs to be user friendly. Does not show seat selection and remaining seats for certain prices. Please improve it.,1
2017-09-10 05:10:48,Recent updates are a significant improvement,5
2017-09-09 12:09:05,Marsha Persao at the ticket counter of the POS airport in Trinidad recommended this app and she was so professional and kind and knowledgeable I downloaded the app as soon as I could and ahe was right! This app saved me time and was very helpful thank you AC and thank you Marsha!!!,5
2017-09-08 22:33:55,"Smooth app, however, when viewing booked flights, flight duration doesn't take time zone changes in to consideration.",4
2017-09-08 02:01:28,"App work s perfectly , but the service of canadian airlines is very poor!!I would say  is  shameful and useless....",1
2017-09-07 16:42:06,It is great,5
2017-09-05 12:31:45,"Garbage app, does not load existing flights or aeroplan account information.",1
2017-09-05 09:23:15,Had to delete the app to get my electronic boarding pass to work...,1
2017-09-04 19:02:16,"App sent me to a gate that doesn't exist, missed my connection.",1
2017-09-02 12:59:49,I was delayed for 2 hours on the plane.  When we were taking off they informed us there was no on board video entertainment and we should download this app.  We were on the tarmac where you can't get WiFi and airplane mode was required.  I spent 8 hours flying with no entertainment.   Air Canada should do better to make sure customers are able to use the products they work so hard to provide.,1
2017-08-31 23:29:46,Can't even log in. Keeps telling me my username and password are incorrect but they aren't. Useless if you can't log in,1
2017-08-31 23:00:00,"Plenty of features and nice-ish design, but the app freezes every five seconds and fails to remember sign in details and other settings, making the app incredibly difficult to use.",2
2017-08-31 13:03:10,It's ok but doesn't allow to link Aeroplan account if password is longer. Actually after more testing it does allow but doesn't show correctly,4
2017-08-31 01:42:39,I have a family of five. Won't let me book us all as it only allows booking or checking in for booked flights for 4 or less passengers. Instructs me to use the website or call in. Won't even redirect to the website for check in for five.,2
2017-08-30 13:08:02,This app is so laggy on Android 8 on Pixel that it's completely unusable.,1
2017-08-27 20:20:22,Cannot use with my android 5.1,1
2017-08-25 20:59:58,Awesome,5
2017-08-25 12:29:03,"There is no reason AC needs full access to everything on my phone (contacts, calendar, files, etc) just so I can watch a movie on a plane. This is offensive and very intrusive. Pick another airline.",1
2017-08-24 15:32:05,Is this the first airplane ever? No tv's? Forces you to use an app that won't download on thier horrible wifi and there is no where to plug in your phone. Good luck getting through a movie even if you ever get it to work. Would.give it less if I could.,1
2017-08-22 09:19:34,"App only marginally useful (only use for check-in and boarding pass display). Sad functionality breakdowns, where you expect the app to do a reasonable thing. E.g.: search by booking reference doesn't work in My Flights section, but does in Check-in. My booking do not automatically appear in Booked section of My Flights (wasn't it the whole point of creating account and using AC app in the first place?!). App doesn't remember passport number, so experience using the app is same as using website (not acceptable, given more freedom/flexibility apps have). Other little faults that make experience annoying and borderline useless (e.g., still using my Kayak app to keep track of bookings, and then pasting booking number into AC app to check-in).",2
2017-08-22 07:53:56,This app is so cool u try it too i love it plz try it like this comment plz,5
2017-08-21 15:59:19,Bugged up. Can't create account.,1
2017-08-19 19:05:11,Hugh Hi and thanks again for your email address and thanks for the delay in responding and thanks again for your time and consideration and I will be able to do this for me to do the needful and oblige me know what you think about the same,5
2017-08-18 22:32:22,Very glitchy.,2
2017-08-18 04:19:52,It dose not download onto galaxy 6s,1
2017-08-17 15:46:19,It womt let you donload it and when you get on the plane they dont give you any internet to down load and when i try it says try again😡,1
2017-08-16 14:52:56,Loved it. You can book your flight here.,5
2017-08-13 22:58:32,The customer service at expedia  is the worst.  They made a mistake and refused to help and as a result I'm stranded in China. I've spent over 50k with expedia and they treat me like I'm nothing.  Don't use this company .,1
2017-08-12 14:33:31,"Air Canada is terrible, just like this app. None of the functions worked. No updates. Had to call customer service. AND signed up for notifications for flight status and received nothing from air Canada telling me my flight is cancelled. Again everything air Canada is terrible. Uninstalling now.",1
2017-08-12 10:01:39,Hate it they don't have movies,1
2017-08-12 04:43:23,"this app did not enhance or simplify my travel experience, in fact it made it worse. not only did the Wi-Fi suck I had nothing to do for a entire 10 hr. plane ride because there were no tv's",1
2017-08-09 05:53:56,Can u guys tell me if it's good for journeys cuz I'm going to go on this airplane,3
2017-08-07 13:09:32,I have to try it for myself but by  all reports it is not a good app,5
2017-08-05 18:39:26,Does not work. Why offer it,1
2017-08-04 19:23:15,Didn't work ...Air Canada Rouge on Samsung S6 with latest Android. Don't waste your time installing it.,1
2017-08-04 12:02:37,Aweful performance,2
2017-08-04 10:00:43,Boarding pass doesn't update with flight changes. Notifications don't keep up with flight changes,1
2017-08-02 21:59:49,Doesn't work. Then you call and wait 90 minutes to talk to someone. No reason to improve. Welcome to socialism.,1
2017-08-02 17:46:01,Don't bother. This app doesn't work.,1
2017-08-02 08:45:48,The app doesn't even download. It just says waiting for network. This is a very poor excuse for not having an in flight entertainment system.,1
2017-07-31 13:05:24,I can't login with aeroplab number in this app?,1
2017-07-30 10:24:13,"Air Canada's app a nd company are terrible,  if you like have a good trip never try air canada. Worse service ever.",1
2017-07-29 15:07:41,"20 minutes after the check in time I still can't check in, poor user interface too",1
2017-07-29 06:09:15,I'm glad I brought a book for my 9 1/2 hour flight. I couldn't get this app to stream movies or music reliably. Had to rewatch ads multuple times because movies would stop streaming and I would have to restart the apl. Sounded few other passengers had the same problem.,1
2017-07-27 14:50:36,"Does not work. ""Please disable airplane mode or turn on WiFi."" Well if those things were on I couldn't have downloaded it....",1
2017-07-25 04:09:18,It wouldn't download,1
2017-07-21 11:14:31,"This was supposed to be for inflight entertainment, it did not work for anyone in our family for longer than 5 minutes.",1
2017-07-21 11:12:49,Couldn't watch a single movie on our 7 hour flight. Worked for some TV shows & music. A big disappointment.,1
2017-07-20 10:40:16,Very handy while at the airport.,5
2017-07-19 23:06:20,Hellova lot better than the ₩estjet app,3
2017-07-18 08:06:15,Frequently drops the wifi connection.,1
2017-07-15 21:01:27,"The staff announced that this app is how their on flight entertainment works, however, once on board I am too far off Wi-Fi to download it. Now I will be without distractions for 8 hours across the Atlantic.  Plan ahead people",1
2017-07-15 13:52:31,Well this app is nice but it can get really annoying and it takes a long  Time to find the good movies and I am 11 years old and I like horror  Movies so add horror movies and I will delete my comment and rate  It 5 stars.,4
2017-07-14 07:14:39,70mb? This app is 70mb? What the hell? No app is 70mb.,1
2017-07-14 07:05:55,This is necessary for inflight entertainment but wasn't told until actually on board the plane. It would not install.,1
2017-07-14 03:45:14,Just like the airline this represents.... Absolutely terrible.,1
2017-07-11 08:26:26,iPhone Android blackberry windows o.k,4
2017-07-07 22:57:40,This app is awful. I was so slow n my kids got totally restless. Imagine 2 8-hour flights with no enter,1
2017-07-06 03:09:13,Never flying air Canada again,1
2017-07-06 02:52:15,"This app is used as the entertainment system on Air Canada flights. It is awful. Make sure you have plenty of entertainment of your own, or you are going to have a flight of complete frustration and then boredom when you finally give up trying to use it. Nice idea, terrible execution. Did not work on both flights I took.",1
2017-07-04 05:36:21,Rouge player needs improvement. Did not work well on flight,4
2017-07-02 18:14:39,Not downloading,1
2017-07-02 09:32:01,"Came in very handy when flights had to be rebooked because of a missed connection.   Rouge player works alright, too, but best you use player  when you can charge phone otherwise battery will drain quickly.",4
2017-07-01 17:57:50,Nice helpful app,4
2017-07-01 13:55:38,I use this app a lot. It makes my life easier.,5
2017-07-01 13:33:08,Excellent work! Love the standby and import booking features!,5
2017-06-30 21:33:20,The reservation on the app shows some information but doesn't show seat number.  The website shows seat number. Useless app.,1
2017-06-29 19:23:03,"I see a lot of complaining.  I use this app exclusively to book flights. It's user friendly, easy to navigate, well laid out and simple enough that a 5 year old could book and track a flight.  Separate login info? Why wouldn't you want the security of that?  WiFi doesn't work? How badly do you need to post that selfie?  I'm sure all of your friends have already heard ad nauseum about your trip.  Why not be happy that you're able to purchase a flight on what is probably the best airline in North America in an airplane... in the air... saving days or weeks of land travel to get where you want?  Oh... did I mention that this app is free?",4
2017-06-27 19:33:16,Does not work with android,1
2017-06-26 20:23:57,"Had to uninstall after attempting to check-in using the app via a link from an Air Canada email without success. When aboard, one can't afford travel apps that don't work.",3
2017-06-26 13:44:20,very discriminatory for people not using smart phones or tablets. wont fly again with this airline.,1
2017-06-23 17:44:42,This app is trash just like the company's airline service. Received incorrect boarding times for flights through this app and almost missed the flights,1
2017-06-22 19:04:27,Won't let you access while waiting for an already delayed flight. Just download Netflix in the airport and leave your cell on so you can just watch a movie.  Air Canada if you actually read this let people do what they want or they'll do it anyway.,1
2017-06-22 18:45:55,Totally Sucked   You need the app to get on the internet to download the app  BUT  you need the internet to download the app   and my 85 year old parents have no phone let alone the app so they are stuck with no entertainment and an 8 hour flight     Next time we will fly Delta who respects it's passengers  especially the elderly !!!,1
2017-06-22 17:41:32,"Don't like how it doesn't show my booking clearly because I got it with a travel agent it doesn't show correct information on the flight what services are offered and it has my title wrong, sometimes it even says my booking doesn't exist please ring our international bookings number so annoying I'm going to have to print everything out incase this happens when going for the flight",1
2017-06-21 08:17:19,It keeps saying that there is no network connection but I've tried both wifi and data and still doesn't connect...why not? I just want to login. Thanks.,4
2017-06-19 09:00:41,How do you get to Player?  I haven't read anything that suggests how to use it ... there are no screenshots of it.  Is it a separate app?  It's not in Google Play Store.  Most secretive app ever!,1
2017-06-18 22:05:41,I ran this app on a Nexus 5 phone before switching to an Acer Z630. Now I can only download the app but it doesn't open. So I can't even find out if it is an good or not. Have switched to a Nexus 6 phone and app seems to be working OK.,3
2017-06-16 16:37:46,"Can't even open app, even after reinstallation.",1
2017-06-14 13:01:46,I have register on my computer but download the app and keep saying the email or password is not correct. can't access my account on my phone so what is the point of this app???,1
2017-06-11 18:34:59,Check-in feature doesn't work.,2
2017-06-10 13:54:24,Useless...,1
2017-06-10 07:51:57,Should have been informed this app  was needed before the flight,1
2017-06-04 09:00:36,"This app is very unstable, and frequently crashes as soon as it is opened. Not good if you are relying on it for your boarding passes.",1
2017-06-04 08:51:37,"Just moved from BB OS10 to Android. The bb10 version was a ported Android App but was a bit more stable and connection was much faster. As for the app itself, it is very convenient for the frequent flyer. Love the standby and upgrade list function.  Ability to book flights is straightforward.",4
2017-06-03 20:41:30,Air canada want only money,1
2017-06-01 17:48:44,Tried it several times with my Android based BlackBerry PRIV phone to no avail ... keeps saying no access to the network which is false... getting emails and surfing the net .... Please help,1
2017-06-01 15:08:32,Don't work.Horrible horrible horrible app and service. After entering all the details for my family for check-in​ it gave an error.  I tried again painfully​ entering the details. Again error..    What a pain.,1
2017-05-31 18:25:17,Great app to use,5
2017-05-31 17:03:04,Terrible application. It keeps saying that I need to connect to the internet when my internet is fully functioning right now...,1
2017-05-31 13:26:43,What's the use of having an app if it doesn't link to your web account? I don't use apps to use more apps!!,1
2017-05-30 23:16:51,"The  app keep shutting down  , along with wifi problems on the flight... when I did this with competing company I had  no problems... the idea is nice unfortunitly in this case the execution was not good",2
2017-05-30 20:03:09,Great to check in and check flight status. Looks sharp.,5
2017-05-29 21:32:03,"I don't understand how this is a suitable alternative to the standard tv screens. It relies on having lots of battery power and headphones, but I was not informed that I needed the app until I was on board. The only device I had was my phone which was a much smaller screen. I managed to watch half of a film before the wifi stopped working altogether and spent the remaining 7 hours waiting for the food which was admittedly pretty good.",1
2017-05-29 11:44:56,Yes,5
2017-05-29 09:55:06,"Downloaded the app on a flight to Miami. If you have an android phone, you are wasting your damn time. They only announce for iPad and iPhone users. Now I know why. Terrible app for Android. If you can avoid flying aircanada entirely, please do. Worse in flight entertainment I've come across. Couldn't compensate me for a 2 hour delayed flight to Miami with pristine entertainment. Guess I have to sleep my way there. Good luck",1
2017-05-28 00:07:11,Works great and love the upgrade list!,5
2017-05-25 09:37:22,Its Ok,4
2017-05-22 22:58:51,I think it would not download,1
2017-05-22 17:33:00,Full of ads no free Wi-Fi. You cant even look up the flight you are on currently to see how close you are. Content is very lacking. No in flight service or any unusable features. All you get is a small selection of movies and tv. If the Wi-Fi is working that is.,1
2017-05-20 10:07:39,The fact that I have to leave the app to check in is utterly idiotic,2
2017-05-19 00:58:05,"They should make it obvious you need a separate account for mobile. My phone # keeps changing to Canadian whenever I go back to my profile. I have my first Air Canada trip soon, so hopefully actual use is better than the setup.",3
2017-05-19 00:01:37,"Saying network not available... while I have full WiFi signals  Edit: got replied, thanks.  It's issue with Android system webview. Why not to include such helpful information in the error message? At least I  can try this app now. So increased to 3 stars.  Edit2: I was not able to notice any important note on somewhere top during the frustration... Please  show/pop it when users need it,  such as in the error message, rather than let us check the network... misleadingly. But one more star for the CS.",4
2017-05-18 16:38:57,"Your boarding pass disappears after the original flight schedule is over. Considering Air Georgian is always late, this is inconvenient.",2
2017-05-17 02:45:41,"Runs in the background, constantly contacting Air Canada's servers even when I have no flight booked.  Huge privacy violation, and waste of my battery.  Just uninstalled it, and you should too.",1
2017-05-16 22:57:54,Nothing works,1
2017-05-15 15:17:38,I eould lile to try the app but it wont let me get it states will be downloaded shortly and it never does anyone else having this issue for s7 samsung,1
2017-05-15 13:24:00,Useless spp,1
2017-05-15 09:30:47,"Originally rated 1 star as nothing worked, however Air Canada replied that it was an issue with an android component. Although it was update to date i went into settings a force stopped the component and rebooted and it now works.  Thank you AC for replying to my comment and helping me fix the issue, only fair to change my rating",5
2017-05-15 09:17:52,"Giving one star because I was forced to install app to view my boarding pass. I'd chosen to get my boarding pass via text and the link redirected to the PlayStore no matter what I did. I detest such strong arm tactics and have i uninstalled app.  AC says that they have tested and works fine for them, however I am constantly being redirected to PlayStore to install app. Once all is installed, the link works fine. Uninstall app, click link and I get redirected to playstore.",1
2017-05-09 16:05:24,Download but doesn't open at  Asus ZenFone 3.,1
2017-05-09 05:06:58,Worst carrier out there.,1
2017-05-08 12:02:46,"Useless,  can't checkin!",1
2017-05-06 14:59:25,"For some reason my payment wasn't able to be verified when using this app to purchase flights. I've never had an issue with this card ever (I confirmed with the credit card company that the issue was with Air Canada), let alone when using the Web browser to purchase a flight. This has caused so many problems, including having to go in person to an airport to purchase the flights. Thanks Air Canada for making me drive all the way to an airport, pay $20+ in parking fees, and probably have to wait in line forever to make my purchase. Save yourself some headache and don't EVER purchase flights via this app. I won't be flying Air Canada ever again.",1
2017-05-05 10:27:46,Booking option maxes out at 4 people. This app is useless for my family of 6.,1
2017-05-04 21:34:21,Not sure why you need to search for your flights on the app when you booked the flights using your Aeroplan number? Also not sure why my boarding​ passes aren't available on the app?  What are you supposed to use this app for?,1
2017-05-03 13:23:13,On my return flight it showed me the boarding pass from the first flight which was very confusing,2
2017-04-29 22:07:25,This app is so good,5
2017-04-28 16:36:06,Don't waste your time downloading. It doesn't play video on plane. Bring your own videos on your internal drive and enjoy.,1
2017-04-28 11:23:30,"It is ridiculous that I am forced to have a 70mb app on my phone just to use an electronic boarding  pass, that probably is just loading a web page within the app anyways.",1
2017-04-28 08:30:02,For a company this size and the price you pay to fly they should have c this sorted. Other airlines can do it why not aircanada.,1
2017-04-28 07:43:23,"Hate it. 3rd try with it (out of necessity.) 3 strikes, and you're out! See ya never!!!",1
2017-04-28 05:54:11,Didn't realize that i needed an app to access my boarding pass.. another useless app that will be deleted once i am done with this trip.. and then i get a notice at 2 in the morning with borading pass info..,2
2017-04-27 22:44:31,Do not update it keeps bugging,1
2017-04-27 17:54:05,"Downloaded app, installed it and it kept blowing up when I opened it.  Useless app.",1
2017-04-27 17:44:25,Will  not open it just stops working,1
2017-04-27 09:58:50,"Before the update I had no troubles. I have an upcoming flight and was logged on and going to see how well it worked. I had no issues and my information about my flight was displaying properly. I have been trying for a few days to see if there is progress, but so far none.  Any idea when the app will be fixed?",3
2017-04-26 19:31:01,"Good for checking your flights, but if you download this for I flight entertainment, it's useless. You can only launch the player in flight and download the player separately in flight, which only loads from the in-flight WiFi, which often does not work. You can't download the player app before flight despite what the description says. And to top it off, it's an unsecured, side loaded app. If germanwings can have a player app in the app store, why can't you air Canada????",2
2017-04-26 19:05:58,"Using Android 4.2.2, the recent update is a disaster. The previous version worked fine for everything I needed it for, but the auto update destroyed it and now only the new version (which crashes on startup, before you can do anything) is available. Am travelling April 23-28 so the unavailability of a working app is particularly annoying right now.",1
2017-04-26 13:28:38,Keeps crashing,1
2017-04-24 19:00:52,Continual crashes - does not open,1
2017-04-24 08:27:24,Crap. Can't load for the first time on all attempts. Uninstalling,1
2017-04-22 18:37:34,"The April 19, 2017 update broke the app! It fails to start on ALL attempts since! Please fix ASAP. Thanks.",1
2017-04-22 08:14:58,app doesn't  open. rendering  it useless to me,1
2017-04-22 00:44:23,It helps,4
2017-04-21 18:46:01,The April 19 update broke the app. It crashes as soon as i open it. Reinstalling does not help.,1
2017-04-20 19:12:17,Fails miserably in all areas,1
2017-04-20 18:37:15,Crashes every time I try to open since updating app. Says to update Android System Webview to latest version yet that is incompatible with older Android phones. About what I'd expect from Air Canada.,1
2017-04-20 06:56:18,Doesn't open and I have a brand new phone,1
2017-04-19 22:40:13,"the app is a total crap,  tried to book a flight but keeps asking to turn airplane mode off... not really suprise,  the quality of the app reflects the same quality of their service and the company",1
2017-04-19 19:42:14,The air canada rouge player doesnt work. I tried to dowload it in flight 5 times and every rime it gave some error message when i opened it. I thought it was just my phone but after reading all the reviews it seems its just a garbage app that doesnt actually work properly.,1
2017-04-18 12:32:32,Can't be sure whether it was the app or the performance of their wifi network  but watching video was painful.  Black screen with no video.  It Would start then stop.   I Killed and restarted the app several times which seemed to Kickstart it if it did die.   I actually had the app installed ahead of time...then accessing by browser told me I had to install the app!  So I downloaded and reinstalled which probably took a half hour because it was basically useless anyway.  All on all terrible experience.,1
2017-04-16 13:29:51,"So supposedly you had to download this app to access in flight entertainment. That 1. Wasn't actually the case, and 2. even still in flight entertainment didn't work. I was finally able to download the additional in flight entertainment app on my wife's phone, but it kept crashing as I attempted to watch the movie.   But they don't drag you off your flight and beat you so I gave it one star.",1
2017-04-16 07:50:09,"My airport code and city wont list.   I can easily check and book flights from the city I live in  through the Air Canada web page. This app, however, won't let me book from the city I live in so it's useless for me.  It may be a good app otherwise.",3
2017-04-15 08:40:22,I don't find it amazziiiîing neither horriibblle,3
2017-04-14 02:45:56,Booked a flight and bought the recommended cancellation insurance $130 from insurance partner RBC only to find out it only covers you for cancellations due to medical emergencies. Then you have to convince uncooperative doctors to produce documentation. Fought with Air Canada jerks for weeks over it. Air Canada owes me $950 and I'll never fly with this airline again. WestJet would have given me a credit and a nominal cancellation charge of $75.,1
2017-04-13 17:18:46,This is a huge improvement.  Loving the new experience!!,5
2017-04-11 20:21:03,"Could not get the in flight entertainment to work. I downloaded the app prior to boarding, then I had to download some other file to make it work. After it downloaded I chose the movie I wanted to  watch, clicked play and got a blank screen for the rest of the flight. I used my Android tablet to prop up my iPhone as I was able to watch it on it. This needs to be addressed and fixed.",1
2017-04-10 21:55:21,Terrible app. Couldn't pay for luggage thru app a year ago. Now it won't let me login at all. Waste of time. Def not user friendly. I have no difficulty w air Canada's website although air Canada is ridiculous for forcing aeroplan on people. If u don't have aeroplan you can't login to website. Although getting back to app. You can't login w aeroplan there; has to be email address. Silly corporation. I complained three times but they can't process problems in their tiny minds. They want JPG or screenshots. Really u can't read as well? Ridiculous IT,1
2017-04-09 23:27:45,"What everyone else with one star said! Got the air Canada app ahead of time, then Tried to do the download enroute but it just kept getting the same error. Super frustrating.",1
2017-04-09 22:38:25,Crashes on startup,1
2017-04-09 16:05:48,Horrible executed app. Utterly useless. Requires an APK download but the plane WiFi doesn't have the bandwidth to allow the extra APK to be downloaded in any reasonable amount of time.,1
2017-04-06 15:49:54,It is a total waste of time. And when calling the customer service number the waiting time is extremely long.  Should be called customer unservice,1
2017-04-05 12:32:23,Downloaded to watch a movie on android.  No movie. Slight head ache.,1
2017-04-05 11:38:00,This app is effectively useless. Doesn't recognise my login / password even when these have been checked / updated on their website so unable to sign in. Complete waste of time.,1
2017-04-03 13:43:07,"Typical Air Canada.  The app declines seat changes, but still charges you credit card.  They then make you jump through hoops to get a refund.  I guess you can't  fix incompetence.",1
2017-04-03 11:46:46,Don't use this for checked baggage.  Air Canada is currently holding $100 for a single bag (in addition to the $25 that went through)... The app failed during checking and put a hold on my money,1
2017-04-02 13:23:48,"Crashes (""stopped"") as soon as it's opened. I installed 5 screens of apps, and all the others run fine.",1
2017-04-02 08:10:11,Useless app from a miserable airline.  Required to watch movies on Rogue. Then you need to download a separate video player... that can only be done in flight. Doesn't download that apk file properly. Can't watch any movies. Using an s7 with nougat.  TL;DR - Useless app,1
2017-03-31 22:19:13,Is cool,5
2017-03-28 11:15:38,"Tried to use this app for in flight entertainment on Air Canada Rouge.  Even though I was connected to the in flight Rouge wifi, I couldn't get the app to take me all the way to viewing my movie selection.  Note, my husband was able to use his iPad without troubles & they rent iPad's in flight.  I'm guessing this app was built more for Apple than for Android.  I was very disappointed 😕",2
2017-03-25 21:58:03,Cewl,5
2017-03-25 12:51:05,"Got same issue as gene w below, in flight entertainment did not work, and download time was longer than flight. Please fix so this works with android. Had no issues with west jet entertainment app on android.",1
2017-03-22 20:25:32,It is just a scam for you to rent thier i pads,1
2017-03-22 19:21:14,On the previous version I tried to use it in flight for entertainment and could not get it to work. Hopefully this update fixes that problem. Was frustrating on my last flight at end of Feb.,2
2017-03-21 20:17:55,"Had wrong date for my flight. Good thing that I didn't depend on it. Modified my booking that generate a new booking identifier but this app couldn't handle and reported ""technical problem"". Just use the Web site and forget this app.",2
2017-03-21 18:47:50,Practical,4
2017-03-20 18:54:25,Painful to download rouge file. Then it crashed twice during playback of a movie and then went to beginning of film. Not a good user experience,2
2017-03-20 06:49:49,Since last update the boarding gate always show as N/A even when I receive notifications of gate.,4
2017-03-19 21:11:58,5 hour flight from Vancouver to Mexico and no in flight entertainment. Downloaded the app several times only to have the app crash each time. I will be choosing a different airline next time.,1
2017-03-19 18:53:12,"Please make the standalone Air Canada Rouge player app available on Google Play. Since I use a company phone, I am unable to install apps from ""Unknown Sources"".",3
2017-03-19 14:20:00,Good,5
2017-03-18 15:57:20,"Downloading the inflight entertainment APK file took forever.. even after many many attempts, I finally gave up trying to connect.",1
2017-03-17 03:08:11,total waste of time if you are downloading this to access the inflight entertainment  (aka rouge player). the player has to be downloaded during the flight  (cleverly not available via the internet in advanced. if you are lucky enough to get the player apk downloaded and installed during the flight this app is too brain dead to realize it has installed and will repeat the download and installation  process each time you attempt to access the player. (  on my flight the Wi-Fi was so overworked it took many many attempts to download this app and it took a very long time to install. don't waste your time the content is old and only updated about once a year),1
2017-03-17 01:04:49,Awesome app makes everything easier,5
2017-03-16 20:09:41,Wasn't the best when it worked...even worse now that  it doesn't. Waste of memory space on phone so uninstalled.,2
2017-03-14 11:53:22,You ask for far too much access to smartphone info.,1
2017-03-14 01:04:14,Cant check in or log in with frequent flyer information,1
2017-03-12 12:40:57,Good app that helps keep flight information. information​ in one location. You can pay for baggage fees and check in for your flight using the app.,4
2017-03-10 20:09:39,"Useless app. Gives you your flight number, which you already know, and time of departure and arrival. But no gate! Also doesn't update to your next connecting flight. Yes. Quite useless.",1
2017-03-10 12:07:14,I don't understand the obsession of asking for yet another account and password in addition to the normal AC one. Plus this app has a habit of forgetting the password and asking me to reset it after. Is also slow.  Changes in itinerary don't update.   Notifications show multiple times same time and are annoying. This is not because of my settings is a bug.,1
2017-03-09 22:46:42,Not well optimized for Android phones.,1
2017-03-09 21:23:12,Poor appl for such important company,2
2017-03-09 17:07:49,"after the recent update, the app forgot my ac mobile+ password and the forgot my password feature doesn't work, unable to use the app..",3
2017-03-09 03:35:53,The app is completely unusable in Android 7. It was not good before but it is now completely useless. Only help available from air Canada is to enable system webview but this is not possible in Android 7.,1
2017-03-08 18:52:53,Excellent service,5
2017-03-08 00:52:55,Misleading it doesn't include the Rouge video player. Wasted 70 Meg's data and had to wait half an hour on the plane before the real player downloaded from the plane wifi.,1
2017-03-07 11:27:56,"I carefully downloaded my electronic tickets at the hotel in Lima using Wi-Fi because there isn't free WiFi at the aeropuerto. Then I go to check my bags, so I open the app to get the message ""no network"". No kidding, that's why I tried to download at the hotel.",2
2017-03-07 04:18:00,It's not working.,1
2017-03-06 19:36:06,"Downloaded this to use in flight entertainment.  Tries to check it out before hand and it said I must be connected to rouge wifi.  Board the plane and have to wait to over 10,000ft to get on the rouge wifi to try to use the entertainment and it says I need to download an .apk file with a long description of how to do it while in flight. So I follow the prompts and it shows 1.5hrs remaining to download. This is almost as long as the remainder of my flight.  Now at the hotel and I still can get the rest of the .apk to download. Very poor setup for Android.",1
2017-03-05 16:16:11,I can't seem to get it to work with my Surface Pro 4 which uses windows 10.  Ridiculous!!!,1
2017-03-05 14:56:06,Still not tablet friendly,3
2017-03-04 14:38:06,You can't find all destinations even some of air canada's or star alliance partners.,2
2017-03-04 11:26:34,"App does not work with LGG5! Check-in page remains blank, does not recognize location and can't connect to network.",1
2017-03-04 08:43:56,"Got a notification to check in for my flight, went through all the procedures and entered info, and ended up on the last screen saying mobile check-in isn't available. Thanks, AC...",1
2017-03-04 07:58:19,Flight notifications have stopped working.,4
2017-03-03 21:16:47,"This Apps will take your 72 MB of space in your phone, to download it using a lot of data,  we were group of three to fly through Canadian Airline to south America, but drop our decision to use this Airlines, because of too much requirements just for transit only,  If supposed  you're not going out of the airport why the transit visa should be so cumbersome. The requirements are too much like biometric bank statements, family backgroud two week time and your journey is urgent  and purpose is only a transit, finally you're not sure you'll be able to get or not, it is a better decisions not use Air Canada, while you're having other options, save money and trouble and time,",1
2017-03-02 23:49:39,Great app...let your know in time the status of your fly,5
2017-03-01 17:06:37,I was not able to get on to the entertainment told me to down load if I was using a android phone I did that took half the trip then when done down loading it told me to redownload....grrrr....I am taking it back on Sunday and I hope it works...,2
2017-03-01 09:35:08,Recently noticed battery was getting wasted.... was this app,1
2017-02-28 09:03:21,The app has started to crash on me and my reservations are disappearing from. Within the app.  the password is always resetting as well.  can't get any help. In trying to resolve this.  loved the app until recently,3
2017-02-27 20:43:21,I tried to download the Rouge garbage any number of times...  3 hour flight from Toronto to Orlando.  Never did get it to work on my Samsung s4. Made for an unpleasant trip.no snacks due to turbulence.  Service kind of sucked,1
2017-02-25 08:15:13,I find the app easy to use and it provides all that I require at this time,4
2017-02-25 08:05:10,Garbage airline with garbage services and I'm not picky but this monopoly airline is stupid,1
2017-02-24 00:48:24,I was able to go to the check in page using the ref number but unable to retrieve my flight info with the ref number and my last name.,3
2017-02-23 15:23:57,I do not like the fact that I can no longer look at my booking on the app and see my assigned seat.,3
2017-02-22 22:35:19,What kind of app is this that will not accept a password change after giving you the link. It is like a 3 year old wrote the app.  Fix it if you want people to use it. And the link to contact Air Canada doesn't work either.,1
2017-02-22 16:20:15,"- Rouge player doesn't work on OnePlus 3; It asks you to download standalone version.  Standalone version requires you to enable install from untrusted sources while on the plane; instead, Air Canada should make this app available on Google Play.  The standalone app has to be downloaded on the plane, which takes forever on the slow WiFi on board.  Upon completion, the package can't be parsed.  In short, despite downloading the app beforehand, no entertainment is available on board.  Please fix this app Air Canada.",1
2017-02-21 22:09:39,"This is extremely disappointing, slow slow slow, even takes its time to load information that was loaded 30 seconds previously. No simple option to see the price of fares within the week of your trip, so you can discover if there's a cheaper day to fly. This is 2017 and you're a major airline! I was rooting for you..... get it together.",1
2017-02-21 17:00:31,"I installed this like they said, before my Rouge flight, but then when I went to use it on board, I was required to download another Rouge player. Huh?? Now I had to do this using the plane's wifi, which was painfully slow and then instead of it installing itself, I had to go find the file and go through a whole process to install it on my phone (Galaxy S7). All while my kids were screaming at me to get their movie going (thankfully, it looks like AC put a bit more effort into their iPad app, and their's worked without a hitch). So glad my next flight was on AC with seatback screens. Rouge!!!!",1
2017-02-17 15:16:06,"It's good for the basics -- getting and tracking flights, choosing seats, checking in, and adding extras. Using the Air Canada mobile website to search flights is a complete mess of hanging, screen shifting, wrong choices. Pretty much have to use this app to get anything done.",4
2017-02-16 20:35:49,Horrible app,1
2017-02-16 07:56:29,"When a flight is changed, or when on a return trip it shows the old boarding passes instead of deleting them.",2
2017-02-16 06:06:52,It works for what I need,4
2017-02-15 15:37:12,"How big is this app? I have over 1.5 g free on my phone, but I keep getting error 497!",2
2017-02-14 05:28:25,Useless.  Doesn't contain your flight information.,2
2017-02-13 21:53:28,"Used this once, would not work continually.  Always froze up, lose connection.",2
2017-02-13 10:00:14,Pretty good,5
2017-02-10 22:40:13,Why the staff of AirCanada is no nice?. They are so rude. Very bad service.,1
2017-02-10 16:42:54,Sucks,1
2017-02-09 18:37:42,"Can't even create my account keeps saying no network, even when connected to the Internet via mobile data or WiFi. I have never had an Air Canada app that has worked.",2
2017-02-09 15:45:34,Can't even install it. Error 497. Can install other apps no problem. Crap policy to require this for in-flight Rouge entertainment... expecting everyone to have a device.,1
2017-02-09 09:36:51,Great app. Has the Air Canada rouge player included. What made me watch movies on the flight.,5
2017-02-09 07:53:17,Good,5
2017-02-06 11:52:00,Unable to show the check in page,1
2017-02-04 15:05:33,"This app worked fine for 6 months. Now suddenly it is giving some weird  error ""connect to a wireless network"" I am trying to check in. I have all the info it wants. It goes to the chekin page and freezes. I reinstalled the app and it gives the same error. HELPPPPP!!!",3
2017-02-04 13:00:54,I hate air canada service. I had technical problems with my seat and they have no customer review option or call number besides for reservations. I asked flight attendant a few times how to leave a complaint but they didn't direct me to any such place. In short I was very displeased with my flight and I walked off that plain not satisfied. I expect 2 friends to visit me this year in Canada and I will strongly suggest them not to fly with air Canada. In the next few years I will try hard not to fly with air canada. It will cost them numerous  flight tickets probably more then double the head flight attendants  wages for 1 month.,1
2017-02-04 12:50:57,"Pretty good, way faster than the mobile site.",5
2017-01-31 18:37:55,"This app and the Air Canada Rouge App don't work on Android, Jan 2017. I have a Google Pixel and it does not work.",1
2017-01-30 18:05:19,"I love this app. I agree that there are too many duplicate notifications, but over all I find it very useful.",4
2017-01-29 11:20:17,"Update: Remember to update that Android System Webview as AC referenced in the App description. I didn't read it when I gave my first review, so my bad. It's a pretty good App overall.  Will update this if need be.  Original: It's been pretty good in the past but now I'm not able to login nor check flight status's as it says I need to be in Wi-Fi mode and out of airplane mode. I've updated both my OS and have the latest AC App",5
2017-01-29 07:36:39,"Does what it should. I would have given it 5 stars but I'm annoyed that for long time every notification sent out to my device is duplicated (check in available, gate assigned, etc.). You should allow users to scan their own boarding pass at gate and Maple Leaf Lounge check ins, as most of your agents will touch the screen and lose the boarding pass. I noticed the improvement on the App development from one version to another. Thanks for letting me go paperless!",4
2017-01-28 11:30:52,"This app would be far more helpful if I could check into flights and get flight information for all Star Alliance flights. I purchase a trip with Air Canada, but since the second half of the flight is operated by United, I can't check in. What a terrible app.",1
2017-01-27 15:30:32,Downloaded this app 3 times. It downloads %100 but won't install. What a pos.,1
2017-01-25 23:31:41,WestJet's implementation is better than this. This seems segmented and overall not mobile or user friendly. Had to download my boarding pass from email.,1
2017-01-25 14:18:24,Works well,5
2017-01-24 04:04:00,Good,5
2017-01-23 10:03:19,"Best airline smart device app currently on the market, it appears; it seems like the negative reviews are directed more towards the airline than the actual application.",5
2017-01-20 13:23:48,Crashes when trying to watch a movie during in-flight entertainment. Both on my Google pixel and Nexus 9 tablet with latest versions of Android available for each device,2
2017-01-19 19:19:23,"I used this app quite a lot and it worked fine but recently it started not working properly. The check-in page is blank, and doesn't let me sign-in to my account. It says ""network unavailable"", when I'm at home using my own wi-fi. I tried installing it again but it shows the same problems.",3
2017-01-19 16:49:15,"Useless. Cannot create profile because of ""technical issue"". The app proposes to report the issue, but this page freezes the app when you press submit.",1
2017-01-16 01:50:23,"make me nuts, mad...",1
2017-01-15 18:32:51,Even though I am using wifi the App asks me to connect to WiFi. When switching on data roaming no luck either. Re-installed App twice. Nothing...,3
2017-01-15 03:54:40,I Love Air Canada. I Only Travel With Them. This App Is Just Wonderful! Best App For Booking Flights On Air Canada❤❤,5
2017-01-14 22:37:52,Wants me to turn off airplane mode but this isn't true. It is on wifi and the network please help,1
2017-01-14 15:27:31,"if you have been forced to use Air Canada's Beta site, you know how bad it is. way too much running in background.  this at least let's you work around it.",2
2017-01-14 04:50:29,How silly that I can't book a flight if I'm not in Canada. Tried going through the booking process from Kenya and was told no flights found. Booked immediately with your competitors app.,1
2017-01-12 22:48:37,The shows are  bad and whatever I try to watch just never loads or plays,1
2017-01-09 10:23:29,Poor app every time I go in it asked me to update. .I do and then minutes later it asks again. Flight was cancelled and it did not advise me. Will probably delete and display go through the website as they are both equally painful.,2
2017-01-08 20:29:42,The app was working but stopped a month ago on my Samsung Galaxy s6 note .. i travel .weekly any alternative or fix you would recommend,1
2017-01-08 11:10:22,App cant find wifi. Its good their app developers dont make airplanes,1
2017-01-08 02:53:53,Make it work!!!,1
2017-01-07 22:21:42,Does not work on my Samsung S5,1
2017-01-06 23:02:26,"Slow, poor UI. The new beta Air Canada is hopeless too. Now what?",2
2017-01-06 21:30:21,"Using Sony Xperia XZ, updated to Android 7.0 and the flight status not working anymore. Please fix",1
2017-01-03 21:08:01,"Not working for Samsung 6, disappointing Air Canada",1
2017-01-01 10:27:45,"Tried to use the app for flight booking. The app applies some filters to your search, and you have no control over those filters. As a result, sometimes the search engine cannot find anything. Very disappointed...",2
2016-12-31 13:32:50,Good apps,5
2016-12-31 10:50:24,Can't check in via the app. Waste of time. Get with it AC it's 2017! This is just unacceptable. The website has more functionality than the app. What the heck?!? As if you paid a programmer to make this.,1
2016-12-29 15:56:10,Can't login with Air Canada / Aeroplan account. Have to create a separate account just for the app. Seriously?,3
2016-12-29 09:35:52,"The app it self is fine, but the Rouge Player is not part of it and required to install from Air Canada network in order to use on flight entertainment system. It's not safe to enable installation from unknown sources, Air Canada should make it part of the main app.",1
2016-12-26 10:09:49,"The only reason I have this app is for the ""newer, better"" in flight entertainment but it crashes any time I try to play a video. Completely broken.",1
2016-12-25 21:10:00,Rouge player doesn't work on Google Pixel XL. App quits just before playing the video,1
2016-12-24 00:04:09,"You need to be able to get access to your Altitude account and review status, buy e upgrades etc. Doesn't make much sense at the moment to have these in two different places, the app would help consolidate these. Also, the check-in screen once your checked in, should take you back to the home screen, at the moment it asks you to quit or close then takes you back to the check-in.",3
2016-12-21 23:55:23,"The app is overall easy to use along with booking trips is easy. Only thing is when you're tracking your flight and you leave in less than 5 days, none of the gates are showing where you're going",4
2016-12-19 19:40:41,"It works, and delivers as advertised so that's a great start.  A few improvements, we're all used to tiles now so get rid of the flight attendant picture and make use of that space.  On check in it would be nice if it would populate the frequent flyers program.  It fills in everything else but that.....odd",4
2016-12-16 11:29:16,"Glad tech support gave this another look and fixed the bugs, works sufficiently again, would have been a nightmare during my trip coming up.  Thank you.",4
2016-12-16 10:51:40,After having problems with the program and updates Air Canada was very quick to offer a solution.  The program works perfectly now. Thank you,4
2016-12-15 22:43:12,Spent over  an hour trying to check in. All server and network issues . It's a nightmare to use. Can't even report a bug to fix it!,1
2016-12-15 20:41:53,"Just make sure to keep your ""Android System Webview"" updated in order to be able to use it. Otherwise runs well. Hopefully we get more functions.",4
2016-12-15 16:52:28,"I have used it to synchronize my trip book for flight, and watch movie.",5
2016-12-15 06:06:55,"App keeps saying I am on Airplane mode or get on WiFi. I am not in Airplane mode and I am on WiFi. Please fix. App not working. I am on a Samsung Tablet android. My Blackberry phone App works perfectly! December 15, 2016 = Thank you for the Fix.  Now works Perfectly!",5
2016-12-14 20:59:07,Asks you for permission to take pictures and movies and other accesses when installing its subsidiary app Rougeplayer!!!! What on earth do you need these accesses for? I am uninstalling the whole Air Canada app.,1
2016-12-14 00:42:48,App works flawlessly,5
2016-12-13 20:23:33,"Fails to connect to known WiFi network.  Clearly a MAJOR bug.  Guys, get working on this, it is recent, go back a Rev if you have to.  -- Sam Gtab S 8.4  So, reply from AC says all of us with this problem have an outdated ""Android System Webview"" app.  Seems that it does not update automatically.    Maybe in the features there should be a note that this update is ""REQUIRED"".",3
2016-12-13 17:51:16,Update Android System Webview and the Air Canada app works perfectly. No more issues with network or wifi. Very pleased again!,5
2016-12-12 20:08:18,Lots of fun to use. Miles ahead of the air Canada iPad app.,5
2016-12-11 22:09:27,"Was looking forward to watching some movies on a 3 hour flight (actually turned out to be 4 hours because we sat on the tarmac for an hour) from Toronto to Tampa on Air Canada Rouge. Videos would not start playing. Nor did music. I was able to connect to the onboard network and browse the media available, but nothing would play. What a bummer. Made the flight feel that much longer. By the way the movie selection on Rouge is very limited and very bad!!!!!!!",1
2016-12-10 05:16:03,My flight from Montreal to Heathrow is showing gate A50 while Google and the airport screens (including the Air Canada ones) show gate A52. I'm glad I'm not relying on this app to fly the plane. Uninstalled due to excessive battery use (3%+ when idle).,2
2016-12-08 20:33:22,"Error message like so many mentionned before ""turn off airplane mode or wifi"". Then impossible to check-in. blank page. Surprised nobody seems to be addressing these issues.  tried many unsistall/ install.",1
2016-12-08 17:33:29,Lousy,1
2016-12-08 16:38:36,This app worked well for the first few days now I cannot sign in as I get a message to turn airplane mode off or connect WiFi.  Not sure what is the problem with the app.  It is totally useless as it is right now. Air Canada please fix this app or remove it until it works.,2
2016-12-07 08:56:51,Travel flights,5
2016-12-07 06:17:16,"Riddle with issues, constant errors, never able to complete any transaction, check-in,  uninstalled and never looking back!!!",1
2016-12-06 20:34:23,The old version of the app was much cleaner to use. Even though the new app has nice features the functionality leaves to be desired,2
2016-12-06 09:02:06,"My father and I are currently stranded in Istanbul after missing a business class flight after a 6.5 hour layover! ""How!?"" You ask. Well, because this app said our layover was 6.5 hours, it wasn't it was 5.5 hours. We went to our gate 1 hour early to find it empty - why? Because the Air Canada app was wrong by a FULL HOUR. We have pictures and documents but even Air Canada's ALTITUDE 75K! (Frequent business flyer) priority customer service HUNG UP ON US. no refund, no help. Said it was our fault.",1
2016-12-05 11:35:29,Useless. Release a new app that has not been tested. Results in wasted time at airport when unable to connect due to bug that keeps displaying Network Not Available message. Please fix ASAP.,2
2016-12-04 15:59:37,Player keeps crashing on my Nexus 6P. I can't watch anything. Talk about a long flight! 😤,1
2016-12-04 10:36:29,"Latest update keeps saying ""Network not available.  Please turn off Airplane mode or use WiFi"".  Well...I am using WiFi  (and tried normal data mode as well) and airplane mode is off.  Reinstalled same thing.",1
2016-12-03 22:31:34,"App is ok to provide flight info but that’s it. After enabling wifi and joining plane network the Rouge player portion of the app lists movies, tv shows, and music that is supposed to be available. But when I select them and hit the play button it opens a black box and nothing else. Tried multiple movies, tv shows, and even music, none of which worked. Tried app on both Samsung Tab A and S5 with same result. Asked 2 flight attendants and neither could help saying they only knew apple products. Very disappointed especially since this is the only video service AC offers on the flight; this app is a big fail!",1
2016-12-02 23:18:26,"Just had a trip and the app wouldn't stream any of the content, just kept crashing on my 6P. Had to watch movies on my wife's iphone which worked perfectly.",1
2016-12-02 00:08:05,Since the new update commenced all is working in order and reflected my rating to my satisfaction level.,5
2016-12-01 20:41:05,"I love this app! You cant check in on the app, you have to use a laptop or desktop. The app works fine for me.",4
2016-12-01 17:42:54,So I WAS loving this app until it stopped working on 11/27 when I tried to check into my flight.  The check-in screen was blank. I thought it was a fluke.  Tried again today to check into my flight home.  Same thing.  So I  uninstalled it and then reinstalled again. Now I have to create a new profile but guess what?  I keep getting a network not available message telling me to turn off airplane mode.... no matter what I try to do.  What is going on??? Device is a Samsung  S4.,3
2016-12-01 10:50:09,The app is really good I love it I use it all the time and you can sync it with Aeroplan which is good. Theres one thing that I really hate though and its seeing that ladys face all the time when I open this app. Like seriously Air Canada WHAT THE HELL is this ??? Why would you put thay ladys face there ? We dont want to see this please put the picture of a plane or something.,4
2016-11-29 16:31:59,"Tell me, why is this app so huge? it take 130 MB storage on my phone, the Westjet app takes up only 39 MB and I can do just as much with it, not to mention the onflight viewing is much more stable and no where near as frustrating as the Air Canada app.....download an APK, you have to be kidding me!!!",3
2016-11-28 13:14:20,Screen goes blank when trying to check in for flight. Tried re installing. Useless app.,1
2016-11-27 13:18:45,New app version doesn't work!! Keeps telling me to turn off airplane mode and use wifi?!?! How can I check in?!?! #totalfail,1
2016-11-26 09:38:36,The new version can't connect to internet,2
2016-11-25 08:23:00,"Sitting in the boarding area, looking at our air plane. The app will not download.",1
2016-11-23 14:09:25,Older versions of this app seemed to work fine but this one does not allow check in or retrieving your boarding pass. Why have an app if it can't do these things right? Edit: after 12 hours it looks like the boarding pass retrieval is working again but the app crashing like it did doesn't seem like the most graceful failure method.,1
2016-11-21 14:59:07,"Downloaded the apk file. Crashes every time I tried to play a movie. Tried 10 times, gave up.",1
2016-11-19 07:30:32,Almost every function says it is not available for mobile including check-in. Useful in sending an email with a boarding printable pass! On top of that crashes!,1
2016-11-18 07:44:37,If your booking has more than 4 people on it then for some random reason you cannot use the mobile check in features. You can't even get a QR code boarding pass. Makes the app worthless for me - uninstalled.,2
2016-11-18 07:21:04,76 megs?  I guess it works but it's bloat wear.,3
2016-11-16 23:33:46,Difficult to get Early check in.,2
2016-11-16 17:55:00,This app is absolutely exceptional than what was offered before. I played around with it and used it for few things and no problems whatsoever.,5
2016-11-16 13:29:57,Can't view the upcoming flights automatically when logged in with aeroplane number,1
2016-11-14 16:50:32,Does not sign you out completely. Uninstalled,2
2016-11-13 19:35:45,"24 hours of ""sorry, the online check in can't be completed"" followed by Air Canada selling my seat and charging me an additional $400 to go home the next day. Cool.",1
2016-11-13 12:39:32,"Travel frequently on Air Canada and when the app works, it's great. However it always seems to be down when I need it most (flight delays or cancellations).",2
2016-11-13 07:04:36,Many times it just says not available or closed when just in the 24 to 10 hours and is obviously open. Not impressed having to then go earlier to airport and also then choose seat..,2
2016-11-10 13:33:15,Not only does this crash all the time when trying to book or check in but the movie player keeps crashing so it's also useless during the flight... Waste of time.,1
2016-11-10 12:40:53,No links from info screen to app downloads,1
2016-11-08 20:14:04,Worked perfectly,5
2016-11-04 15:08:53,On your online portal..i can get some airports but cant see those airports on the phone app!!!,3
2016-11-02 22:48:57,Good,3
2016-11-02 11:06:14,"App will not work with Windows 10 on the Surface Pro 3 - therefore pretty frustrating. To add to the frustration, flight attendant mocked my technology choice on the plane and suggested that I get a device that is compatible with their system. He also took it one step further to say that in the near future all planes would be on the Rouge platform and that I should get with the program. Let's hope that the rest of the airline industry doesn't fall to this  low level of performance.",1
2016-11-01 20:42:49,Only downloaded to use the in flight entertainment for a 5 hour flight from Toronto to Puerto Vallarta on AC Rouge and the app crashed every single time i opened it after downloading the apk file like it instructed. Complete waste of time.,2
2016-10-29 17:51:11,When is the 4qt for ios?,5
2016-10-28 16:14:56,My CWT app works better for AC flight info and check in. Shouldn't be the case. App crashes and hangs.,2
2016-10-23 21:44:19,"Just downloaded the app to book flight to Europe. On very first opening of it, after keying in roundtrip and dates data to get prices and book, it tells me I'm not connected (I am). So double check connections . All good. I run the flights query again and it tells me technical difficulties. Then it asks to fill out a form. Now I'm 8 or 10 minutes in on this thing and don't have even a price or availability to get me to Glasgow. Just goofy. I'm uninstalling immediately.",1
2016-10-23 20:14:37,Not good from usability  standpoint. Late notifications,3
2016-10-23 14:48:12,"Just like in the previous version, I have stored nexus and passport info, enabled use for check in, and still have to type it in every time.  Also usually won't accept payment for seat changes so I end up having to do it on the website.",1
2016-10-23 14:21:35,"Like a lot of things associated with Air Canada, nothing works.",1
2016-10-22 19:41:13,Crashes at any stage.  Impossible to save profile information.  Hard to buy tickets.  A shame of an app for a decent airline.,1
2016-10-19 11:11:28,It looks okay. I need to keep going to the download area each time I sign into the app. It gives you your boarding and flight information but then you need to go serving for it again. I receive a notice via email generally after I have landed.,3
2016-10-17 22:47:51,Constantly crashing in the background,1
2016-10-12 09:30:23,It crashed after check in and crashes when I try to search for a flight.  Very buggy.,2
2016-10-12 02:55:36,Must re-create all personal info. Won't simply let you link to your Aeroplan account to login.  Same for contact us page. Tech support email wouldn't link. Won't let you do multi-city bookings. Don't bother to download until they get someone who can provide basic functionality and user support.,1
2016-10-11 21:54:31,"This app is brutal... constant bugs, crashes constantly... well done AC ;)",1
2016-10-11 17:02:24,"Absolute Garbage. The app sends me a notice to check in, I go to check-in...doesn't work. I try to check in every 15-20 minutes...it doesn't work.  Absolute crap!!!   Air Canada has enough funds to improve this basic app!  Tried to set-up my account through settings & it keeps crashing!",1
2016-10-11 16:49:09,they need to upgrade the app. crash every time I use it and now I can't even sign in.,1
2016-10-11 16:15:41,The app never brings up a boarding pass.,2
2016-10-11 02:53:07,Could not watch any movies as the app crashes every time I try to play one. Absolute garbage attempt to force you to rent an iPad.,1
2016-10-10 20:02:18,"Why can't I store a boarding pass offline like I can in other airline apps? Data / wifi isn't isn't always available at the gate or at security (especially in international destinations), and the number of times I haven't been able to look up my pass is surprising. What's the point of this app if I have to have a paper backup anytime I fly?",1
2016-10-10 10:27:54,"Doesn't matter the dates I pick, it tells me that there are no fares available",1
2016-10-07 19:12:44,I hate using. Crashes and freezes frequently. It's overall not a smooth seamless experience. Needs improvement. Content and navigation not bad.,2
2016-10-07 17:32:02,"I fly Air Canada a lot. I thought this app was going to be helpful but it has a long way to go. Kept asking me to update password, Had to keep entering my aeroplan # and even though it opened my boarding pass, i had to keep reloading it from the message because the app couldn't take me to it. Blah some major fixes and I'll load it again but not till then.",2
2016-10-07 00:27:52,Nothing works on this app. I get an error every time I tried to sign up or even look up my flight,1
2016-10-06 18:15:16,"The previous app was much better. The so called improved experience does not work. I was not able to check in or check the status of my flight or get my boarding pass. In all cases, it experienced technical difficulty.",1
2016-10-06 15:07:28,"Unable to give the most basic live info, claims to be offline when it isn't, not even that good user interface.",1
2016-10-06 11:07:34,"My email and password is correct, I can log in on my desktop,  just not here.",1
2016-10-05 05:43:34,"Provides notifications for boarding based on original flight time, not on posted delays... Even when delays are posted several hours in advance.  Check-in via app is merely a skin ontop of OLCI.  Have not tested the entertainment component as I only fly mainline widebodies with no WiFi onboard.  Delta, United, and even American have better apps.",2
2016-10-04 18:51:10,Worked on 1 out of 6 planes,2
2016-10-01 15:12:26,Couldn't check in to the airplane I was literally inside and about to take off in do not download last second It won't work not worth the data to download it,1
2016-10-01 11:06:03,Your app required me to download another app to view the in-flight entertainment. That app was terrible and every time I tapped the sreen the show would restart but only after playing another commercial. Now I can't remove the Rouge portion of the app as it wasn't from the play store.,1
2016-09-29 15:25:02,Keeps saying to turn off airplane mode and turn on WiFi.. I'm using wifi damit,1
2016-09-29 14:54:04,Our flight is tomorrow and I'm trying to create an account through this app and nothing is happening. It keeps having a problem trying to connect to the network while every other app works fine.,1
2016-09-29 13:37:49,Unable to book flights or even sign in..   Tried with both wifi or even lte.,1
2016-09-29 11:19:45,even the site is in beta and its slow the app is crap...why go change it? works 20% of the time..,1
2016-09-27 13:17:37,"Downloaded the app to watch movies while traveling overseas in flight. If you want to watch movies it forces you to download and install a separate apk package. You can only download and install the separate application once connected to the on board wifi (seems to take up to 20 mins in-flight for it to become available). Once that was all installed, I tapped on movie and the application crashes everytime. Tried several movies, restarting the app and phone. No avail. Don't count on this. Nexus 7.0 Huawei.",2
2016-09-26 12:12:23,"With 45 minutes to flight and through the long security line in Pearson, there was a popup that required a mandatory upgrade. So the digital boarding pass was fuzzy in the background and I had no access to it. I had to find a kiosk and print a boarding pass, then wait in the security line again. Sad that I couldn't simply access the boarding pass that had been scanned 15 min earlier. I promptly uninstalled the app.",1
2016-09-19 16:07:02,"Check in using my Nexus and this app.  It doesn't give me ""TSA approval"". Happen to me twice. General is good. Nice if I can upgrade using this app",4
2016-09-15 16:41:54,"Went through the entire check in process, receiving a confirmation both on the app and by email. 30 minutes passes and I'm reminded by the app to check in... so I double check the boarding passes and get errors.  What a waste of time.",2
2016-09-08 18:02:37,Battery started to go down faster checked it and it was this app,2
2016-09-08 14:37:21,What's the point of checking in online with NEXUS if I have to go to the counter to get TSA pre-check added to my boarding pass?,3
2016-09-06 02:20:03,Gives you the check-in option for flights you've already checked into. Crashes often,2
2016-09-05 12:40:59,"I am here in Ottawa Canada on Wi-Fi and on a global mobile network with my roaming turned on. I tried to log in to check in but I kept getting an error message saying ""Network Not Available..Turn off airplane mode or use Wi-Fi to access data"".       I then used my iPad which was connected to the same Wi-Fi in the same house and was able to log in and complete my check in.     I then went back to the Android Air Canada app on my cell phone and turned off my mobile connection by putting the cell phone int",1
2016-09-04 13:07:49,Tried twice to install. Downloaded 100% and then hung.,1
2016-09-04 05:00:41,This app has been constantly notifying me about a flight that was over two days ago.,1
2016-09-03 22:47:00,"My friend flight got delayed but the app showed as #$%@ on time first and then as landed until I got to terminal 1, where I found it was delayed 3 hr ago. What the @#$% app and the @#$% ....",1
2016-09-03 17:48:53,Good,3
2016-09-03 08:28:24,Very good and wonderful.,5
2016-08-31 01:50:19,Need to explore more.,2
2016-08-29 22:05:01,It works - Better than I expected it would.,4
2016-08-28 22:29:10,needs improvement !,2
2016-08-26 19:04:06,"Doesn't work half the time, have to reinstall then you lose all your information.",2
2016-08-26 18:21:53,Froze often and sound was not synced with movie due to the freezes. I never got it to work during my 8 hour flight.,1
2016-08-25 11:29:01,"9 out of 10 times I can't mobile check in, the app crashes often and lags.",1
2016-08-22 12:47:51,This App has all the ideas right it is just the execution that is a little off.  It should not vibrate every time I click something within the App.  I also keep running into a technical issue that keeps me from looking up flights.  I have booked all my recent flight through this App but the last big update killed it for me.  Hopefully things will get fixed and I will be back to booking flight with the App again.,1
2016-08-21 20:08:51,One of the best  GUI I've seen in a while. GREAT JOB!!!,5
2016-08-20 02:55:38,"This is a massive step backwards for Air Canada. This app's language features were a mess, it displayed only the top half of the video stream when it worked, and it crashed constantly. Even if the app had worked, holding my phone up with one arm for an entire movie is not my idea of comfort. AC also failed to inform me of the required app prior to boarding... pathetic service.",1
2016-08-19 09:17:28,"Let me watch a movie on the way to Vegas, on the way back it told me I needed to download the media player to watch movies.  It also crashed 4 times when I was trying to check in, had to use my computer instead.",1
2016-08-19 03:07:49,"I hit my data cap this month and thought, maybe I just used too much...Then I looked at the actual usage and saw that this app ate up 420 mb of ""background"" data.  Funny thing is that I haven't flown on air Canada for several months now, and haven't even opened the app, at least not on purpose.  I sent an email to the app maker, and got no response.  This is ridiculous and really unacceptable for an app from such a large corp.  So beware if you have this app on your device,",1
2016-08-18 23:51:35,I dont need this app to autostart and be constantly running in the background. I only need it when I need it - and I'm fully capable of starting it on my own.  I only found out it was doing this when I got an alert about my data usage.,1
2016-08-18 08:35:06,"Useful for fast checkin, but the app has used over 500mb in data in 15 days! What can it possibly do to consume that much data?!? I'm using it at most 2 times a week, and it hogs all my data.  Please fix this, it doesn't make sense.",2
2016-08-17 13:35:14,"The app just all around sucks on Android, but nothing you can do about it",1
2016-08-16 00:56:53,"Bullshit system to begin with, and mine didn't work.  I won't be flying Air Canada again large in part because of this fiasco.  I certainly hope someone got fired for his blunder.",1
2016-08-13 23:29:38,I wait 8 hours to went home,1
2016-08-13 20:48:09,Only iOS!? Wow as myself and family have 3 Android users this is very poor. This coupled with their tiny planes means I'll never fly Air Canada Rouge again. Avoid.,1
2016-08-13 00:11:02,There's no justification why this app is so big it's terrible programming someone should be embarrassed. Typical Air Canada.,1
2016-08-11 23:56:29,Every search halts with a technical error. I have yet to be able to successfully search for a flight.,1
2016-08-11 22:49:21,I have been using this app all week and it is not working at all!! So disappointed but I was forced to update it. The old system was much better. This one keeps bring me to an error page. I've already checked in and paid baggage fees yet it has not given me my boarding passes. It's just wants me to keep checking in over and over again. Now I will have to stand in line for checkin at 5am! What happened to this being an easy app like before the update!!!,1
2016-08-11 21:49:16,Can't check in with my galaxy note 4,1
2016-08-11 17:17:07,I downloaded this just do I could watch the in flight movie. Never touched it again. Found out later it was eating up hundreds of mb of my data plan just lurking in the background.,1
2016-08-11 11:20:00,"Why publish an app that's inconsistently functional with many glitches, certainly would want to fly in a plane this unpredictable!",1
2016-08-11 11:15:48,"99% of the reason I have this app is to check in to flights early. I have *never* been able to successfully do that using this program. Every time I attempt to complete my check in presented with a page titled ""Delayed and Cancelled Flights"", with a 404 error listed below. This thing is utter garbage, and totally representative of my experience with all of Air Canada's software.",1
2016-08-10 18:49:10,In the background this app managed to use up 375mb. In 15 days.,1
2016-08-10 17:44:55,I can't book a flight .-. What's the point if I can't book through flight I want,1
2016-08-10 17:38:14,"I finally was able to check in for my flight after ten minutes of ""we're sorry the page you're looking for cannot be found"" or redirecting me to a ""delayed or cancelled flight"" message.  After I checked in, the app still gives me the option of checking in, with nothing to show that I've already checked in. I thought Air Canada couldn't get any worse, and then I used this app.",1
2016-08-10 16:14:00,I was recently on a flight from Montreal to Las Vegas and had no form of entertainment. The flight attendants tried their best to help but several of is with Androids couldn't get service on the app very disappointing. We had to rent ipads. I would not fly with them again.,1
2016-08-10 15:12:06,"This app should not have been released,  I constantly get error messages when trying to update information or to check in.",2
2016-08-09 20:00:16,"So this app requests access to camera, media, gps, contacts, email and more.  It is literally every single permission they could request.  As a result it can spy and gather data.  I'm not saying it does, but it won't prompt again if it wanted to say upload every contact, email, and sms message to their server. Going to check on this flight if forcing off the permissions will break it. UPDATE: forcing off permissions didn't break app.  Had to leave storage permission for Rouge player but that makes sense.",2
2016-08-09 17:23:28,The air Canada app used about 200mb of data over the last 2 weeks. I haven't opened the app. The data usage has all been in the background. What's it doing?  Deleted the app.,1
2016-08-09 17:00:56,"Tried the app when it first came out years ago. It constantly failed. Uninstalled. Recently installed to see how the app has matured. Was initially impressed. It's now linked to flight data. It's easy to go through the check-in process, add all you information, but you get to the end of the check-in... and get a ""page not found error."" So, not only do you not complete check-in but you mess up your ticket (because you're almost done) and have to talk to an agent. Uninstalled. I'll try again in a few years.",1
2016-08-09 10:27:54,Run away.  After been forced to 'upgrade'on ACs new Web and mobile platforms I'm no longer able to check in on either.  The app keeps trying to CHANGE my flight and rejecting a credit card I'm not entering (just trying to retrieve my flight to check in and not trying to change anything!) and then I have to close and reset.  Their web platform seems to have been coded by my grandpa and keeps spitting out syntax errors for missing style sheets. Im astounded this is happening with such a large company. 0 stars,1
2016-08-08 09:59:23,On,5
2016-08-07 23:11:40,This is sad. The app experiences some technical difficulties with retrieving a booking. I was expecting at least that to work. What's the point of this app if it can't even do the simplest of tasks. Big fail.,1
2016-08-07 20:32:57,"It would be good if the flight crew could notify you before reaching the departure lounge that, to watch movies on the flight, you have to download the app. I was very disappointed with my 8 hour flight as there were no screens on the backs of the seats and we weren't told, until we were about to board, that to watch movies etc you had to download the app.",4
2016-08-07 08:17:25,"Checked in online and then got the app to get the boarding pass stored within the app for extra security (like I do with Easyjet all the time). Went through entire check in procedure AGAIN (because it kept failing to find my booking by its reference), only to be told right at the end that ""mobile check in is not available at this time"". Quite an amateur app, doesn't seem very well thought out. As soon as I created an account it should've recognised me and had my boarding pass already waiting!",1
2016-08-06 14:19:54,"Tried to check in several times. Part way through the check in kept getting a page not found error. Not sure if this is the app or their site, but I don't see the value of the app at this time.",2
2016-08-05 14:34:05,I wish I could give this useless POS a negative number. This is the most user unfriendly app I have ever tried to use. Back to the drawing board Air Canada!,1
2016-08-05 02:10:15,"So buggy. Tried to check in and after going from one page to another I kept getting a page that said ""this page cannot be found"" and had to leave the check in section and start all over again. After the 10th time I had no choice but going directly to their website to check in and printed my boarding pass. This APP is so useless when checking in.",2
2016-08-04 09:32:35,Can not travel with children with this app. Why does the background image take up half the screen? Too many overlapping notifications.,1
2016-08-03 18:27:29,"The in flight entertainment doesn't work. Get a message that the app has stopped working every single time I use it. Have 1 more flight on Air Canada rouge, going to try it again, but if it doesn't work I will rate the app a 1.",2
2016-08-02 13:38:06,"The app always redirects me to an unrelated page and making me have to do the check in process from the begining each time. Very frustrating. Another annoying part about the app is how it is not a mobile experience, just the webpage accessed through the app.",1
2016-08-01 11:31:10,"Don't have 30 seconds to put in information, app continually times out. Then again so did non mobile options. Terrible service and communication methods. Won't use air Canada again, don't even get a sandwich for a 5 hour flight",1
2016-08-01 03:45:11,In concept the app is decent but has too many bugs to be worth using at the moment. I will uninstal until the bugs are fixed. Often unable to process check ins and when you do check in I get bombarded with 20 or more check in notifications that are unnecessary.,1
2016-07-31 21:47:49,Take ages and loads of data.. won't load,1
2016-07-31 16:45:02,"Great idea and would be convenient, but still some bugs to work out. 1. Unable to select passengers to check-in. 2. Unable to print boarding pass directly from the app. 3. Electronic boarding passes have to be sent to different email addresses for each passenger so I had to send my child's boarding pass to my husband and he forwarded it to me. Ended up uninstalling app so I could use the website to check in with far less hassel.",2
2016-07-30 22:12:38,How do use the rouge player,4
2016-07-30 04:45:44,"Even if you accidentally stop a movie or the app,  you must go back to the start and sit through all the advertisements all over again.  And no capability to fast forward through them. Very frustrating. More anguish than what it's worth.",2
2016-07-30 04:09:41,"Edit: Just used the app to check in which directed me to a ""sorry page not found"" numerous times but did eventually let me check in. I can only view my boarding pass, I cannot view my partners... How is that helpful? Original: Can't sign in on here but can on desktop PC. Tried resetting password but the button appears to be broken and takes you back to the sign in page when it's pressed. Vibrates when just scrolling, also pressing most buttons results in an annoying double vibrate. Needs a bit of polish..",2
2016-07-29 02:19:32,"Have tried to use this app twice to check in for code share flights. Extremely buggy, pretty frustrating, *just* barely works.",2
2016-07-26 14:54:47,"Bloody useless. No matter what I tried, got error message. Will uninstall now",1
2016-07-24 07:28:17,Tried 3 times to download and it took too long and didn't download,1
2016-07-22 23:29:55,Too many bugs trying to check in.  Constantly had to start over.,2
2016-07-22 20:29:02,Air Canada n'a pas accepté la boarding pass de ma Moto 360 à FT Lauderdale. J'ai du en faire imprimer une...... perte de temps...,2
2016-07-22 16:22:52,Keeps telling me to update,1
2016-07-21 07:36:01,really bad,1
2016-07-20 16:26:46,Makes flying so much easier than email boarding passes and Web checkin thanks,5
2016-07-18 15:14:29,Doesn't download and just eats up your data!,1
2016-07-16 12:51:06,I like the new interface and features. Just need support for Samsung Gear S2 and it would be perfect. Other international airlines offer it.,4
2016-07-15 04:22:07,No coment,1
2016-07-10 12:48:59,"I  can't even pick my seats on the app, that's the main reason I downloaded the app so I could do it while out and didn't have to go on my laptop.",3
2016-07-09 22:04:33,"The only thing I absolutely hate, is that you cannot do a change of flight online if you book from the app, you have to phone in, and wait forever, and I'm elite and I still have to wait along time, I couldn't imagine the average Joe.",3
2016-07-05 13:37:30,Awesome,5
2016-07-03 21:01:32,fukkof,1
2016-06-29 15:18:55,Very fluid and well designed.  Would love the option to change my email.   My current one is an older account.,5
2016-06-29 12:10:36,Better and improved,5
2016-06-27 12:50:35,"Horrible app, doesn't let me log in or add existing flights.",1
2016-06-26 10:48:33,"You cannot use this if you are traveling with infants, and trying to print after you used this forced me to use different sheets of paper for each flight.  (Vs using the webpage which printed all 3 flights as one document)",2
2016-06-22 00:39:01,Good,3
2016-06-21 09:03:56,8 notifications at once to let me know my gate(literally). Excessive,3
2016-06-19 04:13:31,"When I try to purchase tickets from the app, it gives an error. I can't purchase tickets.",2
2016-06-18 20:37:07,"Great app, it is a grateful companion for my travels. Fast and efficient.",5
2016-06-17 23:49:25,What's  going on !!!! It won't accept my email  and password tells me it's invalid even when u send me a new reset very frustrating,2
2016-06-17 07:56:36,"Travelling as a party of 2 with the same booking number, it would only let us use one boarding pass, it was impossible to pull up the other. We had to leave security and go all the way back to the check in. Way more of an inconvenience than just using paper.",2
2016-06-16 10:46:37,Just received 12 notifications (6 boarding pass updates and 6 flight status updates) because my plane flight later today changed gates that is just a touch excessive...,3
2016-06-16 09:12:18,Really like the new design and functionality of the new air canada app it makes storing and managing flight information much easier,5
2016-06-16 04:34:05,Very well designed app.,5
2016-06-15 06:32:58,I really liked passbook in iOS which Android doesn't have the new app really makes up for some of that with the new layout of the boarding passes. No need to download the images off your browser.                                 But the only thing is it doesn't stay in ur notifications once you click on it it would be nice if it was permanent notification so when your phone is off it goes straight to the boarding pass,4
2016-06-14 06:53:47,"Great app but one feature would be very useful; when viewing boarding pass, the screen brightness should automatically go to the max. If it's not, scanners have trouble reading the barcode.",4
2016-06-13 19:16:10,"Better than last version, however every time I get a notification from the app telling me about my flight boarding, gate change, etc, I get the same notification about 5-10 times. It is extremely irritating.",2
2016-06-13 18:24:01,"After suffering attempts to use multiple versions, I give up. This is a useless piece of crap. It never logs in. Support staff are friendly but didn't accomplish anything positive either.",1
2016-06-12 08:20:51,Loved it,5
2016-06-10 11:59:49,"App seems okay but it's infuriating that I can't sign in. The email and the password are correct, I've checked numerous times.",3
2016-06-08 16:07:27,Huge difference between this and the old one... kudos,5
2016-06-08 11:47:03,Every time I  open the app it tells me to download the new version. Well I've done it over a dozen times. What is the solution?,2
2016-06-04 13:08:50,Won't download really slow,1
2016-06-03 09:36:13,"Great app, except for the 8 notifications that are received prior to flights. Only one is required!!!! Especially at 0330 in the morning...very annoying!!!",3
2016-05-27 17:32:28,will not load or let me book a flight,1
2016-05-27 11:21:26,"I like having my flights tracked and my boarding pass available offline. Unfortunately the video player doesn't work on  my  S3 and the electronic boarding pass feature didn't handle my overnight connection, forcing me to check in again in person for the second leg of my flight.",2
2016-05-26 22:10:04,The app is great except that I get four redundant notifications for everything. It gets a bit irritating.,4
2016-05-26 04:41:25,When trying to find flights it always comes back with Lost data or wifi connection even with a full signal for both. Why do you need another logon id and password to remember?Should be able to use same login as web site.,2
2016-05-26 00:40:18,Crashes whenever a button is tapped.,1
2016-05-25 21:11:53,"Extremely buggy. Many features don't work. Seat selection does not show wing locations.  However... the development team is very responsive and helpful, and open to feedback! I expect this app will improve quickly over time.",3
2016-05-25 01:19:01,"Just when I thought they finally got something right, they still managed to surprise me",2
2016-05-25 00:41:38,"Just installed and reinstalled the app but I can't log in or even search for a flight, an error message keeps popping up. Also not sure why I need different logins - for the mobile app vs the website. 2 stars since the app looks good.. if only it worked.",2
2016-05-22 19:15:20,"Someone complained about getting 4 notifications for the same event... I just got 8, *lol* fer real?? Anyway, the app loses a star for not being able to confirm meal requests on transatlantic flights (I had to walk all over YUL to find a customer service agent), and for not offering a quick list of all booked flights before online check-in.",4
2016-05-20 15:48:30,+ good app to manage my flights // - for spamming me with the same notification 12 in a matter of seconds Every time there's an update,3
2016-05-20 10:12:02,Awesome!!!,5
2016-05-18 17:39:59,"I get four notifications back to back for every single notification that sends through. Also, it seems very unnecessary to have to create a separate Mobile account from your frequent-flyer number account.",2
2016-05-16 13:49:58,Some fields do not display correctly on screen,3
2016-05-15 02:06:48,Before the update I could add my boarding passes to the Pass2U app. Clicking on the link in the sms text only opens the boarding pass in the air canada and not in Pass2U. Can no longer access my boarding passes offline or after the completion of my flight.,1
2016-05-10 17:36:25,The field for my Trusted Traveller # insists on a min. of 1 letter & as a Nexus member we're advised to use our ID # which has no letters. Please correct this error on your app & website.  UPDATE: you noted this would be fixed in your April release. Have you done that?,3
2016-05-04 15:31:10,"Probably not. When you fly a couple times a week it gets annoying having a collection of notifications (usually 6 - 10) that are all identical, all delivered at the same time. Especially when they show up 4 hours in advance, including at 4AM. Otherwise the app works near flawlessly...",3
2016-04-24 14:58:20,"Up to now, I have never been able to check in to any of my flights with this app or through the web check in as I travel to the US on a regular basis and both the app and web checkin cannot complete. I've tried after the allowed 24 hrs for the last flight on the leg as well as 2 hours prior to the flight with no success.Although I've been an Aeroplan member for 20 years, I'll fly partner airlines whenever I can simply for the ability to check in online or via their app. Please fix ....",1
2016-04-24 09:23:20,"I activated my account then the password reset did not work. The password would not get accepted when I press submit, I had to delete characters for it to submit. When completed, I got the email confirmation but could still not log in. Tried 3 times.",1
2016-04-22 18:06:33,Worthless if you book your flights on the net with other than Kayak or A.C.,1
2016-04-19 14:46:48,Can't link aeroplan card to app,3
2016-04-19 06:43:58,"This new Air Canada app is a great improvement over the old app. Still a couple rough spots, but overall the newer features make it very practical. Actually having your boarding pass accessible through the app (even while offline) is great compared to the old online check-ins where you had to then navigate to a URL to display it. No more worrying about lack of Wi-Fi or cell coverage to get your boarding pass!",5
2016-04-10 14:59:13,"So far so good great app, especially that it can be linked to Aeroplan.  On question though ""how do I change my email address, that is used to sign in.",4
2016-04-09 04:12:52,Works very good and a must have.,5
2016-04-07 19:28:01,"I try to sign in to my a/c however the app say my password was not correct, so I try to reset password by email since 2:00pm.  Right now is 7:00pm I still did not receive any reset password email from air canada.  I did check my spam mails.",2
2016-04-07 00:17:17,Absolutely disgusting that this app is even available.  Nothing works.  Don't bother.,1
2016-04-06 17:12:36,"Why does it make me download a brand new app instead of simply updating the existing one? I need to manually uninstall the old one, which is annoying.",3
2016-04-05 15:46:24,Good job AC.,4
2016-04-05 14:26:37,Uninstalled because it has no multi city option,2
2016-04-05 00:21:24,The website logs you in with your aeroplan number yet the app insists on using an email. Then when you try to link your aeroplan number it fails.,3
2016-04-04 18:50:52,This app is garbage! It wont let me set up and account. When emails are sent out to reset my password the links dont work and you can only reset from a mobile device. In addition to that the on board rouge player doesnt have the same media selection as the iPads that can be rented. Not impressed at all especially with an app that constantly requires updates.,1
2016-04-04 10:45:51,"I like the app, but even with all notifications turned off I am continually spammed with push messages about flight status, arrivals etc. For a person that flies twice a week at least, that's pretty annoying. Would be great if disabling notifications actually worked.",3
2016-03-31 19:51:21,I don't have a fn iPad.  I have a windows laptop,1
2016-03-31 13:05:09,What a huge improvement from the previous app. Great job AC!,5
2016-03-30 23:34:24,"Everytime I open the app it sends me back to the app store to ""download"" it even though it's completely updated.",2
2016-03-29 10:50:53,For some reason I can't see my upcoming flight anymore.  Used to be I could open the app and it was on my front screen. Now I can't even search for it without an error.,1
2016-03-26 17:35:13,I get sent 20-30 of the same notifications every time I receive one.  The new app is a big improvement if it is working properly...but it is not.,2
2016-03-25 20:37:34,I  can not sign in.,1
2016-03-25 15:05:54,I haven't even opened the app yet,1
2016-03-24 13:59:28,"New app won't let me add my flights,  keep getting errors that I have to submit to technical support.  It's been months of trying and nothing has changed.    New app doesn't work please go back to old which was great!",1
2016-03-24 13:14:48,"Says there's an error when showing my flights, please fix",2
2016-03-21 17:27:31,New app is better,5
2016-03-20 21:12:58,Does not install. By uninstalling all prior trips are lost.  Not user friendly.,1
2016-03-20 11:49:58,Doesn't let me see my current trips anymore so it's usefulness has been downgraded for me.,3
2016-03-19 20:07:36,It is hard to use that includes retrieving your itinerary.,1
2016-03-18 18:06:08,This app is too slow..website is faster. Needs improvement.,2
2016-03-18 01:31:23,This app is so good. I used it to book my latest tickets. It's easier to use than the website!!!,5
2016-03-17 22:29:56,Why does it need access to everything pretty much??? And why so large???  I removed it right away.,1
2016-03-16 16:43:52,Much better than the previous app,5
2016-03-13 18:59:18,Finally a leading edge airline App,5
2016-03-13 16:28:52,Can you watch movies on the plane like in the apple version?,3
2016-03-09 16:26:52,"I don't know if it was the old app was so bad or the new is so good, but I just buzzed through checkin in record time. Keep going guys, this is awesome. Having the same lady on the page there watching me is a little creepy.",4
2016-03-05 16:23:19,Fab,5
2016-03-04 20:37:35,Locked up while inputting second travelers passport info.,1
2016-03-04 12:12:08,Absolutely beautiful. So much better than the old app.,5
2016-03-03 20:41:59,Flew AC and never took my phone out. I was able to use Android wear throughout my entire journey. Electronic check-in is a breeze as well.,5
2016-03-03 19:31:09,Wanted to use this instead of printing boarding pass but it fails to open the pass when using the Air Canada email link,2
2016-03-03 12:28:32,"I can't see any flights I've booked and the homepage doesn't update with upcoming trips, so I can't see flight status without looking up the flight number",2
2016-03-02 21:02:58,"One of the best working apps I have come across (using about 200 apps). Has way more features than other airline apps (incl.Westjet), log in, joining with Aeroplan, retrieving my bookings, selecting seats and more, all very smooth, no issue. Sick and tired of reading 1-2 stars smartphone illiterate people, who don't know how to use ordinary app, shouldn't be allowed to own any smartphone and should return it to a store. Very good job Air Canada app developers :)",5
2016-03-02 19:07:37,I constantly try and use the features of this app and it crashes so often.,1
2016-02-29 23:54:09,"It is ok if you don't travel with pets as you have to call in and be on hold. Also, being a privileged credit card holder you don't pay for the first bag so I can't say when I boom in that I do have luggage. But I now have to meet someone at the airport to say I do have one bag but as a privilege credit card holder I am allowed this bag. So the staff need to re check, validate and then add my bag. I have the app but not pet friendly nor privilege credit card friendly. Needs to be updated.",3
2016-02-27 12:41:18,"Not sure what's happening, but when I am given a list of flights I expect to be able to purchase.  This app seems to only show unavailable flights.  Total waste of time.",1
2016-02-25 08:50:22,"Installed this to access in-flight entertainment on Rouge flights, which don't have built-in TVs. Videos would not load on either my Nexus 6P or my wife's ZenFone 2 on either of our flights. The app is slow to load and use. On top of that, having built-in screens is way better for young children who can accidentally trigger touches on phones or tablets. Also, the app has no map or distance information, which was one of the best things about the other entertainment systems. Waste of time and of 50MB of data to download the app.",1
2016-02-24 21:44:38,Ok,5
2016-02-24 21:26:45,Can't check it. Errors out. Dam it,1
2016-02-24 18:58:14,"So frustrating.  installed the app, went through the lengthy sign-up process.  After giving all info, (why this app needs anything more than my aeroplan # and password is beyond me) the app promptly forgot about me and prompted me to create a profile - again.   I then find that the app has suspended my newly created account for too many login attempts.  I haven't (other than creating the profile) ever tried to log in.  For a large company to release this app and have it be this bad, after the horrible first version is just sad.  Was there any QC on this app?  LG G4.  Also, please get rid of creepy-smiley girl on the welcome page.  I honestly don't want to stare at her every time I open the app - uncanny valley something something.",1
2016-02-24 09:30:25,"This app has all I need and more. I can book what I need, I have reminders, it's fantastic!",5
2016-02-23 13:25:32,"Downloaded it to do my flight checking.  Did recognize the booking, London is aparently not seen as a Canadian city. I could not check in online. The app has nothing to offer, waste of time and data",1
2016-02-21 12:47:53,"Not sure how out actually works, as it's downloading now for the second time over my phone data, at the airport where I have to have it. Old version wouldn't work and new didn't remove old old. I then deleted the wrong one!  Wouldn't have happened with either an update or new version deleted old one when installing.",2
2016-02-20 21:02:57,"Much better than the previous app. However, list your prices in the currency of the customer's residency as you do on the main site. Also, why is the login process and account not the same as the main site? Also, I want to see your special offers in the app too, including your vacation packages. What about price alerts?",3
2016-02-18 17:47:04,Have to install every time I use it,2
2016-02-17 23:36:23,This new app is orders of magnitude better than the last one. Working great on my phone and tablet.,5
2016-02-17 20:57:34,No app for plane.,1
2016-02-17 18:26:44,Absolutely useless for me. Couldn't check in while in California nor in Canada. Uninstalled,1
2016-02-16 01:28:42,Front page is supposed to be a air canada logo instead of lady.,2
2016-02-15 09:25:55,"Was really happy to switch to an Android device and use this app.  Easy booking and adds to your calendar.  All was good until i had to change a booking.  Apparently, when you book with the app you have to call the 1800 number to make any changes or to cancel a flight.  Are you kidding me! Can view on ac website but again need to call to make any changes.",2
2016-02-15 01:30:20,Air canada rouge suck my balls,1
2016-02-14 19:37:28,The link on the email to reset does not work. Created a new account and i have the same issue.,1
2016-02-14 17:20:00,"As many have commented, resetting the password is challenging but finally worked after numerous attempts. The app doesn't know when I've already checked in for a flight and begins walking me down the checkin again vs just showing my boarding pass. Why download a new app vs using version control to remove or over write the old app?",2
2016-02-14 16:02:57,Ugh. You would think it would cache some details instead of pulling every thing from the interwebs!,3
2016-02-13 19:23:28,It cannot find and link aeroplan and elite status accounts.,2
2016-02-13 10:56:15,Can't check in at all. I can only see if flights are on time. Not a good app. You are better to go right to the site and deal with everything there.,1
2016-02-12 20:27:30,"This app has been extremely frustrating and disappointing.  Much like an earlier post, error message received when entering booking reference.  Had hoped to sign up for flight notifications as suggested were available.",2
2016-02-12 18:52:48,"If this app did what is says it could it would be a 10 stars. However, it is slow to load and often difficult to navigate.  If you are patient and can understand what is happening it is a good app. If you are less tech savy, then leave it behind and use their mobile site.",3
2016-02-12 18:15:00,"Hi,   I tried to retrieve my booking through your app--and I got the following error:   TypeError: Cannot read property 'bookinginfo' of undefined.",3
2016-02-11 23:24:55,It was far better before it was improved.,1
2016-02-11 20:35:18,Can't remember my password but keep getting error 102.  How hard is it to email a password reset?,1
2016-02-11 09:51:39,Much improved over last app.,4
2016-02-09 19:23:30,"I keep on trying to add a meal voucher to my flight but it isn't working, I thought the update would fix it but I guess not",3
2016-02-08 14:51:39,"Booking function is crap. Checking for rates from YVR to SFO, YVR to LAX or anywhere. Keeps just processing and after minutes says ERROR.",1
2016-02-08 12:53:11,I'm flying AC Rouge and am connecting with my phone to stream. The app works well but how can there be no plug-ins in my seat to charge my device while using the app in flight? That makes no sense to me.,3
2016-02-06 22:11:46,I have experienced many problems with this app.  Like not being able to find my flight booking made through the web site.  Just use the web site.,1
2016-02-06 16:10:46,"It never retrieves my bookings from my reference number, I cannot link my Aeroplan account and getting it to find my boarding pass is easy more difficult then any other airline application I have used.   I am a frequent traveler and have used many airlines applications.   Air Canada can learn s few things from their European star alliance partners.",1
2016-02-05 19:27:54,"Air Canada has made some great improvements to its app for Android, but it remains one of the most unstable apps on my phone. Had difficulty connecting and logging into to AC Mobile+ first, with the most cryptic error messages imaginable.   Then once it finally connected and logged in, I couldn't link my Aeroplan account or Altitude Elite card to the app. After playing around for 30 minutes confirming my information over and over, I finally changed my Aeroplan/Altitude password. All of a sudden, the problem went away even though both my old password and the new one met all the criteria laid out by Aeroplan and Air Canada. Again, the error messages during the attempts to log in were in no way helpful, and it just got a lucky and guessed at trying a password change.  I really want to love this app because it's such a huge improvement over the last one, but given how bad the previous offering on Android was I suppose it's no surprise this one is still incredibly buggy.",3
2016-02-05 18:09:12,"Absolutely does NOT work with my S6.  Can't check in, can't access bookings, crashes, doesn't respond. Why should I be surprised when AC website is equally appalling. And yet I still choose to fly with them. Shame on me.",1
2016-02-05 14:58:00,"Cannot create profile, log in, check in. Does absolutley nothing. Do not waste your time",1
2016-02-05 09:17:06,"Every time I reopen the app, it forces me to download a new version which I did. Please fix this nuisance.",2
2016-02-04 15:09:42,I can't download it on my Samsung S5???   And i cant access my old app...???,1
2016-02-03 23:54:49,Not sure what the app was doing in the background after the flight but it sucked up my entire 50 MB travel data allocation in 1 day. Otherwise the app is pretty solid. Could be useful if they can throttle back the data usage.,2
2016-02-03 19:37:55,"Used to work, now it just gets hung up whenever I try to check in.",2
2016-02-01 23:28:39,"This new app is quite usable but still has a lot of rough edges. It's just strange that reservations you make in the app can't be managed on the AC web site, for example.",3
2016-02-01 23:02:44,Now while do I have to tell you which flights I am on?  and can't we do upgrade by points?,3
2016-01-30 19:37:35,"Won't recognize my accounts,  yet I use the same credentials in my browser no problem..... feedback below worked. My pass was 11 characters..  thanks.",3
2016-01-30 16:31:36,No hassles.,4
2016-01-30 16:27:19,Every time I click on the app on my phone it makes me redownload it again,1
2016-01-30 16:03:27,"Why do u need my access to my contacts, camera and files and and and.... Make an app that respects your customers' privacy and I'll download it",1
2016-01-29 07:59:26,"Very slick,  works great.  Kudos!",5
2016-01-29 07:16:54,Everything works seamlessly and has a nice google card style flow to it. Very happy. What I can do without is that flight attending peering into my soul every time log in. Not sure what she did to merit 50% of home screen real estate.,5
2016-01-26 16:03:40,I fly almost exclusively Air Canada. Around 100 flights per year. The previous iteration of this app was an embarrassment. Good job with this improvement folks. The calendar integration is great. Things seem to work well so far. Hope the notifications and updates are as expected.,4
2016-01-25 20:05:03,This app really facilitates travel great job!  Not sure about the lady's face though.. still great app! !.,5
2016-01-24 11:34:10,Love it... awsm AC has done good job the business class that their is no wards to say morw about air canda I just love it...,5
2016-01-24 10:13:17,App shows I need upgrade after upgrading. Will not open properly.,1
2016-01-24 08:00:50,Obviously a lot of time was spent on this app to make it look so good and so user friendly!,5
2016-01-23 19:53:34,"For no apparent reason it's always responsible for 5%-9% of battery usage assuming you don't go into the app... Goes ip from there.  Having said that,  I install it while I travel for easier check in and boarding pass access.",2
2016-01-21 15:23:29,I'm trying to delete this and I can't.   Help!,1
2016-01-20 08:29:55,"The response below fixed my issue, app works great an has some excellent features. I LIKE IT.                                                            Every time I get an update for this app something does not work. I downloaded the latest update before going on my trip and every time I go into the app it says there is a new version to download so I have to hit download which then takes me to the play store where I need to select open. Then the app launches. Once in the app works well.",4
2016-01-19 21:14:32,"So much easier,I am so happy with the upgrade. Way to go!",5
2016-01-19 00:46:17,This is way smoother and easier to use. I love it!!!,5
2016-01-18 13:22:46,Much better app!  Actually runs smoothly and way faster than before.  Well done.,4
2016-01-17 10:53:11,"A joy to use,but can't get out,of the app",5
2016-01-17 09:18:25,"Wow Air Canada, finally ! This is a huge step forward and really makes the app a must have for travels. Good work !",4
2016-01-16 07:39:52,Not much use when it can't retrieve your flight booking. Usual clunky semi-useful Air Canada app.,2
2016-01-15 22:34:17,"Really good app, super easy, well done. Thanks",5
2016-01-15 19:25:15,"Finally a very good app with many useful utils, e. g. Check in, boarding pass, etc. It seems that it can't take my linked aeroplane number when i check in. Also it would be better if it can retrieve my trips using my aeroplane number instead of asking me to  add them.",4
2016-01-15 15:51:20,Absolutely great updating! Everything is great only except one question. Why can't I link my aeroplan? May I get the help soon?,4
2016-01-13 21:27:50,This app bears NO RESEMBLANCE to the older one. Finally...an app that represents the flag carrier of Canada properly! The only thing I can say is that I wish it were done sooner!,5
2016-01-13 12:07:03,Horrible experience,2
2016-01-12 20:48:03,Just not working,1
2016-01-12 15:10:03,"The most important thing I use this app for is flight status, and they do a terrible job at updating it to make it useful.",2
2016-01-12 11:21:23,Love the app...doesn't recognize my aeroplan account for some reason...even though I'm able to log into aeroplan direct with my account. Bug?,5
2016-01-11 06:21:07,Why is the app requesting a download each time I use it. Samsung Galaxy Note 5.,3
2016-01-11 05:20:42,AC you did a awesome job. finally I can say I love it. will see how it works next week when I check in over the app. 😃 update: I've tried to get in to the travel options but it don't work. it asks for the last 4 digit and exp date at the date of booking. this Infos has expired in October. the Infos I provide are correct but it is saying there are wrong. Update II: sometimes I can't understand why ppl down rate a app just of there own stupidity. rating a app down just because of the look. ppl get real.,5
2016-01-10 21:23:50,Loved it☺,5
2016-01-10 17:44:31,"Claims email is already registered.  But when I ask to reset password, says email is not registered.  Catch 22.",1
2016-01-10 12:55:00,"Thanks, and finally. Needs a few more features but it's almost there. Should have been out years ago. Minus a star for the wait and how terrible the previous app was for so long as air Canada ignored all their customers who didn't have ios.",4
2016-01-10 07:07:58,Does NOTHING that it says it does. You can look up your booking by reference number but thats all. Cant check in or access Boarding pass,1
2016-01-09 22:11:45,The 777 200ER is an airplane computer system on board in 1930 Air Canada dc3 to dc 10 and Boeing 707 to 787 then Airbus a300 to 340,5
2016-01-09 08:51:27,Every time I open the app it tells me there is an update but I already have it.,2
2016-01-08 18:44:50,I fly with Air Canada often and it is nice to see that they finally have an app that has real functionality.,4
2016-01-05 22:49:11,"Very intuitive, a great travel tool. Kudos!",5
2016-01-04 23:55:06,"I'm writing this from the hospital. The release of an android app with actual functionality left me in shock! Well at least they achieved it before 2016.  It's a good try. Needs some work, but the biggest problem is the person on the home screen. Get rid of that! I don't want to stare at someone every time I open my app. Total waste of screen space.  Update: Ok, you plan to rotate the imagery.. but it's still wasted space.",3
2016-01-04 19:10:14,So much more functional than the previous version. Still some bugs. I find it freezes up when adding sms notifications to bookings.,4
2016-01-03 19:17:33,CANT WAIT TO USE IT!!!!!!!  I can see it get better than the last app. love the graphic !! keep doing good! looking forward to fly asap!!,4
2015-12-31 16:00:53,Is this the in flight entertainment app,4
2015-12-31 10:17:35,I tried this for a family of 5 and it won't let me do anything it says I have to call.,1
2015-12-29 14:39:03,Nice looking and easy to use. One of a few apps I am going to keep on my android phone.,5
2015-12-29 10:02:11,"Am I to only travel one way with my luggage? Already crammed like sardines , more $ more $..... Not a very good description of fees.",1
2015-12-28 13:44:09,Thanks for fixing the crashing issues. Much better interface. 😊,4
2015-12-28 10:40:23,"50MB and needs access to pretty much every aspect of my phone? Slow, and too many screens to click through. No better than the website, so kind of pointless to have for me.",2
2015-12-27 22:50:42,"Not very useful for non Canadians, doesn't do anything the website can't. Worst of all is it made me go through check in procedures twice ( doing the airlines job for them) to then display a screen saying the check in feature was not available at this time.",2
2015-12-27 14:59:55,"Same air Canada complexity. Aeroplan is another,  overly ponderous, poorly laid out app.  Maybe both companies should look at other apps from Alliance members, slick and easy, for not very smart people, like me.K.I.S.S works for horse shoes and hand grenades.",2
2015-12-25 22:24:46,Nice upgrade over beta,4
2015-12-24 23:31:35,"Every time I try to watch a movie on the app using my samsung galaxy tab2, it wouldn't play!! But the trailers did!? I don't know what happened?? I spent half of my flight trying to fix it.",2
2015-12-24 12:56:29,Took long enough,5
2015-12-24 09:22:57,Only issue is that if you have a 6 segment trip only first 4 segments show up !!!,4
2015-12-24 04:21:33,"It remembers bookings when offline.  Great!  :). I notice some minor issuses, mostly when using my Asus Zenpad S 8.0. I have emailed the issues to suppoirt.",5
2015-12-24 01:34:20,"Downloaded to app primarily to be able to find out if flights are on time, unfortunately it only tells you the flight is on time (even when it's delayed).  The app and the AC website no longer give accurate arrival information. Makes it very hard to coordinate picking someone up from the airport if you don't know what time their flight is getting in.",2
2015-12-23 08:39:14,The mobile check in application is unavailable at this time... Another fine example of just how crap Air Canada are!,1
2015-12-22 19:21:59,"Such a loooong wait for an android app, but it's finally here. It looks great.",5
2015-12-22 16:33:07,"While I can sign in on my laptop successfully , the app keeps looking for my profile on my phone . On top of that, without opening it,  the battery consumption shows 10% allocated to the air Canada app. Add on: certainly, Signing in with aeroplan credentials should be the same.  It is sad to see the developer blaming the user.  Also for the battery drain... I make sure of the facts before making a statement. What a way to go to treat your 75k or 100K customers.",1
2015-12-22 11:46:57,It has asked me to check in to my flight 3 times now since I did. Plus when I asked for it to be sent via sms I still haven't received the text 3 hrs later.,2
2015-12-22 01:06:53,"easy to use. As an improvement, should be able to retrieve bookings from other Star Alliance partners and track them.",4
2015-12-21 22:56:57,"Everytime I open the app it asks me to update, I've tried everything. Please fix this",3
2015-12-20 15:42:52,"This version is exactly what I have been waiting for! It's beautifully redesigned, slick, and things actually work the way they should. The feed in the beginning is a nice feature. My only concern is that only the first flight shows up after checking in for connecting flights. Another thing that bugged me was that the electronic boarding pass are hidden 2 levels  under 'Your flights' in the main menu. I eventually found it, but it seemed a little bit inconvenient and unintuitive. Overall, great improvement.",4
2015-12-20 02:38:52,Great long overdue app. However I had to manually delete the old version after installing the new one on my galaxy s6. Why doesn't it automatically remove the old version?,4
2015-12-19 22:26:01,When I tried downloading on my Samsung tablet I got a message that this app is only for phones,1
2015-12-19 22:10:41,Now is good,5
2015-12-19 19:42:58,I was able to download the app on my phone but when I tried to download it on my Samsung tablet it gave a message that the device is not supported,1
2015-12-19 09:46:50,"Some little bugs to take care but its a nice app. Check the problem with the length of the flight, presently is not considering the time zone so a YUL to LAX flight becomes a 3 hours flight instead of 6 hours as an example",4
2015-12-18 16:54:36,"Haha nice sleek app, check in and got my boarding pass no issues",5
2015-12-18 16:28:54,"App was nearly useless before, now it has some actual value!",4
2015-12-18 12:51:15,At first I ran into errors for a few hours (maybe app maintenance) but tried the next day and worked fine.  Although I wish AC didn't charge for selecting your seat in advance like most other international airlines,5
2015-12-18 12:13:59,"When initially introduced on December 15, the new Air Canada app worked with my Samsung Galaxy Note 4, but not my Galaxy Tab S tablet.  As of this morning's update, the new Air Canada app is working just fine on my tablet, including the Rouge player, which will be used on my flight back home tomorrow on an Air Canada Rouge flight. I may have given it a 5, except that the app is very large at 90 megs and does not allow putting part on an SD card.  Kudos to AC people who go back to me within hours of my initial concern re tablet support and provided an interim solution regarding Rouge player.",4
2015-12-18 11:49:13,"This is so over due, but you did a fine job AC its all there at my fingertips. I just was ish you had done it several years ago.",5
2015-12-18 06:20:58,"And endlessly spinning red circles. It has lots of those as well. I guess I'll stay with the old, still frustrating app.",1
2015-12-17 21:46:20,"..and Air Canada delivered! The old app was total junk and this new version is an improvement in every way. Nicely organized UI and the design is nice (but not quite Material design), best of all it's quick and responsive. Tons of new features added finally bringing the Air Canada app into 2015. Only complaint is that this app still targets Lollipop and the crazy number of permissions.",5
2015-12-17 20:39:08,All of my kids flights I was tracking have been lost. Have to re-enter all the information. Doesn't  work well on Samsung s6,1
2015-12-17 13:46:49,Finally a great app that does what it needs to do!,5
2015-12-17 12:41:10,Better then ever what a great app nice job AC.,5
2015-12-17 07:45:30,Super functional & easy to navigate. Major time-saver for frequent travelers. Great job AirCanada!,5
2015-12-16 19:58:18,Great,5
2015-12-16 17:14:35,Simply wonderful,5
2015-12-16 16:09:49,Excellent!,5
2015-12-16 13:50:35,Quality app with outstanding GUI and features. This is what I was waiting for. Much better than the old app. Keep up the good work!,5
2015-12-16 10:40:33,Great lines got great apps.,5
2015-12-16 10:07:11,So easy to swipe around. Nice app.,5
2015-12-16 09:35:16,Sooo much better than the old app!,4
2015-12-16 08:06:06,Big improvement with the previous app.great work.,5
2015-12-16 03:17:28,I can get get it downloaded to my galaxy s6 so it is useless to me,1
2015-12-16 00:53:46,Well done AC!!! I love all the new features. It feels good :),5
2015-12-16 00:28:53,Fantastic User Experience,5
2015-12-15 22:38:28,The app is excellent! Big improvement from the old app. Still playing with it but so far so good,5
2015-12-15 22:11:51,Whoever is working on this new app needs a raise.,5
2015-12-15 21:31:40,I can't sign in using my AP/Distinction number. I should be able to use the same login info as on their website. This is stupid. (100k),3
2015-12-15 20:09:31,This is so much better than the old app! I can't wait to buy my first flight on this!,5
2015-12-15 18:51:08,"Still playing with it, but looks about 10,000 times better than the old app!",5
2015-12-15 16:26:39,"For example, cards or panes don't scroll automatically, which makes me wonder if things are working or not. There's useless visual complexity everywhere, which could have been solved by using standard widgets and following Google guidelines.",4
2015-12-15 13:37:07,Very clean and user friendly interface,5
2015-12-15 13:19:21,Amazing!!,5
